grid,probeobs,prob,dv,params
8,5,0.0,initial_awareness,"AStarPars(alpha_d=0.0, alpha_h=-0.2105263157894736, decay=0.5455594781168519, noise_floor=0.0, debug=False)"
8,4,0.0,initial_awareness,"AStarPars(alpha_d=0.0, alpha_h=-0.2105263157894736, decay=0.5455594781168519, noise_floor=0.0, debug=False)"
8,0,0.0,initial_awareness,"AStarPars(alpha_d=0.0, alpha_h=-0.2105263157894736, decay=0.5455594781168519, noise_floor=0.0, debug=False)"
8,1,0.3045675043917968,initial_awareness,"AStarPars(alpha_d=0.0, alpha_h=-0.2105263157894736, decay=0.5455594781168519, noise_floor=0.0, debug=False)"
8,2,0.2926749026544705,initial_awareness,"AStarPars(alpha_d=0.0, alpha_h=-0.2105263157894736, decay=0.5455594781168519, noise_floor=0.0, debug=False)"
8,3,0.3353751992770176,initial_awareness,"AStarPars(alpha_d=0.0, alpha_h=-0.2105263157894736, decay=0.5455594781168519, noise_floor=0.0, debug=False)"
8,6,0.8029208227760437,initial_awareness,"AStarPars(alpha_d=0.0, alpha_h=-0.2105263157894736, decay=0.5455594781168519, noise_floor=0.0, debug=False)"
3,1,0.21072040760476274,initial_awareness,"AStarPars(alpha_d=0.0, alpha_h=-0.2105263157894736, decay=0.5455594781168519, noise_floor=0.0, debug=False)"
3,0,0.32564651473311407,initial_awareness,"AStarPars(alpha_d=0.0, alpha_h=-0.2105263157894736, decay=0.5455594781168519, noise_floor=0.0, debug=False)"
3,4,0.5774524594415457,initial_awareness,"AStarPars(alpha_d=0.0, alpha_h=-0.2105263157894736, decay=0.5455594781168519, noise_floor=0.0, debug=False)"
3,2,0.30582795607653374,initial_awareness,"AStarPars(alpha_d=0.0, alpha_h=-0.2105263157894736, decay=0.5455594781168519, noise_floor=0.0, debug=False)"
3,3,0.6488662918725029,initial_awareness,"AStarPars(alpha_d=0.0, alpha_h=-0.2105263157894736, decay=0.5455594781168519, noise_floor=0.0, debug=False)"
3,6,0.21395338299702849,initial_awareness,"AStarPars(alpha_d=0.0, alpha_h=-0.2105263157894736, decay=0.5455594781168519, noise_floor=0.0, debug=False)"
3,5,0.49422444895915335,initial_awareness,"AStarPars(alpha_d=0.0, alpha_h=-0.2105263157894736, decay=0.5455594781168519, noise_floor=0.0, debug=False)"
4,6,0.291838753423384,initial_awareness,"AStarPars(alpha_d=0.0, alpha_h=-0.2105263157894736, decay=0.5455594781168519, noise_floor=0.0, debug=False)"
4,4,0.6038390029428984,initial_awareness,"AStarPars(alpha_d=0.0, alpha_h=-0.2105263157894736, decay=0.5455594781168519, noise_floor=0.0, debug=False)"
4,5,0.6081667721058159,initial_awareness,"AStarPars(alpha_d=0.0, alpha_h=-0.2105263157894736, decay=0.5455594781168519, noise_floor=0.0, debug=False)"
4,0,0.5007733328306494,initial_awareness,"AStarPars(alpha_d=0.0, alpha_h=-0.2105263157894736, decay=0.5455594781168519, noise_floor=0.0, debug=False)"
4,2,0.47788690326353883,initial_awareness,"AStarPars(alpha_d=0.0, alpha_h=-0.2105263157894736, decay=0.5455594781168519, noise_floor=0.0, debug=False)"
4,3,0.3749117389482842,initial_awareness,"AStarPars(alpha_d=0.0, alpha_h=-0.2105263157894736, decay=0.5455594781168519, noise_floor=0.0, debug=False)"
4,1,0.394057704351095,initial_awareness,"AStarPars(alpha_d=0.0, alpha_h=-0.2105263157894736, decay=0.5455594781168519, noise_floor=0.0, debug=False)"
5,6,0.13906010284362458,initial_awareness,"AStarPars(alpha_d=0.0, alpha_h=-0.2105263157894736, decay=0.5455594781168519, noise_floor=0.0, debug=False)"
5,0,0.4584033143512236,initial_awareness,"AStarPars(alpha_d=0.0, alpha_h=-0.2105263157894736, decay=0.5455594781168519, noise_floor=0.0, debug=False)"
5,5,0.8655776437669944,initial_awareness,"AStarPars(alpha_d=0.0, alpha_h=-0.2105263157894736, decay=0.5455594781168519, noise_floor=0.0, debug=False)"
5,1,0.27879300237043075,initial_awareness,"AStarPars(alpha_d=0.0, alpha_h=-0.2105263157894736, decay=0.5455594781168519, noise_floor=0.0, debug=False)"
5,2,0.35808725000019964,initial_awareness,"AStarPars(alpha_d=0.0, alpha_h=-0.2105263157894736, decay=0.5455594781168519, noise_floor=0.0, debug=False)"
5,4,0.4044580488059474,initial_awareness,"AStarPars(alpha_d=0.0, alpha_h=-0.2105263157894736, decay=0.5455594781168519, noise_floor=0.0, debug=False)"
5,3,0.529795852421728,initial_awareness,"AStarPars(alpha_d=0.0, alpha_h=-0.2105263157894736, decay=0.5455594781168519, noise_floor=0.0, debug=False)"
1,6,0.08990187667468304,initial_awareness,"AStarPars(alpha_d=0.0, alpha_h=-0.2105263157894736, decay=0.5455594781168519, noise_floor=0.0, debug=False)"
1,4,0.15870178610154345,initial_awareness,"AStarPars(alpha_d=0.0, alpha_h=-0.2105263157894736, decay=0.5455594781168519, noise_floor=0.0, debug=False)"
1,2,0.2262488163233702,initial_awareness,"AStarPars(alpha_d=0.0, alpha_h=-0.2105263157894736, decay=0.5455594781168519, noise_floor=0.0, debug=False)"
1,3,0.41525847620871115,initial_awareness,"AStarPars(alpha_d=0.0, alpha_h=-0.2105263157894736, decay=0.5455594781168519, noise_floor=0.0, debug=False)"
1,5,0.19128885463101958,initial_awareness,"AStarPars(alpha_d=0.0, alpha_h=-0.2105263157894736, decay=0.5455594781168519, noise_floor=0.0, debug=False)"
1,1,0.4060094184640693,initial_awareness,"AStarPars(alpha_d=0.0, alpha_h=-0.2105263157894736, decay=0.5455594781168519, noise_floor=0.0, debug=False)"
1,0,0.5248477926579959,initial_awareness,"AStarPars(alpha_d=0.0, alpha_h=-0.2105263157894736, decay=0.5455594781168519, noise_floor=0.0, debug=False)"
10,0,0.5527308379164311,initial_awareness,"AStarPars(alpha_d=0.0, alpha_h=-0.2105263157894736, decay=0.5455594781168519, noise_floor=0.0, debug=False)"
10,6,0.2722837521958984,initial_awareness,"AStarPars(alpha_d=0.0, alpha_h=-0.2105263157894736, decay=0.5455594781168519, noise_floor=0.0, debug=False)"
10,5,0.3512888951727955,initial_awareness,"AStarPars(alpha_d=0.0, alpha_h=-0.2105263157894736, decay=0.5455594781168519, noise_floor=0.0, debug=False)"
10,1,0.48500601810224897,initial_awareness,"AStarPars(alpha_d=0.0, alpha_h=-0.2105263157894736, decay=0.5455594781168519, noise_floor=0.0, debug=False)"
10,2,0.27272385026842383,initial_awareness,"AStarPars(alpha_d=0.0, alpha_h=-0.2105263157894736, decay=0.5455594781168519, noise_floor=0.0, debug=False)"
10,3,0.2894787148277293,initial_awareness,"AStarPars(alpha_d=0.0, alpha_h=-0.2105263157894736, decay=0.5455594781168519, noise_floor=0.0, debug=False)"
10,4,0.34376437458369563,initial_awareness,"AStarPars(alpha_d=0.0, alpha_h=-0.2105263157894736, decay=0.5455594781168519, noise_floor=0.0, debug=False)"
2,4,0.8606282660038785,initial_awareness,"AStarPars(alpha_d=0.0, alpha_h=-0.2105263157894736, decay=0.5455594781168519, noise_floor=0.0, debug=False)"
2,3,0.4769934251762059,initial_awareness,"AStarPars(alpha_d=0.0, alpha_h=-0.2105263157894736, decay=0.5455594781168519, noise_floor=0.0, debug=False)"
2,5,0.05132038387756621,initial_awareness,"AStarPars(alpha_d=0.0, alpha_h=-0.2105263157894736, decay=0.5455594781168519, noise_floor=0.0, debug=False)"
2,0,0.5015556788457599,initial_awareness,"AStarPars(alpha_d=0.0, alpha_h=-0.2105263157894736, decay=0.5455594781168519, noise_floor=0.0, debug=False)"
2,1,0.31515296616958016,initial_awareness,"AStarPars(alpha_d=0.0, alpha_h=-0.2105263157894736, decay=0.5455594781168519, noise_floor=0.0, debug=False)"
2,2,0.5357934182529845,initial_awareness,"AStarPars(alpha_d=0.0, alpha_h=-0.2105263157894736, decay=0.5455594781168519, noise_floor=0.0, debug=False)"
2,6,0.22064502807675276,initial_awareness,"AStarPars(alpha_d=0.0, alpha_h=-0.2105263157894736, decay=0.5455594781168519, noise_floor=0.0, debug=False)"
11,4,0.6951153680386272,initial_awareness,"AStarPars(alpha_d=0.0, alpha_h=-0.2105263157894736, decay=0.5455594781168519, noise_floor=0.0, debug=False)"
11,6,0.43,initial_awareness,"AStarPars(alpha_d=0.0, alpha_h=-0.2105263157894736, decay=0.5455594781168519, noise_floor=0.0, debug=False)"
11,3,0.5861641475859395,initial_awareness,"AStarPars(alpha_d=0.0, alpha_h=-0.2105263157894736, decay=0.5455594781168519, noise_floor=0.0, debug=False)"
11,2,0.006851256587695209,initial_awareness,"AStarPars(alpha_d=0.0, alpha_h=-0.2105263157894736, decay=0.5455594781168519, noise_floor=0.0, debug=False)"
11,0,0.4264273464846317,initial_awareness,"AStarPars(alpha_d=0.0, alpha_h=-0.2105263157894736, decay=0.5455594781168519, noise_floor=0.0, debug=False)"
11,1,0.41648396606697247,initial_awareness,"AStarPars(alpha_d=0.0, alpha_h=-0.2105263157894736, decay=0.5455594781168519, noise_floor=0.0, debug=False)"
11,5,0.0,initial_awareness,"AStarPars(alpha_d=0.0, alpha_h=-0.2105263157894736, decay=0.5455594781168519, noise_floor=0.0, debug=False)"
7,4,0.022283752195898402,initial_awareness,"AStarPars(alpha_d=0.0, alpha_h=-0.2105263157894736, decay=0.5455594781168519, noise_floor=0.0, debug=False)"
7,5,0.0,initial_awareness,"AStarPars(alpha_d=0.0, alpha_h=-0.2105263157894736, decay=0.5455594781168519, noise_floor=0.0, debug=False)"
7,1,0.0,initial_awareness,"AStarPars(alpha_d=0.0, alpha_h=-0.2105263157894736, decay=0.5455594781168519, noise_floor=0.0, debug=False)"
7,6,0.8289953825366186,initial_awareness,"AStarPars(alpha_d=0.0, alpha_h=-0.2105263157894736, decay=0.5455594781168519, noise_floor=0.0, debug=False)"
7,0,0.4026597431439389,initial_awareness,"AStarPars(alpha_d=0.0, alpha_h=-0.2105263157894736, decay=0.5455594781168519, noise_floor=0.0, debug=False)"
7,2,0.6063634814880655,initial_awareness,"AStarPars(alpha_d=0.0, alpha_h=-0.2105263157894736, decay=0.5455594781168519, noise_floor=0.0, debug=False)"
7,3,0.18374187597005873,initial_awareness,"AStarPars(alpha_d=0.0, alpha_h=-0.2105263157894736, decay=0.5455594781168519, noise_floor=0.0, debug=False)"
0,3,0.14293216429502617,initial_awareness,"AStarPars(alpha_d=0.0, alpha_h=-0.2105263157894736, decay=0.5455594781168519, noise_floor=0.0, debug=False)"
0,0,0.41252196992761636,initial_awareness,"AStarPars(alpha_d=0.0, alpha_h=-0.2105263157894736, decay=0.5455594781168519, noise_floor=0.0, debug=False)"
0,4,0.8612560288306258,initial_awareness,"AStarPars(alpha_d=0.0, alpha_h=-0.2105263157894736, decay=0.5455594781168519, noise_floor=0.0, debug=False)"
0,6,0.04061833475075216,initial_awareness,"AStarPars(alpha_d=0.0, alpha_h=-0.2105263157894736, decay=0.5455594781168519, noise_floor=0.0, debug=False)"
0,1,0.3728786907649585,initial_awareness,"AStarPars(alpha_d=0.0, alpha_h=-0.2105263157894736, decay=0.5455594781168519, noise_floor=0.0, debug=False)"
0,2,0.3686227905531371,initial_awareness,"AStarPars(alpha_d=0.0, alpha_h=-0.2105263157894736, decay=0.5455594781168519, noise_floor=0.0, debug=False)"
0,5,0.45695060660261155,initial_awareness,"AStarPars(alpha_d=0.0, alpha_h=-0.2105263157894736, decay=0.5455594781168519, noise_floor=0.0, debug=False)"
6,2,0.0,initial_awareness,"AStarPars(alpha_d=0.0, alpha_h=-0.2105263157894736, decay=0.5455594781168519, noise_floor=0.0, debug=False)"
6,5,0.23092294960514276,initial_awareness,"AStarPars(alpha_d=0.0, alpha_h=-0.2105263157894736, decay=0.5455594781168519, noise_floor=0.0, debug=False)"
6,6,0.447447631848587,initial_awareness,"AStarPars(alpha_d=0.0, alpha_h=-0.2105263157894736, decay=0.5455594781168519, noise_floor=0.0, debug=False)"
6,0,0.4641647955611437,initial_awareness,"AStarPars(alpha_d=0.0, alpha_h=-0.2105263157894736, decay=0.5455594781168519, noise_floor=0.0, debug=False)"
6,4,0.3796465754733467,initial_awareness,"AStarPars(alpha_d=0.0, alpha_h=-0.2105263157894736, decay=0.5455594781168519, noise_floor=0.0, debug=False)"
6,1,0.4427442868005368,initial_awareness,"AStarPars(alpha_d=0.0, alpha_h=-0.2105263157894736, decay=0.5455594781168519, noise_floor=0.0, debug=False)"
6,3,0.3647777857435552,initial_awareness,"AStarPars(alpha_d=0.0, alpha_h=-0.2105263157894736, decay=0.5455594781168519, noise_floor=0.0, debug=False)"
9,3,0.8467339145721089,initial_awareness,"AStarPars(alpha_d=0.0, alpha_h=-0.2105263157894736, decay=0.5455594781168519, noise_floor=0.0, debug=False)"
9,4,0.3637552501597594,initial_awareness,"AStarPars(alpha_d=0.0, alpha_h=-0.2105263157894736, decay=0.5455594781168519, noise_floor=0.0, debug=False)"
9,2,0.4643321393371296,initial_awareness,"AStarPars(alpha_d=0.0, alpha_h=-0.2105263157894736, decay=0.5455594781168519, noise_floor=0.0, debug=False)"
9,5,0.3451317732938376,initial_awareness,"AStarPars(alpha_d=0.0, alpha_h=-0.2105263157894736, decay=0.5455594781168519, noise_floor=0.0, debug=False)"
9,0,0.35705719193003704,initial_awareness,"AStarPars(alpha_d=0.0, alpha_h=-0.2105263157894736, decay=0.5455594781168519, noise_floor=0.0, debug=False)"
9,6,0.35979583461930653,initial_awareness,"AStarPars(alpha_d=0.0, alpha_h=-0.2105263157894736, decay=0.5455594781168519, noise_floor=0.0, debug=False)"
9,1,0.3394171255730786,initial_awareness,"AStarPars(alpha_d=0.0, alpha_h=-0.2105263157894736, decay=0.5455594781168519, noise_floor=0.0, debug=False)"
4,6,0.36796363539421806,upfront_awareness,"AStarPars(alpha_d=0.2105263157894736, alpha_h=-0.4736842105263158, decay=0.7659678234751834, noise_floor=0.0, debug=False)"
4,4,0.6166466572581382,upfront_awareness,"AStarPars(alpha_d=0.2105263157894736, alpha_h=-0.4736842105263158, decay=0.7659678234751834, noise_floor=0.0, debug=False)"
4,5,0.5355068093164891,upfront_awareness,"AStarPars(alpha_d=0.2105263157894736, alpha_h=-0.4736842105263158, decay=0.7659678234751834, noise_floor=0.0, debug=False)"
4,0,0.4085526487371021,upfront_awareness,"AStarPars(alpha_d=0.2105263157894736, alpha_h=-0.4736842105263158, decay=0.7659678234751834, noise_floor=0.0, debug=False)"
4,2,0.3493793750946663,upfront_awareness,"AStarPars(alpha_d=0.2105263157894736, alpha_h=-0.4736842105263158, decay=0.7659678234751834, noise_floor=0.0, debug=False)"
4,3,0.28552381934805243,upfront_awareness,"AStarPars(alpha_d=0.2105263157894736, alpha_h=-0.4736842105263158, decay=0.7659678234751834, noise_floor=0.0, debug=False)"
4,1,0.22338653292819738,upfront_awareness,"AStarPars(alpha_d=0.2105263157894736, alpha_h=-0.4736842105263158, decay=0.7659678234751834, noise_floor=0.0, debug=False)"
5,6,0.05537783237445581,upfront_awareness,"AStarPars(alpha_d=0.2105263157894736, alpha_h=-0.4736842105263158, decay=0.7659678234751834, noise_floor=0.0, debug=False)"
5,0,0.35576680167388014,upfront_awareness,"AStarPars(alpha_d=0.2105263157894736, alpha_h=-0.4736842105263158, decay=0.7659678234751834, noise_floor=0.0, debug=False)"
5,5,0.8564276268581602,upfront_awareness,"AStarPars(alpha_d=0.2105263157894736, alpha_h=-0.4736842105263158, decay=0.7659678234751834, noise_floor=0.0, debug=False)"
5,1,0.09195920229817961,upfront_awareness,"AStarPars(alpha_d=0.2105263157894736, alpha_h=-0.4736842105263158, decay=0.7659678234751834, noise_floor=0.0, debug=False)"
5,2,0.16486794767237523,upfront_awareness,"AStarPars(alpha_d=0.2105263157894736, alpha_h=-0.4736842105263158, decay=0.7659678234751834, noise_floor=0.0, debug=False)"
5,4,0.34432156558141136,upfront_awareness,"AStarPars(alpha_d=0.2105263157894736, alpha_h=-0.4736842105263158, decay=0.7659678234751834, noise_floor=0.0, debug=False)"
5,3,0.4772715307423268,upfront_awareness,"AStarPars(alpha_d=0.2105263157894736, alpha_h=-0.4736842105263158, decay=0.7659678234751834, noise_floor=0.0, debug=False)"
11,4,0.6365696575885184,upfront_awareness,"AStarPars(alpha_d=0.2105263157894736, alpha_h=-0.4736842105263158, decay=0.7659678234751834, noise_floor=0.0, debug=False)"
11,6,0.5,upfront_awareness,"AStarPars(alpha_d=0.2105263157894736, alpha_h=-0.4736842105263158, decay=0.7659678234751834, noise_floor=0.0, debug=False)"
11,3,0.5809139325430145,upfront_awareness,"AStarPars(alpha_d=0.2105263157894736, alpha_h=-0.4736842105263158, decay=0.7659678234751834, noise_floor=0.0, debug=False)"
11,2,0.0,upfront_awareness,"AStarPars(alpha_d=0.2105263157894736, alpha_h=-0.4736842105263158, decay=0.7659678234751834, noise_floor=0.0, debug=False)"
11,0,0.22356271249086698,upfront_awareness,"AStarPars(alpha_d=0.2105263157894736, alpha_h=-0.4736842105263158, decay=0.7659678234751834, noise_floor=0.0, debug=False)"
11,1,0.20318275946740708,upfront_awareness,"AStarPars(alpha_d=0.2105263157894736, alpha_h=-0.4736842105263158, decay=0.7659678234751834, noise_floor=0.0, debug=False)"
11,5,0.0,upfront_awareness,"AStarPars(alpha_d=0.2105263157894736, alpha_h=-0.4736842105263158, decay=0.7659678234751834, noise_floor=0.0, debug=False)"
2,4,0.8856615570051514,upfront_awareness,"AStarPars(alpha_d=0.2105263157894736, alpha_h=-0.4736842105263158, decay=0.7659678234751834, noise_floor=0.0, debug=False)"
2,3,0.3764416589938388,upfront_awareness,"AStarPars(alpha_d=0.2105263157894736, alpha_h=-0.4736842105263158, decay=0.7659678234751834, noise_floor=0.0, debug=False)"
2,5,0.01992016854900656,upfront_awareness,"AStarPars(alpha_d=0.2105263157894736, alpha_h=-0.4736842105263158, decay=0.7659678234751834, noise_floor=0.0, debug=False)"
2,0,0.4695015211647297,upfront_awareness,"AStarPars(alpha_d=0.2105263157894736, alpha_h=-0.4736842105263158, decay=0.7659678234751834, noise_floor=0.0, debug=False)"
2,1,0.23583971778158877,upfront_awareness,"AStarPars(alpha_d=0.2105263157894736, alpha_h=-0.4736842105263158, decay=0.7659678234751834, noise_floor=0.0, debug=False)"
2,2,0.42398429843890195,upfront_awareness,"AStarPars(alpha_d=0.2105263157894736, alpha_h=-0.4736842105263158, decay=0.7659678234751834, noise_floor=0.0, debug=False)"
2,6,0.14860785785748912,upfront_awareness,"AStarPars(alpha_d=0.2105263157894736, alpha_h=-0.4736842105263158, decay=0.7659678234751834, noise_floor=0.0, debug=False)"
7,4,0.01,upfront_awareness,"AStarPars(alpha_d=0.2105263157894736, alpha_h=-0.4736842105263158, decay=0.7659678234751834, noise_floor=0.0, debug=False)"
7,5,0.0,upfront_awareness,"AStarPars(alpha_d=0.2105263157894736, alpha_h=-0.4736842105263158, decay=0.7659678234751834, noise_floor=0.0, debug=False)"
7,1,0.0,upfront_awareness,"AStarPars(alpha_d=0.2105263157894736, alpha_h=-0.4736842105263158, decay=0.7659678234751834, noise_floor=0.0, debug=False)"
7,6,0.8358805874051299,upfront_awareness,"AStarPars(alpha_d=0.2105263157894736, alpha_h=-0.4736842105263158, decay=0.7659678234751834, noise_floor=0.0, debug=False)"
7,0,0.27796473402505784,upfront_awareness,"AStarPars(alpha_d=0.2105263157894736, alpha_h=-0.4736842105263158, decay=0.7659678234751834, noise_floor=0.0, debug=False)"
7,2,0.575702105768826,upfront_awareness,"AStarPars(alpha_d=0.2105263157894736, alpha_h=-0.4736842105263158, decay=0.7659678234751834, noise_floor=0.0, debug=False)"
7,3,0.07505548531989038,upfront_awareness,"AStarPars(alpha_d=0.2105263157894736, alpha_h=-0.4736842105263158, decay=0.7659678234751834, noise_floor=0.0, debug=False)"
0,3,0.025113527272919992,upfront_awareness,"AStarPars(alpha_d=0.2105263157894736, alpha_h=-0.4736842105263158, decay=0.7659678234751834, noise_floor=0.0, debug=False)"
0,0,0.32178365475361964,upfront_awareness,"AStarPars(alpha_d=0.2105263157894736, alpha_h=-0.4736842105263158, decay=0.7659678234751834, noise_floor=0.0, debug=False)"
0,4,0.8303480184615801,upfront_awareness,"AStarPars(alpha_d=0.2105263157894736, alpha_h=-0.4736842105263158, decay=0.7659678234751834, noise_floor=0.0, debug=False)"
0,6,0.009228970100876678,upfront_awareness,"AStarPars(alpha_d=0.2105263157894736, alpha_h=-0.4736842105263158, decay=0.7659678234751834, noise_floor=0.0, debug=False)"
0,1,0.19015805535024655,upfront_awareness,"AStarPars(alpha_d=0.2105263157894736, alpha_h=-0.4736842105263158, decay=0.7659678234751834, noise_floor=0.0, debug=False)"
0,2,0.28484040403496247,upfront_awareness,"AStarPars(alpha_d=0.2105263157894736, alpha_h=-0.4736842105263158, decay=0.7659678234751834, noise_floor=0.0, debug=False)"
0,5,0.4129424180715274,upfront_awareness,"AStarPars(alpha_d=0.2105263157894736, alpha_h=-0.4736842105263158, decay=0.7659678234751834, noise_floor=0.0, debug=False)"
3,1,0.13654993569414028,upfront_awareness,"AStarPars(alpha_d=0.2105263157894736, alpha_h=-0.4736842105263158, decay=0.7659678234751834, noise_floor=0.0, debug=False)"
3,0,0.22417281889536914,upfront_awareness,"AStarPars(alpha_d=0.2105263157894736, alpha_h=-0.4736842105263158, decay=0.7659678234751834, noise_floor=0.0, debug=False)"
3,4,0.5999106444207433,upfront_awareness,"AStarPars(alpha_d=0.2105263157894736, alpha_h=-0.4736842105263158, decay=0.7659678234751834, noise_floor=0.0, debug=False)"
3,2,0.1682275052948583,upfront_awareness,"AStarPars(alpha_d=0.2105263157894736, alpha_h=-0.4736842105263158, decay=0.7659678234751834, noise_floor=0.0, debug=False)"
3,3,0.6281885325735989,upfront_awareness,"AStarPars(alpha_d=0.2105263157894736, alpha_h=-0.4736842105263158, decay=0.7659678234751834, noise_floor=0.0, debug=False)"
3,6,0.1170855041303112,upfront_awareness,"AStarPars(alpha_d=0.2105263157894736, alpha_h=-0.4736842105263158, decay=0.7659678234751834, noise_floor=0.0, debug=False)"
3,5,0.4417076204146184,upfront_awareness,"AStarPars(alpha_d=0.2105263157894736, alpha_h=-0.4736842105263158, decay=0.7659678234751834, noise_floor=0.0, debug=False)"
1,6,0.0,upfront_awareness,"AStarPars(alpha_d=0.2105263157894736, alpha_h=-0.4736842105263158, decay=0.7659678234751834, noise_floor=0.0, debug=False)"
1,4,0.0033333333333333335,upfront_awareness,"AStarPars(alpha_d=0.2105263157894736, alpha_h=-0.4736842105263158, decay=0.7659678234751834, noise_floor=0.0, debug=False)"
1,2,0.0033333333333333335,upfront_awareness,"AStarPars(alpha_d=0.2105263157894736, alpha_h=-0.4736842105263158, decay=0.7659678234751834, noise_floor=0.0, debug=False)"
1,3,0.5392139207384632,upfront_awareness,"AStarPars(alpha_d=0.2105263157894736, alpha_h=-0.4736842105263158, decay=0.7659678234751834, noise_floor=0.0, debug=False)"
1,5,0.0,upfront_awareness,"AStarPars(alpha_d=0.2105263157894736, alpha_h=-0.4736842105263158, decay=0.7659678234751834, noise_floor=0.0, debug=False)"
1,1,0.6058943021053903,upfront_awareness,"AStarPars(alpha_d=0.2105263157894736, alpha_h=-0.4736842105263158, decay=0.7659678234751834, noise_floor=0.0, debug=False)"
1,0,0.37251500874595533,upfront_awareness,"AStarPars(alpha_d=0.2105263157894736, alpha_h=-0.4736842105263158, decay=0.7659678234751834, noise_floor=0.0, debug=False)"
6,2,0.0,upfront_awareness,"AStarPars(alpha_d=0.2105263157894736, alpha_h=-0.4736842105263158, decay=0.7659678234751834, noise_floor=0.0, debug=False)"
6,5,0.2476417622153895,upfront_awareness,"AStarPars(alpha_d=0.2105263157894736, alpha_h=-0.4736842105263158, decay=0.7659678234751834, noise_floor=0.0, debug=False)"
6,6,0.4866666666666667,upfront_awareness,"AStarPars(alpha_d=0.2105263157894736, alpha_h=-0.4736842105263158, decay=0.7659678234751834, noise_floor=0.0, debug=False)"
6,0,0.4630537140118193,upfront_awareness,"AStarPars(alpha_d=0.2105263157894736, alpha_h=-0.4736842105263158, decay=0.7659678234751834, noise_floor=0.0, debug=False)"
6,4,0.2761514533692747,upfront_awareness,"AStarPars(alpha_d=0.2105263157894736, alpha_h=-0.4736842105263158, decay=0.7659678234751834, noise_floor=0.0, debug=False)"
6,1,0.23274781414016527,upfront_awareness,"AStarPars(alpha_d=0.2105263157894736, alpha_h=-0.4736842105263158, decay=0.7659678234751834, noise_floor=0.0, debug=False)"
6,3,0.4062175182317269,upfront_awareness,"AStarPars(alpha_d=0.2105263157894736, alpha_h=-0.4736842105263158, decay=0.7659678234751834, noise_floor=0.0, debug=False)"
8,5,0.0,upfront_awareness,"AStarPars(alpha_d=0.2105263157894736, alpha_h=-0.4736842105263158, decay=0.7659678234751834, noise_floor=0.0, debug=False)"
8,4,0.0,upfront_awareness,"AStarPars(alpha_d=0.2105263157894736, alpha_h=-0.4736842105263158, decay=0.7659678234751834, noise_floor=0.0, debug=False)"
8,0,0.0,upfront_awareness,"AStarPars(alpha_d=0.2105263157894736, alpha_h=-0.4736842105263158, decay=0.7659678234751834, noise_floor=0.0, debug=False)"
8,1,0.23333333333333334,upfront_awareness,"AStarPars(alpha_d=0.2105263157894736, alpha_h=-0.4736842105263158, decay=0.7659678234751834, noise_floor=0.0, debug=False)"
8,2,0.17631396204898164,upfront_awareness,"AStarPars(alpha_d=0.2105263157894736, alpha_h=-0.4736842105263158, decay=0.7659678234751834, noise_floor=0.0, debug=False)"
8,3,0.26362811155769095,upfront_awareness,"AStarPars(alpha_d=0.2105263157894736, alpha_h=-0.4736842105263158, decay=0.7659678234751834, noise_floor=0.0, debug=False)"
8,6,0.8446664520479,upfront_awareness,"AStarPars(alpha_d=0.2105263157894736, alpha_h=-0.4736842105263158, decay=0.7659678234751834, noise_floor=0.0, debug=False)"
9,3,0.8828575490276023,upfront_awareness,"AStarPars(alpha_d=0.2105263157894736, alpha_h=-0.4736842105263158, decay=0.7659678234751834, noise_floor=0.0, debug=False)"
9,4,0.28850366777773984,upfront_awareness,"AStarPars(alpha_d=0.2105263157894736, alpha_h=-0.4736842105263158, decay=0.7659678234751834, noise_floor=0.0, debug=False)"
9,2,0.42751380747749723,upfront_awareness,"AStarPars(alpha_d=0.2105263157894736, alpha_h=-0.4736842105263158, decay=0.7659678234751834, noise_floor=0.0, debug=False)"
9,5,0.2588825121673319,upfront_awareness,"AStarPars(alpha_d=0.2105263157894736, alpha_h=-0.4736842105263158, decay=0.7659678234751834, noise_floor=0.0, debug=False)"
9,0,0.2035295032618962,upfront_awareness,"AStarPars(alpha_d=0.2105263157894736, alpha_h=-0.4736842105263158, decay=0.7659678234751834, noise_floor=0.0, debug=False)"
9,6,0.24138038796527628,upfront_awareness,"AStarPars(alpha_d=0.2105263157894736, alpha_h=-0.4736842105263158, decay=0.7659678234751834, noise_floor=0.0, debug=False)"
9,1,0.2134626643300713,upfront_awareness,"AStarPars(alpha_d=0.2105263157894736, alpha_h=-0.4736842105263158, decay=0.7659678234751834, noise_floor=0.0, debug=False)"
10,0,0.6233268146145644,upfront_awareness,"AStarPars(alpha_d=0.2105263157894736, alpha_h=-0.4736842105263158, decay=0.7659678234751834, noise_floor=0.0, debug=False)"
10,6,0.28,upfront_awareness,"AStarPars(alpha_d=0.2105263157894736, alpha_h=-0.4736842105263158, decay=0.7659678234751834, noise_floor=0.0, debug=False)"
10,5,0.3468356735453239,upfront_awareness,"AStarPars(alpha_d=0.2105263157894736, alpha_h=-0.4736842105263158, decay=0.7659678234751834, noise_floor=0.0, debug=False)"
10,1,0.2845791458904871,upfront_awareness,"AStarPars(alpha_d=0.2105263157894736, alpha_h=-0.4736842105263158, decay=0.7659678234751834, noise_floor=0.0, debug=False)"
10,2,0.18659287131526828,upfront_awareness,"AStarPars(alpha_d=0.2105263157894736, alpha_h=-0.4736842105263158, decay=0.7659678234751834, noise_floor=0.0, debug=False)"
10,3,0.17012641046486643,upfront_awareness,"AStarPars(alpha_d=0.2105263157894736, alpha_h=-0.4736842105263158, decay=0.7659678234751834, noise_floor=0.0, debug=False)"
10,4,0.20418609244111194,upfront_awareness,"AStarPars(alpha_d=0.2105263157894736, alpha_h=-0.4736842105263158, decay=0.7659678234751834, noise_floor=0.0, debug=False)"
12,3,1.0,critical_memory,"AStarPars(alpha_d=0.2105263157894736, alpha_h=0.0526315789473683, decay=0.3885739518570975, noise_floor=0.0, debug=False)"
12,4,0.655455827828817,critical_memory,"AStarPars(alpha_d=0.2105263157894736, alpha_h=0.0526315789473683, decay=0.3885739518570975, noise_floor=0.0, debug=False)"
12,2,0.3858317938833766,critical_memory,"AStarPars(alpha_d=0.2105263157894736, alpha_h=0.0526315789473683, decay=0.3885739518570975, noise_floor=0.0, debug=False)"
12,1,0.0,critical_memory,"AStarPars(alpha_d=0.2105263157894736, alpha_h=0.0526315789473683, decay=0.3885739518570975, noise_floor=0.0, debug=False)"
12,0,0.3980990369597106,critical_memory,"AStarPars(alpha_d=0.2105263157894736, alpha_h=0.0526315789473683, decay=0.3885739518570975, noise_floor=0.0, debug=False)"
14,1,0.2052765850451326,critical_memory,"AStarPars(alpha_d=0.2105263157894736, alpha_h=0.0526315789473683, decay=0.3885739518570975, noise_floor=0.0, debug=False)"
14,4,0.97,critical_memory,"AStarPars(alpha_d=0.2105263157894736, alpha_h=0.0526315789473683, decay=0.3885739518570975, noise_floor=0.0, debug=False)"
14,0,0.4893904910815335,critical_memory,"AStarPars(alpha_d=0.2105263157894736, alpha_h=0.0526315789473683, decay=0.3885739518570975, noise_floor=0.0, debug=False)"
14,3,0.6695681668071022,critical_memory,"AStarPars(alpha_d=0.2105263157894736, alpha_h=0.0526315789473683, decay=0.3885739518570975, noise_floor=0.0, debug=False)"
14,2,0.20274571482351866,critical_memory,"AStarPars(alpha_d=0.2105263157894736, alpha_h=0.0526315789473683, decay=0.3885739518570975, noise_floor=0.0, debug=False)"
15,2,0.18587851335420527,critical_memory,"AStarPars(alpha_d=0.2105263157894736, alpha_h=0.0526315789473683, decay=0.3885739518570975, noise_floor=0.0, debug=False)"
15,4,0.9733333333333334,critical_memory,"AStarPars(alpha_d=0.2105263157894736, alpha_h=0.0526315789473683, decay=0.3885739518570975, noise_floor=0.0, debug=False)"
15,0,0.6373833597325484,critical_memory,"AStarPars(alpha_d=0.2105263157894736, alpha_h=0.0526315789473683, decay=0.3885739518570975, noise_floor=0.0, debug=False)"
15,3,0.6645603605225842,critical_memory,"AStarPars(alpha_d=0.2105263157894736, alpha_h=0.0526315789473683, decay=0.3885739518570975, noise_floor=0.0, debug=False)"
15,1,0.22298771058101133,critical_memory,"AStarPars(alpha_d=0.2105263157894736, alpha_h=0.0526315789473683, decay=0.3885739518570975, noise_floor=0.0, debug=False)"
13,4,0.99,critical_memory,"AStarPars(alpha_d=0.2105263157894736, alpha_h=0.0526315789473683, decay=0.3885739518570975, noise_floor=0.0, debug=False)"
13,3,0.679671904276111,critical_memory,"AStarPars(alpha_d=0.2105263157894736, alpha_h=0.0526315789473683, decay=0.3885739518570975, noise_floor=0.0, debug=False)"
13,1,0.3871960695292645,critical_memory,"AStarPars(alpha_d=0.2105263157894736, alpha_h=0.0526315789473683, decay=0.3885739518570975, noise_floor=0.0, debug=False)"
13,2,0.0,critical_memory,"AStarPars(alpha_d=0.2105263157894736, alpha_h=0.0526315789473683, decay=0.3885739518570975, noise_floor=0.0, debug=False)"
13,0,0.392881097475174,critical_memory,"AStarPars(alpha_d=0.2105263157894736, alpha_h=0.0526315789473683, decay=0.3885739518570975, noise_floor=0.0, debug=False)"
12,3,0.8663920208890833,critical_confidence,"AStarPars(alpha_d=0.0, alpha_h=-0.4736842105263158, decay=0.907600521681814, noise_floor=0.0, debug=False)"
12,4,0.3060319656657911,critical_confidence,"AStarPars(alpha_d=0.0, alpha_h=-0.4736842105263158, decay=0.907600521681814, noise_floor=0.0, debug=False)"
12,2,0.09685338327408285,critical_confidence,"AStarPars(alpha_d=0.0, alpha_h=-0.4736842105263158, decay=0.907600521681814, noise_floor=0.0, debug=False)"
12,1,0.0,critical_confidence,"AStarPars(alpha_d=0.0, alpha_h=-0.4736842105263158, decay=0.907600521681814, noise_floor=0.0, debug=False)"
12,0,0.3745379238247054,critical_confidence,"AStarPars(alpha_d=0.0, alpha_h=-0.4736842105263158, decay=0.907600521681814, noise_floor=0.0, debug=False)"
14,1,0.18945935627560392,critical_confidence,"AStarPars(alpha_d=0.0, alpha_h=-0.4736842105263158, decay=0.907600521681814, noise_floor=0.0, debug=False)"
14,4,0.8264233655815596,critical_confidence,"AStarPars(alpha_d=0.0, alpha_h=-0.4736842105263158, decay=0.907600521681814, noise_floor=0.0, debug=False)"
14,0,0.33563494001895844,critical_confidence,"AStarPars(alpha_d=0.0, alpha_h=-0.4736842105263158, decay=0.907600521681814, noise_floor=0.0, debug=False)"
14,3,0.49715033244847234,critical_confidence,"AStarPars(alpha_d=0.0, alpha_h=-0.4736842105263158, decay=0.907600521681814, noise_floor=0.0, debug=False)"
14,2,0.16593169718000575,critical_confidence,"AStarPars(alpha_d=0.0, alpha_h=-0.4736842105263158, decay=0.907600521681814, noise_floor=0.0, debug=False)"
15,2,0.18697178635232592,critical_confidence,"AStarPars(alpha_d=0.0, alpha_h=-0.4736842105263158, decay=0.907600521681814, noise_floor=0.0, debug=False)"
15,4,0.7811558249239688,critical_confidence,"AStarPars(alpha_d=0.0, alpha_h=-0.4736842105263158, decay=0.907600521681814, noise_floor=0.0, debug=False)"
15,0,0.31885948481079657,critical_confidence,"AStarPars(alpha_d=0.0, alpha_h=-0.4736842105263158, decay=0.907600521681814, noise_floor=0.0, debug=False)"
15,3,0.5237259035092253,critical_confidence,"AStarPars(alpha_d=0.0, alpha_h=-0.4736842105263158, decay=0.907600521681814, noise_floor=0.0, debug=False)"
15,1,0.24857367553714843,critical_confidence,"AStarPars(alpha_d=0.0, alpha_h=-0.4736842105263158, decay=0.907600521681814, noise_floor=0.0, debug=False)"
13,4,0.8393127081684376,critical_confidence,"AStarPars(alpha_d=0.0, alpha_h=-0.4736842105263158, decay=0.907600521681814, noise_floor=0.0, debug=False)"
13,3,0.28689090645447685,critical_confidence,"AStarPars(alpha_d=0.0, alpha_h=-0.4736842105263158, decay=0.907600521681814, noise_floor=0.0, debug=False)"
13,1,0.09397906874697007,critical_confidence,"AStarPars(alpha_d=0.0, alpha_h=-0.4736842105263158, decay=0.907600521681814, noise_floor=0.0, debug=False)"
13,2,0.0,critical_confidence,"AStarPars(alpha_d=0.0, alpha_h=-0.4736842105263158, decay=0.907600521681814, noise_floor=0.0, debug=False)"
13,0,0.36631653532329683,critical_confidence,"AStarPars(alpha_d=0.0, alpha_h=-0.4736842105263158, decay=0.907600521681814, noise_floor=0.0, debug=False)"
13,4,1.0,critical_awareness,"AStarPars(alpha_d=3.1578947368421053, alpha_h=2.9473684210526314, decay=0.460423937675878, noise_floor=0.0, debug=False)"
13,3,0.6298696423553934,critical_awareness,"AStarPars(alpha_d=3.1578947368421053, alpha_h=2.9473684210526314, decay=0.460423937675878, noise_floor=0.0, debug=False)"
13,1,0.3563785233440529,critical_awareness,"AStarPars(alpha_d=3.1578947368421053, alpha_h=2.9473684210526314, decay=0.460423937675878, noise_floor=0.0, debug=False)"
13,2,0.0,critical_awareness,"AStarPars(alpha_d=3.1578947368421053, alpha_h=2.9473684210526314, decay=0.460423937675878, noise_floor=0.0, debug=False)"
13,0,0.3374271789545311,critical_awareness,"AStarPars(alpha_d=3.1578947368421053, alpha_h=2.9473684210526314, decay=0.460423937675878, noise_floor=0.0, debug=False)"
12,3,1.0,critical_awareness,"AStarPars(alpha_d=3.1578947368421053, alpha_h=2.9473684210526314, decay=0.460423937675878, noise_floor=0.0, debug=False)"
12,4,0.603221311332665,critical_awareness,"AStarPars(alpha_d=3.1578947368421053, alpha_h=2.9473684210526314, decay=0.460423937675878, noise_floor=0.0, debug=False)"
12,2,0.31617809375140077,critical_awareness,"AStarPars(alpha_d=3.1578947368421053, alpha_h=2.9473684210526314, decay=0.460423937675878, noise_floor=0.0, debug=False)"
12,1,0.0,critical_awareness,"AStarPars(alpha_d=3.1578947368421053, alpha_h=2.9473684210526314, decay=0.460423937675878, noise_floor=0.0, debug=False)"
12,0,0.30045328356882467,critical_awareness,"AStarPars(alpha_d=3.1578947368421053, alpha_h=2.9473684210526314, decay=0.460423937675878, noise_floor=0.0, debug=False)"
14,1,0.19380604380165928,critical_awareness,"AStarPars(alpha_d=3.1578947368421053, alpha_h=2.9473684210526314, decay=0.460423937675878, noise_floor=0.0, debug=False)"
14,4,1.0,critical_awareness,"AStarPars(alpha_d=3.1578947368421053, alpha_h=2.9473684210526314, decay=0.460423937675878, noise_floor=0.0, debug=False)"
14,0,0.4725044097433378,critical_awareness,"AStarPars(alpha_d=3.1578947368421053, alpha_h=2.9473684210526314, decay=0.460423937675878, noise_floor=0.0, debug=False)"
14,3,0.6609575681211167,critical_awareness,"AStarPars(alpha_d=3.1578947368421053, alpha_h=2.9473684210526314, decay=0.460423937675878, noise_floor=0.0, debug=False)"
14,2,0.11791266329925196,critical_awareness,"AStarPars(alpha_d=3.1578947368421053, alpha_h=2.9473684210526314, decay=0.460423937675878, noise_floor=0.0, debug=False)"
15,2,0.22529952591942887,critical_awareness,"AStarPars(alpha_d=3.1578947368421053, alpha_h=2.9473684210526314, decay=0.460423937675878, noise_floor=0.0, debug=False)"
15,4,1.0,critical_awareness,"AStarPars(alpha_d=3.1578947368421053, alpha_h=2.9473684210526314, decay=0.460423937675878, noise_floor=0.0, debug=False)"
15,0,0.6396506617771791,critical_awareness,"AStarPars(alpha_d=3.1578947368421053, alpha_h=2.9473684210526314, decay=0.460423937675878, noise_floor=0.0, debug=False)"
15,3,0.6268097954724843,critical_awareness,"AStarPars(alpha_d=3.1578947368421053, alpha_h=2.9473684210526314, decay=0.460423937675878, noise_floor=0.0, debug=False)"
15,1,0.14270680151456114,critical_awareness,"AStarPars(alpha_d=3.1578947368421053, alpha_h=2.9473684210526314, decay=0.460423937675878, noise_floor=0.0, debug=False)"
3,1,0.49666666666666665,initial_hover,"AStarPars(alpha_d=0.2105263157894736, alpha_h=-0.4736842105263158, decay=0.0, noise_floor=0.0, debug=False)"
3,0,0.56,initial_hover,"AStarPars(alpha_d=0.2105263157894736, alpha_h=-0.4736842105263158, decay=0.0, noise_floor=0.0, debug=False)"
3,4,0.6733333333333333,initial_hover,"AStarPars(alpha_d=0.2105263157894736, alpha_h=-0.4736842105263158, decay=0.0, noise_floor=0.0, debug=False)"
3,2,0.5233333333333333,initial_hover,"AStarPars(alpha_d=0.2105263157894736, alpha_h=-0.4736842105263158, decay=0.0, noise_floor=0.0, debug=False)"
3,3,0.69,initial_hover,"AStarPars(alpha_d=0.2105263157894736, alpha_h=-0.4736842105263158, decay=0.0, noise_floor=0.0, debug=False)"
3,6,0.33,initial_hover,"AStarPars(alpha_d=0.2105263157894736, alpha_h=-0.4736842105263158, decay=0.0, noise_floor=0.0, debug=False)"
3,5,0.9033333333333333,initial_hover,"AStarPars(alpha_d=0.2105263157894736, alpha_h=-0.4736842105263158, decay=0.0, noise_floor=0.0, debug=False)"
1,6,0.0033333333333333335,initial_hover,"AStarPars(alpha_d=0.2105263157894736, alpha_h=-0.4736842105263158, decay=0.0, noise_floor=0.0, debug=False)"
1,4,0.0033333333333333335,initial_hover,"AStarPars(alpha_d=0.2105263157894736, alpha_h=-0.4736842105263158, decay=0.0, noise_floor=0.0, debug=False)"
1,2,0.006666666666666667,initial_hover,"AStarPars(alpha_d=0.2105263157894736, alpha_h=-0.4736842105263158, decay=0.0, noise_floor=0.0, debug=False)"
1,3,0.5233333333333333,initial_hover,"AStarPars(alpha_d=0.2105263157894736, alpha_h=-0.4736842105263158, decay=0.0, noise_floor=0.0, debug=False)"
1,5,0.0033333333333333335,initial_hover,"AStarPars(alpha_d=0.2105263157894736, alpha_h=-0.4736842105263158, decay=0.0, noise_floor=0.0, debug=False)"
1,1,0.73,initial_hover,"AStarPars(alpha_d=0.2105263157894736, alpha_h=-0.4736842105263158, decay=0.0, noise_floor=0.0, debug=False)"
1,0,0.64,initial_hover,"AStarPars(alpha_d=0.2105263157894736, alpha_h=-0.4736842105263158, decay=0.0, noise_floor=0.0, debug=False)"
11,4,0.96,initial_hover,"AStarPars(alpha_d=0.2105263157894736, alpha_h=-0.4736842105263158, decay=0.0, noise_floor=0.0, debug=False)"
11,6,0.43,initial_hover,"AStarPars(alpha_d=0.2105263157894736, alpha_h=-0.4736842105263158, decay=0.0, noise_floor=0.0, debug=False)"
11,3,0.8666666666666667,initial_hover,"AStarPars(alpha_d=0.2105263157894736, alpha_h=-0.4736842105263158, decay=0.0, noise_floor=0.0, debug=False)"
11,2,0.0,initial_hover,"AStarPars(alpha_d=0.2105263157894736, alpha_h=-0.4736842105263158, decay=0.0, noise_floor=0.0, debug=False)"
11,0,0.5566666666666666,initial_hover,"AStarPars(alpha_d=0.2105263157894736, alpha_h=-0.4736842105263158, decay=0.0, noise_floor=0.0, debug=False)"
11,1,0.57,initial_hover,"AStarPars(alpha_d=0.2105263157894736, alpha_h=-0.4736842105263158, decay=0.0, noise_floor=0.0, debug=False)"
11,5,0.0,initial_hover,"AStarPars(alpha_d=0.2105263157894736, alpha_h=-0.4736842105263158, decay=0.0, noise_floor=0.0, debug=False)"
7,4,0.0,initial_hover,"AStarPars(alpha_d=0.2105263157894736, alpha_h=-0.4736842105263158, decay=0.0, noise_floor=0.0, debug=False)"
7,5,0.0,initial_hover,"AStarPars(alpha_d=0.2105263157894736, alpha_h=-0.4736842105263158, decay=0.0, noise_floor=0.0, debug=False)"
7,1,0.0,initial_hover,"AStarPars(alpha_d=0.2105263157894736, alpha_h=-0.4736842105263158, decay=0.0, noise_floor=0.0, debug=False)"
7,6,0.8466666666666667,initial_hover,"AStarPars(alpha_d=0.2105263157894736, alpha_h=-0.4736842105263158, decay=0.0, noise_floor=0.0, debug=False)"
7,0,0.6066666666666667,initial_hover,"AStarPars(alpha_d=0.2105263157894736, alpha_h=-0.4736842105263158, decay=0.0, noise_floor=0.0, debug=False)"
7,2,0.8933333333333333,initial_hover,"AStarPars(alpha_d=0.2105263157894736, alpha_h=-0.4736842105263158, decay=0.0, noise_floor=0.0, debug=False)"
7,3,0.21666666666666667,initial_hover,"AStarPars(alpha_d=0.2105263157894736, alpha_h=-0.4736842105263158, decay=0.0, noise_floor=0.0, debug=False)"
9,3,1.0,initial_hover,"AStarPars(alpha_d=0.2105263157894736, alpha_h=-0.4736842105263158, decay=0.0, noise_floor=0.0, debug=False)"
9,4,0.5266666666666666,initial_hover,"AStarPars(alpha_d=0.2105263157894736, alpha_h=-0.4736842105263158, decay=0.0, noise_floor=0.0, debug=False)"
9,2,0.6166666666666667,initial_hover,"AStarPars(alpha_d=0.2105263157894736, alpha_h=-0.4736842105263158, decay=0.0, noise_floor=0.0, debug=False)"
9,5,0.7633333333333333,initial_hover,"AStarPars(alpha_d=0.2105263157894736, alpha_h=-0.4736842105263158, decay=0.0, noise_floor=0.0, debug=False)"
9,0,0.67,initial_hover,"AStarPars(alpha_d=0.2105263157894736, alpha_h=-0.4736842105263158, decay=0.0, noise_floor=0.0, debug=False)"
9,6,0.7966666666666666,initial_hover,"AStarPars(alpha_d=0.2105263157894736, alpha_h=-0.4736842105263158, decay=0.0, noise_floor=0.0, debug=False)"
9,1,0.7433333333333333,initial_hover,"AStarPars(alpha_d=0.2105263157894736, alpha_h=-0.4736842105263158, decay=0.0, noise_floor=0.0, debug=False)"
2,4,0.8766666666666667,initial_hover,"AStarPars(alpha_d=0.2105263157894736, alpha_h=-0.4736842105263158, decay=0.0, noise_floor=0.0, debug=False)"
2,3,0.6366666666666667,initial_hover,"AStarPars(alpha_d=0.2105263157894736, alpha_h=-0.4736842105263158, decay=0.0, noise_floor=0.0, debug=False)"
2,5,0.04,initial_hover,"AStarPars(alpha_d=0.2105263157894736, alpha_h=-0.4736842105263158, decay=0.0, noise_floor=0.0, debug=False)"
2,0,1.0,initial_hover,"AStarPars(alpha_d=0.2105263157894736, alpha_h=-0.4736842105263158, decay=0.0, noise_floor=0.0, debug=False)"
2,1,0.64,initial_hover,"AStarPars(alpha_d=0.2105263157894736, alpha_h=-0.4736842105263158, decay=0.0, noise_floor=0.0, debug=False)"
2,2,0.95,initial_hover,"AStarPars(alpha_d=0.2105263157894736, alpha_h=-0.4736842105263158, decay=0.0, noise_floor=0.0, debug=False)"
2,6,0.38666666666666666,initial_hover,"AStarPars(alpha_d=0.2105263157894736, alpha_h=-0.4736842105263158, decay=0.0, noise_floor=0.0, debug=False)"
4,6,0.45666666666666667,initial_hover,"AStarPars(alpha_d=0.2105263157894736, alpha_h=-0.4736842105263158, decay=0.0, noise_floor=0.0, debug=False)"
4,4,0.6833333333333333,initial_hover,"AStarPars(alpha_d=0.2105263157894736, alpha_h=-0.4736842105263158, decay=0.0, noise_floor=0.0, debug=False)"
4,5,0.9633333333333334,initial_hover,"AStarPars(alpha_d=0.2105263157894736, alpha_h=-0.4736842105263158, decay=0.0, noise_floor=0.0, debug=False)"
4,0,1.0,initial_hover,"AStarPars(alpha_d=0.2105263157894736, alpha_h=-0.4736842105263158, decay=0.0, noise_floor=0.0, debug=False)"
4,2,0.9266666666666666,initial_hover,"AStarPars(alpha_d=0.2105263157894736, alpha_h=-0.4736842105263158, decay=0.0, noise_floor=0.0, debug=False)"
4,3,0.8166666666666667,initial_hover,"AStarPars(alpha_d=0.2105263157894736, alpha_h=-0.4736842105263158, decay=0.0, noise_floor=0.0, debug=False)"
4,1,0.78,initial_hover,"AStarPars(alpha_d=0.2105263157894736, alpha_h=-0.4736842105263158, decay=0.0, noise_floor=0.0, debug=False)"
6,2,0.0,initial_hover,"AStarPars(alpha_d=0.2105263157894736, alpha_h=-0.4736842105263158, decay=0.0, noise_floor=0.0, debug=False)"
6,5,0.24,initial_hover,"AStarPars(alpha_d=0.2105263157894736, alpha_h=-0.4736842105263158, decay=0.0, noise_floor=0.0, debug=False)"
6,6,0.49666666666666665,initial_hover,"AStarPars(alpha_d=0.2105263157894736, alpha_h=-0.4736842105263158, decay=0.0, noise_floor=0.0, debug=False)"
6,0,0.99,initial_hover,"AStarPars(alpha_d=0.2105263157894736, alpha_h=-0.4736842105263158, decay=0.0, noise_floor=0.0, debug=False)"
6,4,0.44,initial_hover,"AStarPars(alpha_d=0.2105263157894736, alpha_h=-0.4736842105263158, decay=0.0, noise_floor=0.0, debug=False)"
6,1,0.49333333333333335,initial_hover,"AStarPars(alpha_d=0.2105263157894736, alpha_h=-0.4736842105263158, decay=0.0, noise_floor=0.0, debug=False)"
6,3,0.71,initial_hover,"AStarPars(alpha_d=0.2105263157894736, alpha_h=-0.4736842105263158, decay=0.0, noise_floor=0.0, debug=False)"
10,0,0.7866666666666666,initial_hover,"AStarPars(alpha_d=0.2105263157894736, alpha_h=-0.4736842105263158, decay=0.0, noise_floor=0.0, debug=False)"
10,6,0.24,initial_hover,"AStarPars(alpha_d=0.2105263157894736, alpha_h=-0.4736842105263158, decay=0.0, noise_floor=0.0, debug=False)"
10,5,0.4533333333333333,initial_hover,"AStarPars(alpha_d=0.2105263157894736, alpha_h=-0.4736842105263158, decay=0.0, noise_floor=0.0, debug=False)"
10,1,0.6433333333333333,initial_hover,"AStarPars(alpha_d=0.2105263157894736, alpha_h=-0.4736842105263158, decay=0.0, noise_floor=0.0, debug=False)"
10,2,0.5233333333333333,initial_hover,"AStarPars(alpha_d=0.2105263157894736, alpha_h=-0.4736842105263158, decay=0.0, noise_floor=0.0, debug=False)"
10,3,0.5133333333333333,initial_hover,"AStarPars(alpha_d=0.2105263157894736, alpha_h=-0.4736842105263158, decay=0.0, noise_floor=0.0, debug=False)"
10,4,0.57,initial_hover,"AStarPars(alpha_d=0.2105263157894736, alpha_h=-0.4736842105263158, decay=0.0, noise_floor=0.0, debug=False)"
5,6,0.22333333333333333,initial_hover,"AStarPars(alpha_d=0.2105263157894736, alpha_h=-0.4736842105263158, decay=0.0, noise_floor=0.0, debug=False)"
5,0,0.58,initial_hover,"AStarPars(alpha_d=0.2105263157894736, alpha_h=-0.4736842105263158, decay=0.0, noise_floor=0.0, debug=False)"
5,5,0.9466666666666667,initial_hover,"AStarPars(alpha_d=0.2105263157894736, alpha_h=-0.4736842105263158, decay=0.0, noise_floor=0.0, debug=False)"
5,1,0.41333333333333333,initial_hover,"AStarPars(alpha_d=0.2105263157894736, alpha_h=-0.4736842105263158, decay=0.0, noise_floor=0.0, debug=False)"
5,2,0.5566666666666666,initial_hover,"AStarPars(alpha_d=0.2105263157894736, alpha_h=-0.4736842105263158, decay=0.0, noise_floor=0.0, debug=False)"
5,4,0.6633333333333333,initial_hover,"AStarPars(alpha_d=0.2105263157894736, alpha_h=-0.4736842105263158, decay=0.0, noise_floor=0.0, debug=False)"
5,3,0.92,initial_hover,"AStarPars(alpha_d=0.2105263157894736, alpha_h=-0.4736842105263158, decay=0.0, noise_floor=0.0, debug=False)"
0,3,0.15666666666666668,initial_hover,"AStarPars(alpha_d=0.2105263157894736, alpha_h=-0.4736842105263158, decay=0.0, noise_floor=0.0, debug=False)"
0,0,0.42333333333333334,initial_hover,"AStarPars(alpha_d=0.2105263157894736, alpha_h=-0.4736842105263158, decay=0.0, noise_floor=0.0, debug=False)"
0,4,0.9466666666666667,initial_hover,"AStarPars(alpha_d=0.2105263157894736, alpha_h=-0.4736842105263158, decay=0.0, noise_floor=0.0, debug=False)"
0,6,0.013333333333333334,initial_hover,"AStarPars(alpha_d=0.2105263157894736, alpha_h=-0.4736842105263158, decay=0.0, noise_floor=0.0, debug=False)"
0,1,0.5166666666666667,initial_hover,"AStarPars(alpha_d=0.2105263157894736, alpha_h=-0.4736842105263158, decay=0.0, noise_floor=0.0, debug=False)"
0,2,0.55,initial_hover,"AStarPars(alpha_d=0.2105263157894736, alpha_h=-0.4736842105263158, decay=0.0, noise_floor=0.0, debug=False)"
0,5,0.7633333333333333,initial_hover,"AStarPars(alpha_d=0.2105263157894736, alpha_h=-0.4736842105263158, decay=0.0, noise_floor=0.0, debug=False)"
8,5,0.0,initial_hover,"AStarPars(alpha_d=0.2105263157894736, alpha_h=-0.4736842105263158, decay=0.0, noise_floor=0.0, debug=False)"
8,4,0.0,initial_hover,"AStarPars(alpha_d=0.2105263157894736, alpha_h=-0.4736842105263158, decay=0.0, noise_floor=0.0, debug=False)"
8,0,0.0,initial_hover,"AStarPars(alpha_d=0.2105263157894736, alpha_h=-0.4736842105263158, decay=0.0, noise_floor=0.0, debug=False)"
8,1,0.24333333333333335,initial_hover,"AStarPars(alpha_d=0.2105263157894736, alpha_h=-0.4736842105263158, decay=0.0, noise_floor=0.0, debug=False)"
8,2,0.31,initial_hover,"AStarPars(alpha_d=0.2105263157894736, alpha_h=-0.4736842105263158, decay=0.0, noise_floor=0.0, debug=False)"
8,3,0.5166666666666667,initial_hover,"AStarPars(alpha_d=0.2105263157894736, alpha_h=-0.4736842105263158, decay=0.0, noise_floor=0.0, debug=False)"
8,6,0.9466666666666667,initial_hover,"AStarPars(alpha_d=0.2105263157894736, alpha_h=-0.4736842105263158, decay=0.0, noise_floor=0.0, debug=False)"
3,1,0.3125059599820882,initial_loghover_duration,"AStarPars(alpha_d=0.2105263157894736, alpha_h=-1.0, decay=0.2767612370754227, noise_floor=0.0, debug=False)"
3,0,0.42376727424485483,initial_loghover_duration,"AStarPars(alpha_d=0.2105263157894736, alpha_h=-1.0, decay=0.2767612370754227, noise_floor=0.0, debug=False)"
3,4,0.6119342028614767,initial_loghover_duration,"AStarPars(alpha_d=0.2105263157894736, alpha_h=-1.0, decay=0.2767612370754227, noise_floor=0.0, debug=False)"
3,2,0.3261503805516704,initial_loghover_duration,"AStarPars(alpha_d=0.2105263157894736, alpha_h=-1.0, decay=0.2767612370754227, noise_floor=0.0, debug=False)"
3,3,0.7046579206131006,initial_loghover_duration,"AStarPars(alpha_d=0.2105263157894736, alpha_h=-1.0, decay=0.2767612370754227, noise_floor=0.0, debug=False)"
3,6,0.12848662360555624,initial_loghover_duration,"AStarPars(alpha_d=0.2105263157894736, alpha_h=-1.0, decay=0.2767612370754227, noise_floor=0.0, debug=False)"
3,5,0.6990159402765513,initial_loghover_duration,"AStarPars(alpha_d=0.2105263157894736, alpha_h=-1.0, decay=0.2767612370754227, noise_floor=0.0, debug=False)"
1,6,0.0060848066869489785,initial_loghover_duration,"AStarPars(alpha_d=0.2105263157894736, alpha_h=-1.0, decay=0.2767612370754227, noise_floor=0.0, debug=False)"
1,4,0.01,initial_loghover_duration,"AStarPars(alpha_d=0.2105263157894736, alpha_h=-1.0, decay=0.2767612370754227, noise_floor=0.0, debug=False)"
1,2,0.010713825202207544,initial_loghover_duration,"AStarPars(alpha_d=0.2105263157894736, alpha_h=-1.0, decay=0.2767612370754227, noise_floor=0.0, debug=False)"
1,3,0.480424033434745,initial_loghover_duration,"AStarPars(alpha_d=0.2105263157894736, alpha_h=-1.0, decay=0.2767612370754227, noise_floor=0.0, debug=False)"
1,5,0.0,initial_loghover_duration,"AStarPars(alpha_d=0.2105263157894736, alpha_h=-1.0, decay=0.2767612370754227, noise_floor=0.0, debug=False)"
1,1,0.7745631989370558,initial_loghover_duration,"AStarPars(alpha_d=0.2105263157894736, alpha_h=-1.0, decay=0.2767612370754227, noise_floor=0.0, debug=False)"
1,0,0.3786477643651016,initial_loghover_duration,"AStarPars(alpha_d=0.2105263157894736, alpha_h=-1.0, decay=0.2767612370754227, noise_floor=0.0, debug=False)"
11,4,0.8213400113552912,initial_loghover_duration,"AStarPars(alpha_d=0.2105263157894736, alpha_h=-1.0, decay=0.2767612370754227, noise_floor=0.0, debug=False)"
11,6,0.4166666666666667,initial_loghover_duration,"AStarPars(alpha_d=0.2105263157894736, alpha_h=-1.0, decay=0.2767612370754227, noise_floor=0.0, debug=False)"
11,3,0.8159639141692444,initial_loghover_duration,"AStarPars(alpha_d=0.2105263157894736, alpha_h=-1.0, decay=0.2767612370754227, noise_floor=0.0, debug=False)"
11,2,0.008254420060846934,initial_loghover_duration,"AStarPars(alpha_d=0.2105263157894736, alpha_h=-1.0, decay=0.2767612370754227, noise_floor=0.0, debug=False)"
11,0,0.21495256974914867,initial_loghover_duration,"AStarPars(alpha_d=0.2105263157894736, alpha_h=-1.0, decay=0.2767612370754227, noise_floor=0.0, debug=False)"
11,1,0.3388762029760767,initial_loghover_duration,"AStarPars(alpha_d=0.2105263157894736, alpha_h=-1.0, decay=0.2767612370754227, noise_floor=0.0, debug=False)"
11,5,0.0,initial_loghover_duration,"AStarPars(alpha_d=0.2105263157894736, alpha_h=-1.0, decay=0.2767612370754227, noise_floor=0.0, debug=False)"
7,4,0.023333333333333334,initial_loghover_duration,"AStarPars(alpha_d=0.2105263157894736, alpha_h=-1.0, decay=0.2767612370754227, noise_floor=0.0, debug=False)"
7,5,0.0,initial_loghover_duration,"AStarPars(alpha_d=0.2105263157894736, alpha_h=-1.0, decay=0.2767612370754227, noise_floor=0.0, debug=False)"
7,1,0.0,initial_loghover_duration,"AStarPars(alpha_d=0.2105263157894736, alpha_h=-1.0, decay=0.2767612370754227, noise_floor=0.0, debug=False)"
7,6,0.982593646808643,initial_loghover_duration,"AStarPars(alpha_d=0.2105263157894736, alpha_h=-1.0, decay=0.2767612370754227, noise_floor=0.0, debug=False)"
7,0,0.4300933800289651,initial_loghover_duration,"AStarPars(alpha_d=0.2105263157894736, alpha_h=-1.0, decay=0.2767612370754227, noise_floor=0.0, debug=False)"
7,2,0.5308456108136691,initial_loghover_duration,"AStarPars(alpha_d=0.2105263157894736, alpha_h=-1.0, decay=0.2767612370754227, noise_floor=0.0, debug=False)"
7,3,0.2899108077330912,initial_loghover_duration,"AStarPars(alpha_d=0.2105263157894736, alpha_h=-1.0, decay=0.2767612370754227, noise_floor=0.0, debug=False)"
9,3,0.8906035015010548,initial_loghover_duration,"AStarPars(alpha_d=0.2105263157894736, alpha_h=-1.0, decay=0.2767612370754227, noise_floor=0.0, debug=False)"
9,4,0.492471260105077,initial_loghover_duration,"AStarPars(alpha_d=0.2105263157894736, alpha_h=-1.0, decay=0.2767612370754227, noise_floor=0.0, debug=False)"
9,2,0.6238397276778125,initial_loghover_duration,"AStarPars(alpha_d=0.2105263157894736, alpha_h=-1.0, decay=0.2767612370754227, noise_floor=0.0, debug=False)"
9,5,0.507430102744135,initial_loghover_duration,"AStarPars(alpha_d=0.2105263157894736, alpha_h=-1.0, decay=0.2767612370754227, noise_floor=0.0, debug=False)"
9,0,0.45128599387516477,initial_loghover_duration,"AStarPars(alpha_d=0.2105263157894736, alpha_h=-1.0, decay=0.2767612370754227, noise_floor=0.0, debug=False)"
9,6,0.5384941677512572,initial_loghover_duration,"AStarPars(alpha_d=0.2105263157894736, alpha_h=-1.0, decay=0.2767612370754227, noise_floor=0.0, debug=False)"
9,1,0.4835590170451195,initial_loghover_duration,"AStarPars(alpha_d=0.2105263157894736, alpha_h=-1.0, decay=0.2767612370754227, noise_floor=0.0, debug=False)"
2,4,0.8389446603853641,initial_loghover_duration,"AStarPars(alpha_d=0.2105263157894736, alpha_h=-1.0, decay=0.2767612370754227, noise_floor=0.0, debug=False)"
2,3,0.5642605474321587,initial_loghover_duration,"AStarPars(alpha_d=0.2105263157894736, alpha_h=-1.0, decay=0.2767612370754227, noise_floor=0.0, debug=False)"
2,5,0.05567109892680008,initial_loghover_duration,"AStarPars(alpha_d=0.2105263157894736, alpha_h=-1.0, decay=0.2767612370754227, noise_floor=0.0, debug=False)"
2,0,0.6946950869731205,initial_loghover_duration,"AStarPars(alpha_d=0.2105263157894736, alpha_h=-1.0, decay=0.2767612370754227, noise_floor=0.0, debug=False)"
2,1,0.5446311972822042,initial_loghover_duration,"AStarPars(alpha_d=0.2105263157894736, alpha_h=-1.0, decay=0.2767612370754227, noise_floor=0.0, debug=False)"
2,2,0.7531041129222242,initial_loghover_duration,"AStarPars(alpha_d=0.2105263157894736, alpha_h=-1.0, decay=0.2767612370754227, noise_floor=0.0, debug=False)"
2,6,0.5901343497843281,initial_loghover_duration,"AStarPars(alpha_d=0.2105263157894736, alpha_h=-1.0, decay=0.2767612370754227, noise_floor=0.0, debug=False)"
4,6,0.5098471018039067,initial_loghover_duration,"AStarPars(alpha_d=0.2105263157894736, alpha_h=-1.0, decay=0.2767612370754227, noise_floor=0.0, debug=False)"
4,4,0.5987868338403914,initial_loghover_duration,"AStarPars(alpha_d=0.2105263157894736, alpha_h=-1.0, decay=0.2767612370754227, noise_floor=0.0, debug=False)"
4,5,0.8024773340166734,initial_loghover_duration,"AStarPars(alpha_d=0.2105263157894736, alpha_h=-1.0, decay=0.2767612370754227, noise_floor=0.0, debug=False)"
4,0,0.6806026456196099,initial_loghover_duration,"AStarPars(alpha_d=0.2105263157894736, alpha_h=-1.0, decay=0.2767612370754227, noise_floor=0.0, debug=False)"
4,2,0.5424248030845179,initial_loghover_duration,"AStarPars(alpha_d=0.2105263157894736, alpha_h=-1.0, decay=0.2767612370754227, noise_floor=0.0, debug=False)"
4,3,0.5625166861912971,initial_loghover_duration,"AStarPars(alpha_d=0.2105263157894736, alpha_h=-1.0, decay=0.2767612370754227, noise_floor=0.0, debug=False)"
4,1,0.5866241410050216,initial_loghover_duration,"AStarPars(alpha_d=0.2105263157894736, alpha_h=-1.0, decay=0.2767612370754227, noise_floor=0.0, debug=False)"
6,2,0.0,initial_loghover_duration,"AStarPars(alpha_d=0.2105263157894736, alpha_h=-1.0, decay=0.2767612370754227, noise_floor=0.0, debug=False)"
6,5,0.2547632601825408,initial_loghover_duration,"AStarPars(alpha_d=0.2105263157894736, alpha_h=-1.0, decay=0.2767612370754227, noise_floor=0.0, debug=False)"
6,6,0.5694181400202823,initial_loghover_duration,"AStarPars(alpha_d=0.2105263157894736, alpha_h=-1.0, decay=0.2767612370754227, noise_floor=0.0, debug=False)"
6,0,0.7124951050837184,initial_loghover_duration,"AStarPars(alpha_d=0.2105263157894736, alpha_h=-1.0, decay=0.2767612370754227, noise_floor=0.0, debug=False)"
6,4,0.48636088368645736,initial_loghover_duration,"AStarPars(alpha_d=0.2105263157894736, alpha_h=-1.0, decay=0.2767612370754227, noise_floor=0.0, debug=False)"
6,1,0.10565567537842653,initial_loghover_duration,"AStarPars(alpha_d=0.2105263157894736, alpha_h=-1.0, decay=0.2767612370754227, noise_floor=0.0, debug=False)"
6,3,0.7546557651435125,initial_loghover_duration,"AStarPars(alpha_d=0.2105263157894736, alpha_h=-1.0, decay=0.2767612370754227, noise_floor=0.0, debug=False)"
10,0,0.7980206289095124,initial_loghover_duration,"AStarPars(alpha_d=0.2105263157894736, alpha_h=-1.0, decay=0.2767612370754227, noise_floor=0.0, debug=False)"
10,6,0.276084806686949,initial_loghover_duration,"AStarPars(alpha_d=0.2105263157894736, alpha_h=-1.0, decay=0.2767612370754227, noise_floor=0.0, debug=False)"
10,5,0.3222285475185238,initial_loghover_duration,"AStarPars(alpha_d=0.2105263157894736, alpha_h=-1.0, decay=0.2767612370754227, noise_floor=0.0, debug=False)"
10,1,0.3213609737083659,initial_loghover_duration,"AStarPars(alpha_d=0.2105263157894736, alpha_h=-1.0, decay=0.2767612370754227, noise_floor=0.0, debug=False)"
10,2,0.28056778254937526,initial_loghover_duration,"AStarPars(alpha_d=0.2105263157894736, alpha_h=-1.0, decay=0.2767612370754227, noise_floor=0.0, debug=False)"
10,3,0.26692550971916273,initial_loghover_duration,"AStarPars(alpha_d=0.2105263157894736, alpha_h=-1.0, decay=0.2767612370754227, noise_floor=0.0, debug=False)"
10,4,0.3580826346665131,initial_loghover_duration,"AStarPars(alpha_d=0.2105263157894736, alpha_h=-1.0, decay=0.2767612370754227, noise_floor=0.0, debug=False)"
5,6,0.12224612089803176,initial_loghover_duration,"AStarPars(alpha_d=0.2105263157894736, alpha_h=-1.0, decay=0.2767612370754227, noise_floor=0.0, debug=False)"
5,0,0.537096744254873,initial_loghover_duration,"AStarPars(alpha_d=0.2105263157894736, alpha_h=-1.0, decay=0.2767612370754227, noise_floor=0.0, debug=False)"
5,5,0.874299268492076,initial_loghover_duration,"AStarPars(alpha_d=0.2105263157894736, alpha_h=-1.0, decay=0.2767612370754227, noise_floor=0.0, debug=False)"
5,1,0.23659219675468018,initial_loghover_duration,"AStarPars(alpha_d=0.2105263157894736, alpha_h=-1.0, decay=0.2767612370754227, noise_floor=0.0, debug=False)"
5,2,0.3813790541342676,initial_loghover_duration,"AStarPars(alpha_d=0.2105263157894736, alpha_h=-1.0, decay=0.2767612370754227, noise_floor=0.0, debug=False)"
5,4,0.5827005451092528,initial_loghover_duration,"AStarPars(alpha_d=0.2105263157894736, alpha_h=-1.0, decay=0.2767612370754227, noise_floor=0.0, debug=False)"
5,3,0.7386006242646601,initial_loghover_duration,"AStarPars(alpha_d=0.2105263157894736, alpha_h=-1.0, decay=0.2767612370754227, noise_floor=0.0, debug=False)"
0,3,0.058142824159408864,initial_loghover_duration,"AStarPars(alpha_d=0.2105263157894736, alpha_h=-1.0, decay=0.2767612370754227, noise_floor=0.0, debug=False)"
0,0,0.42050322439868254,initial_loghover_duration,"AStarPars(alpha_d=0.2105263157894736, alpha_h=-1.0, decay=0.2767612370754227, noise_floor=0.0, debug=False)"
0,4,0.8164688818659741,initial_loghover_duration,"AStarPars(alpha_d=0.2105263157894736, alpha_h=-1.0, decay=0.2767612370754227, noise_floor=0.0, debug=False)"
0,6,0.036323816186456116,initial_loghover_duration,"AStarPars(alpha_d=0.2105263157894736, alpha_h=-1.0, decay=0.2767612370754227, noise_floor=0.0, debug=False)"
0,1,0.35256454542322946,initial_loghover_duration,"AStarPars(alpha_d=0.2105263157894736, alpha_h=-1.0, decay=0.2767612370754227, noise_floor=0.0, debug=False)"
0,2,0.41185118070605936,initial_loghover_duration,"AStarPars(alpha_d=0.2105263157894736, alpha_h=-1.0, decay=0.2767612370754227, noise_floor=0.0, debug=False)"
0,5,0.7256230008170724,initial_loghover_duration,"AStarPars(alpha_d=0.2105263157894736, alpha_h=-1.0, decay=0.2767612370754227, noise_floor=0.0, debug=False)"
8,5,0.0,initial_loghover_duration,"AStarPars(alpha_d=0.2105263157894736, alpha_h=-1.0, decay=0.2767612370754227, noise_floor=0.0, debug=False)"
8,4,0.0,initial_loghover_duration,"AStarPars(alpha_d=0.2105263157894736, alpha_h=-1.0, decay=0.2767612370754227, noise_floor=0.0, debug=False)"
8,0,0.0,initial_loghover_duration,"AStarPars(alpha_d=0.2105263157894736, alpha_h=-1.0, decay=0.2767612370754227, noise_floor=0.0, debug=False)"
8,1,0.24,initial_loghover_duration,"AStarPars(alpha_d=0.2105263157894736, alpha_h=-1.0, decay=0.2767612370754227, noise_floor=0.0, debug=False)"
8,2,0.1904841874747971,initial_loghover_duration,"AStarPars(alpha_d=0.2105263157894736, alpha_h=-1.0, decay=0.2767612370754227, noise_floor=0.0, debug=False)"
8,3,0.38041699061335177,initial_loghover_duration,"AStarPars(alpha_d=0.2105263157894736, alpha_h=-1.0, decay=0.2767612370754227, noise_floor=0.0, debug=False)"
8,6,0.8898516613994806,initial_loghover_duration,"AStarPars(alpha_d=0.2105263157894736, alpha_h=-1.0, decay=0.2767612370754227, noise_floor=0.0, debug=False)"
13,4,1.0,critical_hover,"AStarPars(alpha_d=1.263157894736842, alpha_h=-0.736842105263158, decay=0.0, noise_floor=0.0, debug=False)"
13,3,0.49,critical_hover,"AStarPars(alpha_d=1.263157894736842, alpha_h=-0.736842105263158, decay=0.0, noise_floor=0.0, debug=False)"
13,1,0.44,critical_hover,"AStarPars(alpha_d=1.263157894736842, alpha_h=-0.736842105263158, decay=0.0, noise_floor=0.0, debug=False)"
13,2,0.0,critical_hover,"AStarPars(alpha_d=1.263157894736842, alpha_h=-0.736842105263158, decay=0.0, noise_floor=0.0, debug=False)"
13,0,0.49666666666666665,critical_hover,"AStarPars(alpha_d=1.263157894736842, alpha_h=-0.736842105263158, decay=0.0, noise_floor=0.0, debug=False)"
14,1,0.5566666666666666,critical_hover,"AStarPars(alpha_d=1.263157894736842, alpha_h=-0.736842105263158, decay=0.0, noise_floor=0.0, debug=False)"
14,4,1.0,critical_hover,"AStarPars(alpha_d=1.263157894736842, alpha_h=-0.736842105263158, decay=0.0, noise_floor=0.0, debug=False)"
14,0,0.7633333333333333,critical_hover,"AStarPars(alpha_d=1.263157894736842, alpha_h=-0.736842105263158, decay=0.0, noise_floor=0.0, debug=False)"
14,3,1.0,critical_hover,"AStarPars(alpha_d=1.263157894736842, alpha_h=-0.736842105263158, decay=0.0, noise_floor=0.0, debug=False)"
14,2,0.06333333333333334,critical_hover,"AStarPars(alpha_d=1.263157894736842, alpha_h=-0.736842105263158, decay=0.0, noise_floor=0.0, debug=False)"
12,3,1.0,critical_hover,"AStarPars(alpha_d=1.263157894736842, alpha_h=-0.736842105263158, decay=0.0, noise_floor=0.0, debug=False)"
12,4,0.5033333333333333,critical_hover,"AStarPars(alpha_d=1.263157894736842, alpha_h=-0.736842105263158, decay=0.0, noise_floor=0.0, debug=False)"
12,2,0.44666666666666666,critical_hover,"AStarPars(alpha_d=1.263157894736842, alpha_h=-0.736842105263158, decay=0.0, noise_floor=0.0, debug=False)"
12,1,0.0,critical_hover,"AStarPars(alpha_d=1.263157894736842, alpha_h=-0.736842105263158, decay=0.0, noise_floor=0.0, debug=False)"
12,0,0.5033333333333333,critical_hover,"AStarPars(alpha_d=1.263157894736842, alpha_h=-0.736842105263158, decay=0.0, noise_floor=0.0, debug=False)"
15,2,0.48,critical_hover,"AStarPars(alpha_d=1.263157894736842, alpha_h=-0.736842105263158, decay=0.0, noise_floor=0.0, debug=False)"
15,4,0.9966666666666667,critical_hover,"AStarPars(alpha_d=1.263157894736842, alpha_h=-0.736842105263158, decay=0.0, noise_floor=0.0, debug=False)"
15,0,0.9866666666666667,critical_hover,"AStarPars(alpha_d=1.263157894736842, alpha_h=-0.736842105263158, decay=0.0, noise_floor=0.0, debug=False)"
15,3,0.9933333333333333,critical_hover,"AStarPars(alpha_d=1.263157894736842, alpha_h=-0.736842105263158, decay=0.0, noise_floor=0.0, debug=False)"
15,1,0.55,critical_hover,"AStarPars(alpha_d=1.263157894736842, alpha_h=-0.736842105263158, decay=0.0, noise_floor=0.0, debug=False)"
13,4,0.852745183289105,critical_loghover_duration,"AStarPars(alpha_d=0.0, alpha_h=-0.736842105263158, decay=0.327936285902088, noise_floor=0.0, debug=False)"
13,3,0.29750223018925115,critical_loghover_duration,"AStarPars(alpha_d=0.0, alpha_h=-0.736842105263158, decay=0.327936285902088, noise_floor=0.0, debug=False)"
13,1,0.11359905381977564,critical_loghover_duration,"AStarPars(alpha_d=0.0, alpha_h=-0.736842105263158, decay=0.327936285902088, noise_floor=0.0, debug=False)"
13,2,0.0,critical_loghover_duration,"AStarPars(alpha_d=0.0, alpha_h=-0.736842105263158, decay=0.327936285902088, noise_floor=0.0, debug=False)"
13,0,0.5905654941339903,critical_loghover_duration,"AStarPars(alpha_d=0.0, alpha_h=-0.736842105263158, decay=0.327936285902088, noise_floor=0.0, debug=False)"
14,1,0.24738134007855672,critical_loghover_duration,"AStarPars(alpha_d=0.0, alpha_h=-0.736842105263158, decay=0.327936285902088, noise_floor=0.0, debug=False)"
14,4,0.7458640545541987,critical_loghover_duration,"AStarPars(alpha_d=0.0, alpha_h=-0.736842105263158, decay=0.327936285902088, noise_floor=0.0, debug=False)"
14,0,0.6355933185334084,critical_loghover_duration,"AStarPars(alpha_d=0.0, alpha_h=-0.736842105263158, decay=0.327936285902088, noise_floor=0.0, debug=False)"
14,3,0.7725062083855133,critical_loghover_duration,"AStarPars(alpha_d=0.0, alpha_h=-0.736842105263158, decay=0.327936285902088, noise_floor=0.0, debug=False)"
14,2,0.3196188963797067,critical_loghover_duration,"AStarPars(alpha_d=0.0, alpha_h=-0.736842105263158, decay=0.327936285902088, noise_floor=0.0, debug=False)"
12,3,0.882359518424492,critical_loghover_duration,"AStarPars(alpha_d=0.0, alpha_h=-0.736842105263158, decay=0.327936285902088, noise_floor=0.0, debug=False)"
12,4,0.31418977040997853,critical_loghover_duration,"AStarPars(alpha_d=0.0, alpha_h=-0.736842105263158, decay=0.327936285902088, noise_floor=0.0, debug=False)"
12,2,0.10493160006583252,critical_loghover_duration,"AStarPars(alpha_d=0.0, alpha_h=-0.736842105263158, decay=0.327936285902088, noise_floor=0.0, debug=False)"
12,1,0.0,critical_loghover_duration,"AStarPars(alpha_d=0.0, alpha_h=-0.736842105263158, decay=0.327936285902088, noise_floor=0.0, debug=False)"
12,0,0.6136995456801534,critical_loghover_duration,"AStarPars(alpha_d=0.0, alpha_h=-0.736842105263158, decay=0.327936285902088, noise_floor=0.0, debug=False)"
15,2,0.272325681434288,critical_loghover_duration,"AStarPars(alpha_d=0.0, alpha_h=-0.736842105263158, decay=0.327936285902088, noise_floor=0.0, debug=False)"
15,4,0.7403486869463567,critical_loghover_duration,"AStarPars(alpha_d=0.0, alpha_h=-0.736842105263158, decay=0.327936285902088, noise_floor=0.0, debug=False)"
15,0,0.5866284897644983,critical_loghover_duration,"AStarPars(alpha_d=0.0, alpha_h=-0.736842105263158, decay=0.327936285902088, noise_floor=0.0, debug=False)"
15,3,0.7542640059236654,critical_loghover_duration,"AStarPars(alpha_d=0.0, alpha_h=-0.736842105263158, decay=0.327936285902088, noise_floor=0.0, debug=False)"
15,1,0.5406985659560294,critical_loghover_duration,"AStarPars(alpha_d=0.0, alpha_h=-0.736842105263158, decay=0.327936285902088, noise_floor=0.0, debug=False)"
