grid,dv,obstacle,static_vgc,dynamic_vgc
grid-0,initial_awareness,obs-0,0.9999999999999997,0.2905933429811875
grid-0,initial_awareness,obs-1,4.539786870243308e-05,0.046164978292329704
grid-0,initial_awareness,obs-2,0.9999999999999997,0.4198263386396531
grid-0,initial_awareness,obs-3,4.539786870243308e-05,0.03820549927641079
grid-0,initial_awareness,obs-4,0.9999999999999997,0.8037626628075294
grid-0,initial_awareness,obs-5,4.908577535104734e-05,0.05513748191027472
grid-0,initial_awareness,obs-6,4.539786870243308e-05,0.033285094066570015
grid-0,upfront_awareness,obs-0,0.9999999999999997,0.2905933429811875
grid-0,upfront_awareness,obs-1,4.539786870243308e-05,0.046164978292329704
grid-0,upfront_awareness,obs-2,0.9999999999999997,0.4198263386396531
grid-0,upfront_awareness,obs-3,4.539786870243308e-05,0.03820549927641079
grid-0,upfront_awareness,obs-4,0.9999999999999997,0.8037626628075294
grid-0,upfront_awareness,obs-5,4.908577535104734e-05,0.05513748191027472
grid-0,upfront_awareness,obs-6,4.539786870243308e-05,0.033285094066570015
grid-0,critical_memory,obs-0,0.9999999999999997,0.3026004728132364
grid-0,critical_memory,obs-1,4.539786870243308e-05,0.2555818229577066
grid-0,critical_memory,obs-2,0.9999999999999997,0.3929603362227452
grid-0,critical_memory,obs-3,4.539786870243308e-05,0.22301024428683738
grid-0,critical_memory,obs-4,0.9999999999999997,0.5285001313370086
grid-0,critical_memory,obs-5,4.908577535104734e-05,0.24901497241922496
grid-0,critical_memory,obs-6,4.539786870243308e-05,0.2319411610191724
grid-0,critical_confidence,obs-0,0.9999999999999997,0.20783505154638915
grid-0,critical_confidence,obs-1,4.539786870243308e-05,0.10804123711340037
grid-0,critical_confidence,obs-2,0.9999999999999997,0.3995876288659728
grid-0,critical_confidence,obs-3,4.539786870243308e-05,0.09814432989690584
grid-0,critical_confidence,obs-4,0.9999999999999997,0.6540206185566885
grid-0,critical_confidence,obs-5,4.908577535104734e-05,0.09402061855669964
grid-0,critical_confidence,obs-6,4.539786870243308e-05,0.08989690721649354
grid-0,critical_awareness,obs-0,0.9999999999999997,0.2914446881855178
grid-0,critical_awareness,obs-1,4.539786870243308e-05,0.2547790661234696
grid-0,critical_awareness,obs-2,0.9999999999999997,0.385772485114378
grid-0,critical_awareness,obs-3,4.539786870243308e-05,0.2196803509871492
grid-0,critical_awareness,obs-4,0.9999999999999997,0.5180194296458689
grid-0,critical_awareness,obs-5,4.908577535104734e-05,0.23284236916326953
grid-0,critical_awareness,obs-6,4.539786870243308e-05,0.24255719210278676
grid-0,initial_loghover_duration,obs-0,0.9999999999999997,0.2690715552927258
grid-0,initial_loghover_duration,obs-1,4.539786870243308e-05,0.0
grid-0,initial_loghover_duration,obs-2,0.9999999999999997,0.4277547802089487
grid-0,initial_loghover_duration,obs-3,4.539786870243308e-05,0.0001971220185294695
grid-0,initial_loghover_duration,obs-4,0.9999999999999997,0.8336290163611263
grid-0,initial_loghover_duration,obs-5,4.908577535104734e-05,0.0025625862408831038
grid-0,initial_loghover_duration,obs-6,4.539786870243308e-05,0.0
grid-0,initial_hover,obs-0,0.9999999999999997,0.27621637957086326
grid-0,initial_hover,obs-1,4.539786870243308e-05,0.17286189181021086
grid-0,initial_hover,obs-2,0.9999999999999997,0.38077969174976867
grid-0,initial_hover,obs-3,4.539786870243308e-05,0.14505893019038696
grid-0,initial_hover,obs-4,0.9999999999999997,0.6083408884859436
grid-0,initial_hover,obs-5,4.908577535104734e-05,0.14898760954970988
grid-0,initial_hover,obs-6,4.539786870243308e-05,0.1444545179812605
grid-0,critical_loghover_duration,obs-0,0.9999999999999997,0.3083158210747465
grid-0,critical_loghover_duration,obs-1,4.539786870243308e-05,0.27379165415790546
grid-0,critical_loghover_duration,obs-2,0.9999999999999997,0.3740618432902962
grid-0,critical_loghover_duration,obs-3,4.539786870243308e-05,0.24917442209546248
grid-0,critical_loghover_duration,obs-4,0.9999999999999997,0.48694085860101094
grid-0,critical_loghover_duration,obs-5,4.908577535104734e-05,0.24647253077153566
grid-0,critical_loghover_duration,obs-6,4.539786870243308e-05,0.27589312518762626
grid-0,critical_hover,obs-0,0.9999999999999997,0.3083158210747465
grid-0,critical_hover,obs-1,4.539786870243308e-05,0.27379165415790546
grid-0,critical_hover,obs-2,0.9999999999999997,0.3740618432902962
grid-0,critical_hover,obs-3,4.539786870243308e-05,0.24917442209546248
grid-0,critical_hover,obs-4,0.9999999999999997,0.48694085860101094
grid-0,critical_hover,obs-5,4.908577535104734e-05,0.24647253077153566
grid-0,critical_hover,obs-6,4.539786870243308e-05,0.27589312518762626
grid-1,initial_awareness,obs-0,0.9999999999999054,0.2759502923976632
grid-1,initial_awareness,obs-1,0.002842512884471264,0.13048245614035206
grid-1,initial_awareness,obs-2,4.539786870243442e-05,0.05592105263157913
grid-1,initial_awareness,obs-3,0.9999999999999998,0.5877192982456195
grid-1,initial_awareness,obs-4,4.539786870243442e-05,0.041301169590643456
grid-1,initial_awareness,obs-5,4.539786870243442e-05,0.03910818713450314
grid-1,initial_awareness,obs-6,4.539786870243442e-05,0.03563596491228092
grid-1,upfront_awareness,obs-0,0.9999999999999054,0.2759502923976632
grid-1,upfront_awareness,obs-1,0.002842512884471264,0.13048245614035206
grid-1,upfront_awareness,obs-2,4.539786870243442e-05,0.05592105263157913
grid-1,upfront_awareness,obs-3,0.9999999999999998,0.5877192982456195
grid-1,upfront_awareness,obs-4,4.539786870243442e-05,0.041301169590643456
grid-1,upfront_awareness,obs-5,4.539786870243442e-05,0.03910818713450314
grid-1,upfront_awareness,obs-6,4.539786870243442e-05,0.03563596491228092
grid-1,critical_memory,obs-0,0.9999999999999054,0.3445990722332627
grid-1,critical_memory,obs-1,0.002842512884471264,0.29655400927766373
grid-1,critical_memory,obs-2,4.539786870243442e-05,0.2422133863485719
grid-1,critical_memory,obs-3,0.9999999999999998,0.4310801855533412
grid-1,critical_memory,obs-4,4.539786870243442e-05,0.24751491053677602
grid-1,critical_memory,obs-5,4.539786870243442e-05,0.2412193505632838
grid-1,critical_memory,obs-6,4.539786870243442e-05,0.24585818422796232
grid-1,critical_confidence,obs-0,0.9999999999999054,0.2729871367317723
grid-1,critical_confidence,obs-1,0.002842512884471264,0.17865650309671016
grid-1,critical_confidence,obs-2,4.539786870243442e-05,0.09290138161028881
grid-1,critical_confidence,obs-3,0.9999999999999998,0.37827536922343097
grid-1,critical_confidence,obs-4,4.539786870243442e-05,0.1081467365412079
grid-1,critical_confidence,obs-5,4.539786870243442e-05,0.10147689375893078
grid-1,critical_confidence,obs-6,4.539786870243442e-05,0.11005240590757287
grid-1,critical_awareness,obs-0,0.9999999999999054,0.3318809005083476
grid-1,critical_awareness,obs-1,0.002842512884471264,0.29302832244008375
grid-1,critical_awareness,obs-2,4.539786870243442e-05,0.24872912127813784
grid-1,critical_awareness,obs-3,0.9999999999999998,0.4255628177196755
grid-1,critical_awareness,obs-4,4.539786870243442e-05,0.2650689905591832
grid-1,critical_awareness,obs-5,4.539786870243442e-05,0.24473493100943763
grid-1,critical_awareness,obs-6,4.539786870243442e-05,0.24183006535947396
grid-1,initial_loghover_duration,obs-0,0.9999999999999054,0.25756207674943565
grid-1,initial_loghover_duration,obs-1,0.002842512884471264,0.03137697516930022
grid-1,initial_loghover_duration,obs-2,4.539786870243442e-05,0.00022573363431151243
grid-1,initial_loghover_duration,obs-3,0.9999999999999998,0.46365688487584644
grid-1,initial_loghover_duration,obs-4,4.539786870243442e-05,0.0
grid-1,initial_loghover_duration,obs-5,4.539786870243442e-05,0.0
grid-1,initial_loghover_duration,obs-6,4.539786870243442e-05,0.0013544018058690747
grid-1,initial_hover,obs-0,0.9999999999999054,0.323730098559506
grid-1,initial_hover,obs-1,0.002842512884471264,0.2285822592873326
grid-1,initial_hover,obs-2,4.539786870243442e-05,0.1432903714935518
grid-1,initial_hover,obs-3,0.9999999999999998,0.42494313874145884
grid-1,initial_hover,obs-4,4.539786870243442e-05,0.1421531463229682
grid-1,initial_hover,obs-5,4.539786870243442e-05,0.1459438968915806
grid-1,initial_hover,obs-6,4.539786870243442e-05,0.14025777103866194
grid-1,critical_loghover_duration,obs-0,0.9999999999999054,0.31787010891488243
grid-1,critical_loghover_duration,obs-1,0.002842512884471264,0.3017345703912845
grid-1,critical_loghover_duration,obs-2,4.539786870243442e-05,0.25373134328357955
grid-1,critical_loghover_duration,obs-3,0.9999999999999998,0.4102460669624828
grid-1,critical_loghover_duration,obs-4,4.539786870243442e-05,0.2807583703106068
grid-1,critical_loghover_duration,obs-5,4.539786870243442e-05,0.2714804356595379
grid-1,critical_loghover_duration,obs-6,4.539786870243442e-05,0.26421944332391867
grid-1,critical_hover,obs-0,0.9999999999999054,0.31787010891488243
grid-1,critical_hover,obs-1,0.002842512884471264,0.3017345703912845
grid-1,critical_hover,obs-2,4.539786870243442e-05,0.25373134328357955
grid-1,critical_hover,obs-3,0.9999999999999998,0.4102460669624828
grid-1,critical_hover,obs-4,4.539786870243442e-05,0.2807583703106068
grid-1,critical_hover,obs-5,4.539786870243442e-05,0.2714804356595379
grid-1,critical_hover,obs-6,4.539786870243442e-05,0.26421944332391867
grid-2,initial_awareness,obs-0,1.0000000000000002,0.5080102727161544
grid-2,initial_awareness,obs-1,4.5397868702434415e-05,0.03913415678121537
grid-2,initial_awareness,obs-2,1.0000000000000002,0.37091842974195893
grid-2,initial_awareness,obs-3,4.5397868702434415e-05,0.04145774734010005
grid-2,initial_awareness,obs-4,1.0000000000000002,0.8213281154457578
grid-2,initial_awareness,obs-5,4.5397868702434415e-05,0.04047939342056966
grid-2,initial_awareness,obs-6,0.00015838079181781356,0.039011862541274075
grid-2,upfront_awareness,obs-0,1.0000000000000002,0.5080102727161544
grid-2,upfront_awareness,obs-1,4.5397868702434415e-05,0.03913415678121537
grid-2,upfront_awareness,obs-2,1.0000000000000002,0.37091842974195893
grid-2,upfront_awareness,obs-3,4.5397868702434415e-05,0.04145774734010005
grid-2,upfront_awareness,obs-4,1.0000000000000002,0.8213281154457578
grid-2,upfront_awareness,obs-5,4.5397868702434415e-05,0.04047939342056966
grid-2,upfront_awareness,obs-6,0.00015838079181781356,0.039011862541274075
grid-2,critical_memory,obs-0,1.0000000000000002,0.5114703954555307
grid-2,critical_memory,obs-1,4.5397868702434415e-05,0.2176097880707862
grid-2,critical_memory,obs-2,1.0000000000000002,0.31854926807952405
grid-2,critical_memory,obs-3,4.5397868702434415e-05,0.23334061612409607
grid-2,critical_memory,obs-4,1.0000000000000002,0.518461874590335
grid-2,critical_memory,obs-5,4.5397868702434415e-05,0.2156434345641224
grid-2,critical_memory,obs-6,0.00015838079181781356,0.22853397421891758
grid-2,critical_confidence,obs-0,1.0000000000000002,0.4516523867809011
grid-2,critical_confidence,obs-1,4.5397868702434415e-05,0.10281517747857899
grid-2,critical_confidence,obs-2,1.0000000000000002,0.25428396572827094
grid-2,critical_confidence,obs-3,4.5397868702434415e-05,0.09883720930232447
grid-2,critical_confidence,obs-4,1.0000000000000002,0.7077723378212863
grid-2,critical_confidence,obs-5,4.5397868702434415e-05,0.0884332925336586
grid-2,critical_confidence,obs-6,0.00015838079181781356,0.10618115055079458
grid-2,critical_awareness,obs-0,1.0000000000000002,0.5105443845022001
grid-2,critical_awareness,obs-1,4.5397868702434415e-05,0.22143207454634584
grid-2,critical_awareness,obs-2,1.0000000000000002,0.32785679254536176
grid-2,critical_awareness,obs-3,4.5397868702434415e-05,0.20671897989210355
grid-2,critical_awareness,obs-4,1.0000000000000002,0.51422265816576
grid-2,critical_awareness,obs-5,4.5397868702434415e-05,0.2192251103482094
grid-2,critical_awareness,obs-6,0.00015838079181781356,0.21088769004413893
grid-2,initial_loghover_duration,obs-0,1.0000000000000002,0.48049792531120383
grid-2,initial_loghover_duration,obs-1,4.5397868702434415e-05,0.0003319502074688799
grid-2,initial_loghover_duration,obs-2,1.0000000000000002,0.28398340248962683
grid-2,initial_loghover_duration,obs-3,4.5397868702434415e-05,0.0009958506224066396
grid-2,initial_loghover_duration,obs-4,1.0000000000000002,0.8678838174273854
grid-2,initial_loghover_duration,obs-5,4.5397868702434415e-05,0.0
grid-2,initial_loghover_duration,obs-6,0.00015838079181781356,0.0
grid-2,initial_hover,obs-0,1.0000000000000002,0.49402125775022177
grid-2,initial_hover,obs-1,4.5397868702434415e-05,0.1494685562444625
grid-2,initial_hover,obs-2,1.0000000000000002,0.31753764393268447
grid-2,initial_hover,obs-3,4.5397868702434415e-05,0.14902568644818256
grid-2,initial_hover,obs-4,1.0000000000000002,0.6313108945969934
grid-2,initial_hover,obs-5,4.5397868702434415e-05,0.14393268379096386
grid-2,initial_hover,obs-6,0.00015838079181781356,0.1408325952170046
grid-2,critical_loghover_duration,obs-0,1.0000000000000002,0.502373581011346
grid-2,critical_loghover_duration,obs-1,4.5397868702434415e-05,0.2691434468524222
grid-2,critical_loghover_duration,obs-2,1.0000000000000002,0.33085655314757056
grid-2,critical_loghover_duration,obs-3,4.5397868702434415e-05,0.24148606811145276
grid-2,critical_loghover_duration,obs-4,1.0000000000000002,0.46006191950463804
grid-2,critical_loghover_duration,obs-5,4.5397868702434415e-05,0.24107327141382623
grid-2,critical_loghover_duration,obs-6,0.00015838079181781356,0.23880288957688062
grid-2,critical_hover,obs-0,1.0000000000000002,0.502373581011346
grid-2,critical_hover,obs-1,4.5397868702434415e-05,0.2691434468524222
grid-2,critical_hover,obs-2,1.0000000000000002,0.33085655314757056
grid-2,critical_hover,obs-3,4.5397868702434415e-05,0.24148606811145276
grid-2,critical_hover,obs-4,1.0000000000000002,0.46006191950463804
grid-2,critical_hover,obs-5,4.5397868702434415e-05,0.24107327141382623
grid-2,critical_hover,obs-6,0.00015838079181781356,0.23880288957688062
grid-3,initial_awareness,obs-0,0.99995460625295,0.20803226348512854
grid-3,initial_awareness,obs-1,9.07895549732015e-05,0.03478406990421785
grid-3,initial_awareness,obs-2,9.07895549732015e-05,0.046714837842379404
grid-3,initial_awareness,obs-3,1.0,0.5360443622920531
grid-3,initial_awareness,obs-4,0.9999544156427648,0.6343471685431065
grid-3,initial_awareness,obs-5,1.0,0.21391362796168722
grid-3,initial_awareness,obs-6,1.0,0.33002856662745744
grid-3,upfront_awareness,obs-0,0.99995460625295,0.20803226348512854
grid-3,upfront_awareness,obs-1,9.07895549732015e-05,0.03478406990421785
grid-3,upfront_awareness,obs-2,9.07895549732015e-05,0.046714837842379404
grid-3,upfront_awareness,obs-3,1.0,0.5360443622920531
grid-3,upfront_awareness,obs-4,0.9999544156427648,0.6343471685431065
grid-3,upfront_awareness,obs-5,1.0,0.21391362796168722
grid-3,upfront_awareness,obs-6,1.0,0.33002856662745744
grid-3,critical_memory,obs-0,0.99995460625295,0.30601719197707267
grid-3,critical_memory,obs-1,9.07895549732015e-05,0.20515759312320667
grid-3,critical_memory,obs-2,9.07895549732015e-05,0.24040114613180225
grid-3,critical_memory,obs-3,1.0,0.39684813753581
grid-3,critical_memory,obs-4,0.9999544156427648,0.4323782234956943
grid-3,critical_memory,obs-5,1.0,0.30171919770773215
grid-3,critical_memory,obs-6,1.0,0.36217765042979355
grid-3,critical_confidence,obs-0,0.99995460625295,0.19608756404284972
grid-3,critical_confidence,obs-1,9.07895549732015e-05,0.08523521192361384
grid-3,critical_confidence,obs-2,9.07895549732015e-05,0.09222170470423811
grid-3,critical_confidence,obs-3,1.0,0.5090824406148067
grid-3,critical_confidence,obs-4,0.9999544156427648,0.5794131346064224
grid-3,critical_confidence,obs-5,1.0,0.20726595249184818
grid-3,critical_confidence,obs-6,1.0,0.3409408476944552
grid-3,critical_awareness,obs-0,0.99995460625295,0.2681431005110693
grid-3,critical_awareness,obs-1,9.07895549732015e-05,0.21294718909710064
grid-3,critical_awareness,obs-2,9.07895549732015e-05,0.2572402044292975
grid-3,critical_awareness,obs-3,1.0,0.41294718909709893
grid-3,critical_awareness,obs-4,0.9999544156427648,0.4013628620102166
grid-3,critical_awareness,obs-5,1.0,0.2954003407154979
grid-3,critical_awareness,obs-6,1.0,0.37069846678023405
grid-3,initial_loghover_duration,obs-0,0.99995460625295,0.18201899712834108
grid-3,initial_loghover_duration,obs-1,9.07895549732015e-05,0.0
grid-3,initial_loghover_duration,obs-2,9.07895549732015e-05,0.0024298652529268824
grid-3,initial_loghover_duration,obs-3,1.0,0.5970841616964877
grid-3,initial_loghover_duration,obs-4,0.9999544156427648,0.6684338413960684
grid-3,initial_loghover_duration,obs-5,1.0,0.1146454605699138
grid-3,initial_loghover_duration,obs-6,1.0,0.3333333333333332
grid-3,initial_hover,obs-0,0.99995460625295,0.23717728055077125
grid-3,initial_hover,obs-1,9.07895549732015e-05,0.14079173838209777
grid-3,initial_hover,obs-2,9.07895549732015e-05,0.15903614457831097
grid-3,initial_hover,obs-3,1.0,0.49741824440618937
grid-3,initial_hover,obs-4,0.9999544156427648,0.4998278829604062
grid-3,initial_hover,obs-5,1.0,0.2540447504302891
grid-3,initial_hover,obs-6,1.0,0.34079173838209514
grid-3,critical_loghover_duration,obs-0,0.99995460625295,0.29527559055117836
grid-3,critical_loghover_duration,obs-1,9.07895549732015e-05,0.24999999999999856
grid-3,critical_loghover_duration,obs-2,9.07895549732015e-05,0.29133858267716306
grid-3,critical_loghover_duration,obs-3,1.0,0.4055118110236175
grid-3,critical_loghover_duration,obs-4,0.9999544156427648,0.3704068241469779
grid-3,critical_loghover_duration,obs-5,1.0,0.30675853018372434
grid-3,critical_loghover_duration,obs-6,1.0,0.3589238845144318
grid-3,critical_hover,obs-0,0.99995460625295,0.29527559055117836
grid-3,critical_hover,obs-1,9.07895549732015e-05,0.24999999999999856
grid-3,critical_hover,obs-2,9.07895549732015e-05,0.29133858267716306
grid-3,critical_hover,obs-3,1.0,0.4055118110236175
grid-3,critical_hover,obs-4,0.9999544156427648,0.3704068241469779
grid-3,critical_hover,obs-5,1.0,0.30675853018372434
grid-3,critical_hover,obs-6,1.0,0.3589238845144318
grid-4,initial_awareness,obs-0,0.9999999999999999,0.5044668755075986
grid-4,initial_awareness,obs-1,0.010635131667588884,0.07425455389256282
grid-4,initial_awareness,obs-2,0.9999999999999999,0.4239470936303505
grid-4,initial_awareness,obs-3,0.9999999999999999,0.16602854159415234
grid-4,initial_awareness,obs-4,0.9999999999999999,0.3369300382875046
grid-4,initial_awareness,obs-5,0.9999999999999999,0.3257918552036194
grid-4,initial_awareness,obs-6,0.00015837576341829328,0.049541710175194
grid-4,upfront_awareness,obs-0,0.9999999999999999,0.5044668755075986
grid-4,upfront_awareness,obs-1,0.010635131667588884,0.07425455389256282
grid-4,upfront_awareness,obs-2,0.9999999999999999,0.4239470936303505
grid-4,upfront_awareness,obs-3,0.9999999999999999,0.16602854159415234
grid-4,upfront_awareness,obs-4,0.9999999999999999,0.3369300382875046
grid-4,upfront_awareness,obs-5,0.9999999999999999,0.3257918552036194
grid-4,upfront_awareness,obs-6,0.00015837576341829328,0.049541710175194
grid-4,critical_memory,obs-0,0.9999999999999999,0.5698476052249642
grid-4,critical_memory,obs-1,0.010635131667588884,0.2216981132075458
grid-4,critical_memory,obs-2,0.9999999999999999,0.37608853410740306
grid-4,critical_memory,obs-3,0.9999999999999999,0.28555878084180086
grid-4,critical_memory,obs-4,0.9999999999999999,0.30968795355587914
grid-4,critical_memory,obs-5,0.9999999999999999,0.3084179970972436
grid-4,critical_memory,obs-6,0.00015837576341829328,0.21970246734397517
grid-4,critical_confidence,obs-0,0.9999999999999999,0.48370786516853687
grid-4,critical_confidence,obs-1,0.010635131667588884,0.11432584269662839
grid-4,critical_confidence,obs-2,0.9999999999999999,0.4300561797752787
grid-4,critical_confidence,obs-3,0.9999999999999999,0.2452247191011234
grid-4,critical_confidence,obs-4,0.9999999999999999,0.2719101123595498
grid-4,critical_confidence,obs-5,0.9999999999999999,0.2890449438202225
grid-4,critical_confidence,obs-6,0.00015837576341829328,0.10898876404494304
grid-4,critical_awareness,obs-0,0.9999999999999999,0.5604263020309669
grid-4,critical_awareness,obs-1,0.010635131667588884,0.2057108385280521
grid-4,critical_awareness,obs-2,0.9999999999999999,0.41745425296601885
grid-4,critical_awareness,obs-3,0.9999999999999999,0.26885179971848056
grid-4,critical_awareness,obs-4,0.9999999999999999,0.31349286145184235
grid-4,critical_awareness,obs-5,0.9999999999999999,0.31429720490649676
grid-4,critical_awareness,obs-6,0.00015837576341829328,0.21355318721094033
grid-4,initial_loghover_duration,obs-0,0.9999999999999999,0.49831452440275387
grid-4,initial_loghover_duration,obs-1,0.010635131667588884,0.023010405979774252
grid-4,initial_loghover_duration,obs-2,0.9999999999999999,0.48571009819727273
grid-4,initial_loghover_duration,obs-3,0.9999999999999999,0.14495090136303657
grid-4,initial_loghover_duration,obs-4,0.9999999999999999,0.1821779275978306
grid-4,initial_loghover_duration,obs-5,0.9999999999999999,0.24886413601055207
grid-4,initial_loghover_duration,obs-6,0.00015837576341829328,0.00425032976696467
grid-4,initial_hover,obs-0,0.9999999999999999,0.5209703947368401
grid-4,initial_hover,obs-1,0.010635131667588884,0.16406249999999867
grid-4,initial_hover,obs-2,0.9999999999999999,0.4257812499999981
grid-4,initial_hover,obs-3,0.9999999999999999,0.24938322368420893
grid-4,initial_hover,obs-4,0.9999999999999999,0.2855674342105251
grid-4,initial_hover,obs-5,0.9999999999999999,0.32586348684210403
grid-4,initial_hover,obs-6,0.00015837576341829328,0.14987664473684045
grid-4,critical_loghover_duration,obs-0,0.9999999999999999,0.5406967898980702
grid-4,critical_loghover_duration,obs-1,0.010635131667588884,0.24478928951772308
grid-4,critical_loghover_duration,obs-2,0.9999999999999999,0.38901567016583105
grid-4,critical_loghover_duration,obs-3,0.9999999999999999,0.3015365890765259
grid-4,critical_loghover_duration,obs-4,0.9999999999999999,0.31279476646888904
grid-4,critical_loghover_duration,obs-5,0.9999999999999999,0.3213144682793255
grid-4,critical_loghover_duration,obs-6,0.00015837576341829328,0.24342005172676048
grid-4,critical_hover,obs-0,0.9999999999999999,0.5406967898980702
grid-4,critical_hover,obs-1,0.010635131667588884,0.24478928951772308
grid-4,critical_hover,obs-2,0.9999999999999999,0.38901567016583105
grid-4,critical_hover,obs-3,0.9999999999999999,0.3015365890765259
grid-4,critical_hover,obs-4,0.9999999999999999,0.31279476646888904
grid-4,critical_hover,obs-5,0.9999999999999999,0.3213144682793255
grid-4,critical_hover,obs-6,0.00015837576341829328,0.24342005172676048
grid-5,initial_awareness,obs-0,0.9999546062529497,0.25534591194968675
grid-5,initial_awareness,obs-1,9.078955497320406e-05,0.055503144654088184
grid-5,initial_awareness,obs-2,9.078955497320406e-05,0.03726415094339632
grid-5,initial_awareness,obs-3,0.9999999999999999,0.42547169811321056
grid-5,initial_awareness,obs-4,0.9999999999999999,0.05157232704402527
grid-5,initial_awareness,obs-5,0.9999999999999999,0.7902515723270483
grid-5,initial_awareness,obs-6,4.5397868702434395e-05,0.03584905660377367
grid-5,upfront_awareness,obs-0,0.9999546062529497,0.25534591194968675
grid-5,upfront_awareness,obs-1,9.078955497320406e-05,0.055503144654088184
grid-5,upfront_awareness,obs-2,9.078955497320406e-05,0.03726415094339632
grid-5,upfront_awareness,obs-3,0.9999999999999999,0.42547169811321056
grid-5,upfront_awareness,obs-4,0.9999999999999999,0.05157232704402527
grid-5,upfront_awareness,obs-5,0.9999999999999999,0.7902515723270483
grid-5,upfront_awareness,obs-6,4.5397868702434395e-05,0.03584905660377367
grid-5,critical_memory,obs-0,0.9999546062529497,0.2941345600920026
grid-5,critical_memory,obs-1,9.078955497320406e-05,0.2705577918343839
grid-5,critical_memory,obs-2,9.078955497320406e-05,0.22857964347325732
grid-5,critical_memory,obs-3,0.9999999999999999,0.3559516963772234
grid-5,critical_memory,obs-4,0.9999999999999999,0.23691776883265922
grid-5,critical_memory,obs-5,0.9999999999999999,0.5445658424381763
grid-5,critical_memory,obs-6,4.5397868702434395e-05,0.2392179413455977
grid-5,critical_confidence,obs-0,0.9999546062529497,0.19636055861193122
grid-5,critical_confidence,obs-1,9.078955497320406e-05,0.10114261531950768
grid-5,critical_confidence,obs-2,9.078955497320406e-05,0.09775708844688817
grid-5,critical_confidence,obs-3,0.9999999999999999,0.3927211172238623
grid-5,critical_confidence,obs-4,0.9999999999999999,0.11764705882352776
grid-5,critical_confidence,obs-5,0.9999999999999999,0.6479052052475517
grid-5,critical_confidence,obs-6,4.5397868702434395e-05,0.1057977147693595
grid-5,critical_awareness,obs-0,0.9999546062529497,0.27681438664097185
grid-5,critical_awareness,obs-1,9.078955497320406e-05,0.2684649967886919
grid-5,critical_awareness,obs-2,9.078955497320406e-05,0.24855491329479376
grid-5,critical_awareness,obs-3,0.9999999999999999,0.33975594091200445
grid-5,critical_awareness,obs-4,0.9999999999999999,0.23699421965317555
grid-5,critical_awareness,obs-5,0.9999999999999999,0.5398201669877886
grid-5,critical_awareness,obs-6,4.5397868702434395e-05,0.23699421965317574
grid-5,initial_loghover_duration,obs-0,0.9999546062529497,0.2520080321285141
grid-5,initial_loghover_duration,obs-1,9.078955497320406e-05,0.005421686746987951
grid-5,initial_loghover_duration,obs-2,9.078955497320406e-05,0.0002008032128514056
grid-5,initial_loghover_duration,obs-3,0.9999999999999999,0.468273092369478
grid-5,initial_loghover_duration,obs-4,0.9999999999999999,0.003614457831325301
grid-5,initial_loghover_duration,obs-5,0.9999999999999999,0.8329317269076308
grid-5,initial_loghover_duration,obs-6,4.5397868702434395e-05,0.001004016064257028
grid-5,initial_hover,obs-0,0.9999546062529497,0.283923534942019
grid-5,initial_hover,obs-1,9.078955497320406e-05,0.16389846443121053
grid-5,initial_hover,obs-2,9.078955497320406e-05,0.15042306486994472
grid-5,initial_hover,obs-3,0.9999999999999999,0.383892196803502
grid-5,initial_hover,obs-4,0.9999999999999999,0.14258853024130172
grid-5,initial_hover,obs-5,0.9999999999999999,0.6389846443121109
grid-5,initial_hover,obs-6,4.5397868702434395e-05,0.14070824193042733
grid-5,critical_loghover_duration,obs-0,0.9999546062529497,0.29381107491856323
grid-5,critical_loghover_duration,obs-1,9.078955497320406e-05,0.2713355048859896
grid-5,critical_loghover_duration,obs-2,9.078955497320406e-05,0.2622149837133511
grid-5,critical_loghover_duration,obs-3,0.9999999999999999,0.35342019543973646
grid-5,critical_loghover_duration,obs-4,0.9999999999999999,0.2791530944625371
grid-5,critical_loghover_duration,obs-5,0.9999999999999999,0.47915309446253784
grid-5,critical_loghover_duration,obs-6,4.5397868702434395e-05,0.26188925081432823
grid-5,critical_hover,obs-0,0.9999546062529497,0.29381107491856323
grid-5,critical_hover,obs-1,9.078955497320406e-05,0.2713355048859896
grid-5,critical_hover,obs-2,9.078955497320406e-05,0.2622149837133511
grid-5,critical_hover,obs-3,0.9999999999999999,0.35342019543973646
grid-5,critical_hover,obs-4,0.9999999999999999,0.2791530944625371
grid-5,critical_hover,obs-5,0.9999999999999999,0.47915309446253784
grid-5,critical_hover,obs-6,4.5397868702434395e-05,0.26188925081432823
grid-6,initial_awareness,obs-0,0.9999999999999987,0.42141686395920896
grid-6,initial_awareness,obs-1,0.9999999999999987,0.26425059187761984
grid-6,initial_awareness,obs-2,4.5397868702434334e-05,0.04844290657439477
grid-6,initial_awareness,obs-3,4.908578364842193e-05,0.043161537060644954
grid-6,initial_awareness,obs-4,4.5397868702434334e-05,0.05135676561646364
grid-6,initial_awareness,obs-5,0.00015839462989958135,0.07922054270624687
grid-6,initial_awareness,obs-6,0.04202954323321903,0.4035694773265376
grid-6,upfront_awareness,obs-0,0.9999999999999987,0.42141686395920896
grid-6,upfront_awareness,obs-1,0.9999999999999987,0.26425059187761984
grid-6,upfront_awareness,obs-2,4.5397868702434334e-05,0.04844290657439477
grid-6,upfront_awareness,obs-3,4.908578364842193e-05,0.043161537060644954
grid-6,upfront_awareness,obs-4,4.5397868702434334e-05,0.05135676561646364
grid-6,upfront_awareness,obs-5,0.00015839462989958135,0.07922054270624687
grid-6,upfront_awareness,obs-6,0.04202954323321903,0.4035694773265376
grid-6,critical_memory,obs-0,0.9999999999999987,0.4508443908323234
grid-6,critical_memory,obs-1,0.9999999999999987,0.3416767189384754
grid-6,critical_memory,obs-2,4.5397868702434334e-05,0.25995174909529084
grid-6,critical_memory,obs-3,4.908578364842193e-05,0.2273823884197786
grid-6,critical_memory,obs-4,4.5397868702434334e-05,0.21712907117008035
grid-6,critical_memory,obs-5,0.00015839462989958135,0.2560313630880529
grid-6,critical_memory,obs-6,0.04202954323321903,0.403498190591069
grid-6,critical_confidence,obs-0,0.9999999999999987,0.39707835325364804
grid-6,critical_confidence,obs-1,0.9999999999999987,0.28065515714917744
grid-6,critical_confidence,obs-2,4.5397868702434334e-05,0.10579902611774929
grid-6,critical_confidence,obs-3,4.908578364842193e-05,0.08233731739707685
grid-6,critical_confidence,obs-4,4.5397868702434334e-05,0.11376715360778888
grid-6,critical_confidence,obs-5,0.00015839462989958135,0.1323594510845483
grid-6,critical_confidence,obs-6,0.04202954323321903,0.39840637450198807
grid-6,critical_awareness,obs-0,0.9999999999999987,0.4405477621910437
grid-6,critical_awareness,obs-1,0.9999999999999987,0.34402137608549993
grid-6,critical_awareness,obs-2,4.5397868702434334e-05,0.24482297929191155
grid-6,critical_awareness,obs-3,4.908578364842193e-05,0.23613894455577286
grid-6,critical_awareness,obs-4,4.5397868702434334e-05,0.24048096192384213
grid-6,critical_awareness,obs-5,0.00015839462989958135,0.24081496325984758
grid-6,critical_awareness,obs-6,0.04202954323321903,0.3941215764863013
grid-6,initial_loghover_duration,obs-0,0.9999999999999987,0.3837339923612676
grid-6,initial_loghover_duration,obs-1,0.9999999999999987,0.21568186924286692
grid-6,initial_loghover_duration,obs-2,4.5397868702434334e-05,0.004268703662098408
grid-6,initial_loghover_duration,obs-3,4.908578364842193e-05,0.001123343068973265
grid-6,initial_loghover_duration,obs-4,4.5397868702434334e-05,0.0008986744551786121
grid-6,initial_loghover_duration,obs-5,0.00015839462989958135,0.002471354751741183
grid-6,initial_loghover_duration,obs-6,0.04202954323321903,0.09818018422826327
grid-6,initial_hover,obs-0,0.9999999999999987,0.4258064516128934
grid-6,initial_hover,obs-1,0.9999999999999987,0.3052631578947298
grid-6,initial_hover,obs-2,4.5397868702434334e-05,0.15755517826824764
grid-6,initial_hover,obs-3,4.908578364842193e-05,0.14736842105262818
grid-6,initial_hover,obs-4,4.5397868702434334e-05,0.15178268251272994
grid-6,initial_hover,obs-5,0.00015839462989958135,0.19626485568760157
grid-6,initial_hover,obs-6,0.04202954323321903,0.41663837011883587
grid-6,critical_loghover_duration,obs-0,0.9999999999999987,0.44105497299014507
grid-6,critical_loghover_duration,obs-1,0.9999999999999987,0.338417540514773
grid-6,critical_loghover_duration,obs-2,4.5397868702434334e-05,0.2659675881792157
grid-6,critical_loghover_duration,obs-3,4.908578364842193e-05,0.2662853511280561
grid-6,critical_loghover_duration,obs-4,4.5397868702434334e-05,0.2516682554814083
grid-6,critical_loghover_duration,obs-5,0.00015839462989958135,0.2685096917699373
grid-6,critical_loghover_duration,obs-6,0.04202954323321903,0.36034318398474463
grid-6,critical_hover,obs-0,0.9999999999999987,0.44105497299014507
grid-6,critical_hover,obs-1,0.9999999999999987,0.338417540514773
grid-6,critical_hover,obs-2,4.5397868702434334e-05,0.2659675881792157
grid-6,critical_hover,obs-3,4.908578364842193e-05,0.2662853511280561
grid-6,critical_hover,obs-4,4.5397868702434334e-05,0.2516682554814083
grid-6,critical_hover,obs-5,0.00015839462989958135,0.2685096917699373
grid-6,critical_hover,obs-6,0.04202954323321903,0.36034318398474463
grid-7,initial_awareness,obs-0,0.9999999999999998,0.168353067814855
grid-7,initial_awareness,obs-1,4.539786870243442e-05,0.037244348762110024
grid-7,initial_awareness,obs-2,0.9999999999999998,0.3685683530678158
grid-7,initial_awareness,obs-3,4.539786870243442e-05,0.037244348762110024
grid-7,initial_awareness,obs-4,4.539786870243442e-05,0.039612486544671956
grid-7,initial_awareness,obs-5,4.539786870243442e-05,0.03767491926803036
grid-7,initial_awareness,obs-6,0.49960002583455515,0.6355220667384355
grid-7,upfront_awareness,obs-0,0.9999999999999998,0.168353067814855
grid-7,upfront_awareness,obs-1,4.539786870243442e-05,0.037244348762110024
grid-7,upfront_awareness,obs-2,0.9999999999999998,0.3685683530678158
grid-7,upfront_awareness,obs-3,4.539786870243442e-05,0.037244348762110024
grid-7,upfront_awareness,obs-4,4.539786870243442e-05,0.039612486544671956
grid-7,upfront_awareness,obs-5,4.539786870243442e-05,0.03767491926803036
grid-7,upfront_awareness,obs-6,0.49960002583455515,0.6355220667384355
grid-7,critical_memory,obs-0,0.9999999999999998,0.31574771915906147
grid-7,critical_memory,obs-1,4.539786870243442e-05,0.2312574375247885
grid-7,critical_memory,obs-2,0.9999999999999998,0.3800079333597759
grid-7,critical_memory,obs-3,4.539786870243442e-05,0.24752082506941345
grid-7,critical_memory,obs-4,4.539786870243442e-05,0.2395874652915476
grid-7,critical_memory,obs-5,4.539786870243442e-05,0.2487108290360934
grid-7,critical_memory,obs-6,0.49960002583455515,0.4256247520825047
grid-7,critical_confidence,obs-0,0.9999999999999998,0.22623906705539354
grid-7,critical_confidence,obs-1,4.539786870243442e-05,0.10029154518950426
grid-7,critical_confidence,obs-2,0.9999999999999998,0.3142857142857126
grid-7,critical_confidence,obs-3,4.539786870243442e-05,0.09212827988338178
grid-7,critical_confidence,obs-4,4.539786870243442e-05,0.11545189504373168
grid-7,critical_confidence,obs-5,4.539786870243442e-05,0.09737609329446055
grid-7,critical_confidence,obs-6,0.49960002583455515,0.5329446064139903
grid-7,critical_awareness,obs-0,0.9999999999999998,0.3250452079565967
grid-7,critical_awareness,obs-1,4.539786870243442e-05,0.22377938517178694
grid-7,critical_awareness,obs-2,0.9999999999999998,0.3589511754068683
grid-7,critical_awareness,obs-3,4.539786870243442e-05,0.24638336347196726
grid-7,critical_awareness,obs-4,4.539786870243442e-05,0.23236889692585538
grid-7,critical_awareness,obs-5,4.539786870243442e-05,0.2350813743218771
grid-7,critical_awareness,obs-6,0.49960002583455515,0.43128390596744576
grid-7,initial_loghover_duration,obs-0,0.9999999999999998,0.1413043478260868
grid-7,initial_loghover_duration,obs-1,4.539786870243442e-05,0.000587544065804935
grid-7,initial_loghover_duration,obs-2,0.9999999999999998,0.3099294947121033
grid-7,initial_loghover_duration,obs-3,4.539786870243442e-05,0.0
grid-7,initial_loghover_duration,obs-4,4.539786870243442e-05,0.0
grid-7,initial_loghover_duration,obs-5,4.539786870243442e-05,0.0
grid-7,initial_loghover_duration,obs-6,0.49960002583455515,0.46709753231492346
grid-7,initial_hover,obs-0,0.9999999999999998,0.24931129476583697
grid-7,initial_hover,obs-1,4.539786870243442e-05,0.15426997245178867
grid-7,initial_hover,obs-2,0.9999999999999998,0.30348943985307014
grid-7,initial_hover,obs-3,4.539786870243442e-05,0.14416896235077875
grid-7,initial_hover,obs-4,4.539786870243442e-05,0.1528925619834692
grid-7,initial_hover,obs-5,4.539786870243442e-05,0.15105601469237645
grid-7,initial_hover,obs-6,0.49960002583455515,0.4696969696969585
grid-7,critical_loghover_duration,obs-0,0.9999999999999998,0.34456076467910596
grid-7,critical_loghover_duration,obs-1,4.539786870243442e-05,0.24670004551661218
grid-7,critical_loghover_duration,obs-2,0.9999999999999998,0.3623122439690468
grid-7,critical_loghover_duration,obs-3,4.539786870243442e-05,0.24487938097405418
grid-7,critical_loghover_duration,obs-4,4.539786870243442e-05,0.2703686845698665
grid-7,critical_loghover_duration,obs-5,4.539786870243442e-05,0.25216203914428625
grid-7,critical_loghover_duration,obs-6,0.49960002583455515,0.3837050523441035
grid-7,critical_hover,obs-0,0.9999999999999998,0.34456076467910596
grid-7,critical_hover,obs-1,4.539786870243442e-05,0.24670004551661218
grid-7,critical_hover,obs-2,0.9999999999999998,0.3623122439690468
grid-7,critical_hover,obs-3,4.539786870243442e-05,0.24487938097405418
grid-7,critical_hover,obs-4,4.539786870243442e-05,0.2703686845698665
grid-7,critical_hover,obs-5,4.539786870243442e-05,0.25216203914428625
grid-7,critical_hover,obs-6,0.49960002583455515,0.3837050523441035
grid-8,initial_awareness,obs-0,4.539786870243436e-05,0.03917790622992961
grid-8,initial_awareness,obs-1,4.539786870243436e-05,0.06315564119032353
grid-8,initial_awareness,obs-2,0.9999999999999988,0.16249197174052749
grid-8,initial_awareness,obs-3,0.9239979919477859,0.12673945621922558
grid-8,initial_awareness,obs-4,4.539786870243436e-05,0.03810747163348348
grid-8,initial_awareness,obs-5,4.539786870243436e-05,0.04902590451723424
grid-8,initial_awareness,obs-6,0.9999999999999988,0.579105116677381
grid-8,upfront_awareness,obs-0,4.539786870243436e-05,0.03917790622992961
grid-8,upfront_awareness,obs-1,4.539786870243436e-05,0.06315564119032353
grid-8,upfront_awareness,obs-2,0.9999999999999988,0.16249197174052749
grid-8,upfront_awareness,obs-3,0.9239979919477859,0.12673945621922558
grid-8,upfront_awareness,obs-4,4.539786870243436e-05,0.03810747163348348
grid-8,upfront_awareness,obs-5,4.539786870243436e-05,0.04902590451723424
grid-8,upfront_awareness,obs-6,0.9999999999999988,0.579105116677381
grid-8,critical_memory,obs-0,4.539786870243436e-05,0.2398305084745729
grid-8,critical_memory,obs-1,4.539786870243436e-05,0.25508474576270845
grid-8,critical_memory,obs-2,0.9999999999999988,0.31991525423728573
grid-8,critical_memory,obs-3,0.9239979919477859,0.2902542372881327
grid-8,critical_memory,obs-4,4.539786870243436e-05,0.22923728813558994
grid-8,critical_memory,obs-5,4.539786870243436e-05,0.23516949152542044
grid-8,critical_memory,obs-6,0.9999999999999988,0.42542372881355717
grid-8,critical_confidence,obs-0,4.539786870243436e-05,0.08830548926014317
grid-8,critical_confidence,obs-1,4.539786870243436e-05,0.1115751789976133
grid-8,critical_confidence,obs-2,0.9999999999999988,0.14260143198090713
grid-8,critical_confidence,obs-3,0.9239979919477859,0.16527446300716053
grid-8,critical_confidence,obs-4,4.539786870243436e-05,0.1175417661097851
grid-8,critical_confidence,obs-5,4.539786870243436e-05,0.09964200477326961
grid-8,critical_confidence,obs-6,0.9999999999999988,0.3854415274463003
grid-8,critical_awareness,obs-0,4.539786870243436e-05,0.2536945812807886
grid-8,critical_awareness,obs-1,4.539786870243436e-05,0.24630541871921247
grid-8,critical_awareness,obs-2,0.9999999999999988,0.2916256157635465
grid-8,critical_awareness,obs-3,0.9239979919477859,0.29950738916256114
grid-8,critical_awareness,obs-4,4.539786870243436e-05,0.2497536945812814
grid-8,critical_awareness,obs-5,4.539786870243436e-05,0.23990147783251292
grid-8,critical_awareness,obs-6,0.9999999999999988,0.4147783251231508
grid-8,initial_loghover_duration,obs-0,4.539786870243436e-05,0.0002894356005788713
grid-8,initial_loghover_duration,obs-1,4.539786870243436e-05,0.0002894356005788713
grid-8,initial_loghover_duration,obs-2,0.9999999999999988,0.08306801736613603
grid-8,initial_loghover_duration,obs-3,0.9239979919477859,0.09175108538350221
grid-8,initial_loghover_duration,obs-4,4.539786870243436e-05,0.0
grid-8,initial_loghover_duration,obs-5,4.539786870243436e-05,0.0
grid-8,initial_loghover_duration,obs-6,0.9999999999999988,0.4434153400868306
grid-8,initial_hover,obs-0,4.539786870243436e-05,0.154571159283692
grid-8,initial_hover,obs-1,4.539786870243436e-05,0.1616399622997145
grid-8,initial_hover,obs-2,0.9999999999999988,0.221489161168705
grid-8,initial_hover,obs-3,0.9239979919477859,0.23468426013194701
grid-8,initial_hover,obs-4,4.539786870243436e-05,0.1484448633364725
grid-8,initial_hover,obs-5,4.539786870243436e-05,0.132893496701223
grid-8,initial_hover,obs-6,0.9999999999999988,0.44627709707821545
grid-8,critical_loghover_duration,obs-0,4.539786870243436e-05,0.25517241379310207
grid-8,critical_loghover_duration,obs-1,4.539786870243436e-05,0.2714285714285695
grid-8,critical_loghover_duration,obs-2,0.9999999999999988,0.309852216748766
grid-8,critical_loghover_duration,obs-3,0.9239979919477859,0.30738916256157406
grid-8,critical_loghover_duration,obs-4,4.539786870243436e-05,0.2517241379310332
grid-8,critical_loghover_duration,obs-5,4.539786870243436e-05,0.27635467980295375
grid-8,critical_loghover_duration,obs-6,0.9999999999999988,0.3783251231527059
grid-8,critical_hover,obs-0,4.539786870243436e-05,0.25517241379310207
grid-8,critical_hover,obs-1,4.539786870243436e-05,0.2714285714285695
grid-8,critical_hover,obs-2,0.9999999999999988,0.309852216748766
grid-8,critical_hover,obs-3,0.9239979919477859,0.30738916256157406
grid-8,critical_hover,obs-4,4.539786870243436e-05,0.2517241379310332
grid-8,critical_hover,obs-5,4.539786870243436e-05,0.27635467980295375
grid-8,critical_hover,obs-6,0.9999999999999988,0.3783251231527059
grid-9,initial_awareness,obs-0,4.539786870243439e-05,0.04746272739707283
grid-9,initial_awareness,obs-1,4.539786870243439e-05,0.03310080700314597
grid-9,initial_awareness,obs-2,1.0,0.35015729722336164
grid-9,initial_awareness,obs-3,1.0,0.45205854192313
grid-9,initial_awareness,obs-4,1.0,0.3264943236219397
grid-9,initial_awareness,obs-5,1.0,0.2743810696211191
grid-9,initial_awareness,obs-6,1.0,0.12310217480508807
grid-9,upfront_awareness,obs-0,4.539786870243439e-05,0.04746272739707283
grid-9,upfront_awareness,obs-1,4.539786870243439e-05,0.03310080700314597
grid-9,upfront_awareness,obs-2,1.0,0.35015729722336164
grid-9,upfront_awareness,obs-3,1.0,0.45205854192313
grid-9,upfront_awareness,obs-4,1.0,0.3264943236219397
grid-9,upfront_awareness,obs-5,1.0,0.2743810696211191
grid-9,upfront_awareness,obs-6,1.0,0.12310217480508807
grid-9,critical_memory,obs-0,4.539786870243439e-05,0.22253193960510861
grid-9,critical_memory,obs-1,4.539786870243439e-05,0.22810685249709445
grid-9,critical_memory,obs-2,1.0,0.3725900116143987
grid-9,critical_memory,obs-3,1.0,0.4078977932636425
grid-9,critical_memory,obs-4,1.0,0.3832752613240385
grid-9,critical_memory,obs-5,1.0,0.324738675958185
grid-9,critical_memory,obs-6,1.0,0.27433217189314535
grid-9,critical_confidence,obs-0,4.539786870243439e-05,0.0894909688013132
grid-9,critical_confidence,obs-1,4.539786870243439e-05,0.09113300492610794
grid-9,critical_confidence,obs-2,1.0,0.3801313628899801
grid-9,critical_confidence,obs-3,1.0,0.4236453201970402
grid-9,critical_confidence,obs-4,1.0,0.33784893267651533
grid-9,critical_confidence,obs-5,1.0,0.2623152709359586
grid-9,critical_confidence,obs-6,1.0,0.1637931034482749
grid-9,critical_awareness,obs-0,4.539786870243439e-05,0.23149958112258992
grid-9,critical_awareness,obs-1,4.539786870243439e-05,0.2281485618542291
grid-9,critical_awareness,obs-2,1.0,0.35548729405193913
grid-9,critical_awareness,obs-3,1.0,0.41496788606534296
grid-9,critical_awareness,obs-4,1.0,0.3758726612678003
grid-9,critical_awareness,obs-5,1.0,0.3135995531974294
grid-9,critical_awareness,obs-6,1.0,0.2641720189891075
grid-9,initial_loghover_duration,obs-0,4.539786870243439e-05,0.0009132420091324204
grid-9,initial_loghover_duration,obs-1,4.539786870243439e-05,0.00018264840182648408
grid-9,initial_loghover_duration,obs-2,1.0,0.3097716894977169
grid-9,initial_loghover_duration,obs-3,1.0,0.4343378995433792
grid-9,initial_loghover_duration,obs-4,1.0,0.3448401826484019
grid-9,initial_loghover_duration,obs-5,1.0,0.2650228310502283
grid-9,initial_loghover_duration,obs-6,1.0,0.11835616438356168
grid-9,initial_hover,obs-0,4.539786870243439e-05,0.1592973955178677
grid-9,initial_hover,obs-1,4.539786870243439e-05,0.1411265899454872
grid-9,initial_hover,obs-2,1.0,0.39036947304663644
grid-9,initial_hover,obs-3,1.0,0.41550575408842966
grid-9,initial_hover,obs-4,1.0,0.3528164748637173
grid-9,initial_hover,obs-5,1.0,0.2946698970321007
grid-9,initial_hover,obs-6,1.0,0.20745003028467512
grid-9,critical_loghover_duration,obs-0,4.539786870243439e-05,0.24509297520660836
grid-9,critical_loghover_duration,obs-1,4.539786870243439e-05,0.25154958677685624
grid-9,critical_loghover_duration,obs-2,1.0,0.3793904958677632
grid-9,critical_loghover_duration,obs-3,1.0,0.4028925619834651
grid-9,critical_loghover_duration,obs-4,1.0,0.38016528925619264
grid-9,critical_loghover_duration,obs-5,1.0,0.31792355371900355
grid-9,critical_loghover_duration,obs-6,1.0,0.28409090909090484
grid-9,critical_hover,obs-0,4.539786870243439e-05,0.24509297520660836
grid-9,critical_hover,obs-1,4.539786870243439e-05,0.25154958677685624
grid-9,critical_hover,obs-2,1.0,0.3793904958677632
grid-9,critical_hover,obs-3,1.0,0.4028925619834651
grid-9,critical_hover,obs-4,1.0,0.38016528925619264
grid-9,critical_hover,obs-5,1.0,0.31792355371900355
grid-9,critical_hover,obs-6,1.0,0.28409090909090484
grid-10,initial_awareness,obs-0,1.0,0.37697516930022573
grid-10,initial_awareness,obs-1,1.0,0.4440006945650283
grid-10,initial_awareness,obs-2,1.0,0.2793887827747869
grid-10,initial_awareness,obs-3,4.5397868702434395e-05,0.0397638478902588
grid-10,initial_awareness,obs-4,4.5397868702434395e-05,0.03959020663309612
grid-10,initial_awareness,obs-5,0.0016472987249416735,0.1224170862997044
grid-10,initial_awareness,obs-6,5.613801230532253e-05,0.15245702378885223
grid-10,upfront_awareness,obs-0,1.0,0.37697516930022573
grid-10,upfront_awareness,obs-1,1.0,0.4440006945650283
grid-10,upfront_awareness,obs-2,1.0,0.2793887827747869
grid-10,upfront_awareness,obs-3,4.5397868702434395e-05,0.0397638478902588
grid-10,upfront_awareness,obs-4,4.5397868702434395e-05,0.03959020663309612
grid-10,upfront_awareness,obs-5,0.0016472987249416735,0.1224170862997044
grid-10,upfront_awareness,obs-6,5.613801230532253e-05,0.15245702378885223
grid-10,critical_memory,obs-0,1.0,0.3408705483323854
grid-10,critical_memory,obs-1,1.0,0.4228377614471382
grid-10,critical_memory,obs-2,1.0,0.3671565856415992
grid-10,critical_memory,obs-3,4.5397868702434395e-05,0.22611644997173158
grid-10,critical_memory,obs-4,4.5397868702434395e-05,0.24279253815714696
grid-10,critical_memory,obs-5,0.0016472987249416735,0.29621254946296816
grid-10,critical_memory,obs-6,5.613801230532253e-05,0.24618428490672298
grid-10,critical_confidence,obs-0,1.0,0.27108433734939286
grid-10,critical_confidence,obs-1,1.0,0.42771084337348425
grid-10,critical_confidence,obs-2,1.0,0.2664504170528225
grid-10,critical_confidence,obs-3,4.5397868702434395e-05,0.10333642261352892
grid-10,critical_confidence,obs-4,4.5397868702434395e-05,0.10843373493975679
grid-10,critical_confidence,obs-5,0.0016472987249416735,0.18118628359591893
grid-10,critical_confidence,obs-6,5.613801230532253e-05,0.1214087117701549
grid-10,critical_awareness,obs-0,1.0,0.35453047775946733
grid-10,critical_awareness,obs-1,1.0,0.4257001647446402
grid-10,critical_awareness,obs-2,1.0,0.35123558484348727
grid-10,critical_awareness,obs-3,4.5397868702434395e-05,0.22108731466226875
grid-10,critical_awareness,obs-4,4.5397868702434395e-05,0.24975288303129606
grid-10,critical_awareness,obs-5,0.0016472987249416735,0.3064250411861563
grid-10,critical_awareness,obs-6,5.613801230532253e-05,0.23986820428335554
grid-10,initial_loghover_duration,obs-0,1.0,0.20505136986301356
grid-10,initial_loghover_duration,obs-1,1.0,0.4109589041095889
grid-10,initial_loghover_duration,obs-2,1.0,0.2502140410958903
grid-10,initial_loghover_duration,obs-3,4.5397868702434395e-05,0.0
grid-10,initial_loghover_duration,obs-4,4.5397868702434395e-05,0.0
grid-10,initial_loghover_duration,obs-5,0.0016472987249416735,0.011558219178082186
grid-10,initial_loghover_duration,obs-6,5.613801230532253e-05,0.01262842465753424
grid-10,initial_hover,obs-0,1.0,0.3431064572425754
grid-10,initial_hover,obs-1,1.0,0.4219895287958034
grid-10,initial_hover,obs-2,1.0,0.32076788830714825
grid-10,initial_hover,obs-3,4.5397868702434395e-05,0.1343804537521788
grid-10,initial_hover,obs-4,4.5397868702434395e-05,0.14694589877835634
grid-10,initial_hover,obs-5,0.0016472987249416735,0.2561954624781781
grid-10,initial_hover,obs-6,5.613801230532253e-05,0.1689354275741668
grid-10,critical_loghover_duration,obs-0,1.0,0.34695677741840314
grid-10,critical_loghover_duration,obs-1,1.0,0.41576007056747705
grid-10,critical_loghover_duration,obs-2,1.0,0.3954719200235185
grid-10,critical_loghover_duration,obs-3,4.5397868702434395e-05,0.263745957071446
grid-10,critical_loghover_duration,obs-4,4.5397868702434395e-05,0.26256983240223053
grid-10,critical_loghover_duration,obs-5,0.0016472987249416735,0.30049985298441306
grid-10,critical_loghover_duration,obs-6,5.613801230532253e-05,0.24698618053513247
grid-10,critical_hover,obs-0,1.0,0.34695677741840314
grid-10,critical_hover,obs-1,1.0,0.41576007056747705
grid-10,critical_hover,obs-2,1.0,0.3954719200235185
grid-10,critical_hover,obs-3,4.5397868702434395e-05,0.263745957071446
grid-10,critical_hover,obs-4,4.5397868702434395e-05,0.26256983240223053
grid-10,critical_hover,obs-5,0.0016472987249416735,0.30049985298441306
grid-10,critical_hover,obs-6,5.613801230532253e-05,0.24698618053513247
grid-11,initial_awareness,obs-0,1.0,0.32691720134433117
grid-11,initial_awareness,obs-1,1.0,0.225939505041246
grid-11,initial_awareness,obs-2,4.539786870243441e-05,0.02887259395050393
grid-11,initial_awareness,obs-3,1.0,0.4902230369691409
grid-11,initial_awareness,obs-4,1.0,0.5870760769935833
grid-11,initial_awareness,obs-5,4.539786870243441e-05,0.036052551176290644
grid-11,initial_awareness,obs-6,0.0005524714386084014,0.24488237091353457
grid-11,upfront_awareness,obs-0,1.0,0.32691720134433117
grid-11,upfront_awareness,obs-1,1.0,0.225939505041246
grid-11,upfront_awareness,obs-2,4.539786870243441e-05,0.02887259395050393
grid-11,upfront_awareness,obs-3,1.0,0.4902230369691409
grid-11,upfront_awareness,obs-4,1.0,0.5870760769935833
grid-11,upfront_awareness,obs-5,4.539786870243441e-05,0.036052551176290644
grid-11,upfront_awareness,obs-6,0.0005524714386084014,0.24488237091353457
grid-11,critical_memory,obs-0,1.0,0.3595559845559795
grid-11,critical_memory,obs-1,1.0,0.3163610038609994
grid-11,critical_memory,obs-2,4.539786870243441e-05,0.21838803088802825
grid-11,critical_memory,obs-3,1.0,0.39237451737451146
grid-11,critical_memory,obs-4,1.0,0.4459459459459394
grid-11,critical_memory,obs-5,4.539786870243441e-05,0.20873552123551883
grid-11,critical_memory,obs-6,0.0005524714386084014,0.2775096525096483
grid-11,critical_confidence,obs-0,1.0,0.33795352629433056
grid-11,critical_confidence,obs-1,1.0,0.23848348960456334
grid-11,critical_confidence,obs-2,4.539786870243441e-05,0.09987770077456108
grid-11,critical_confidence,obs-3,1.0,0.4467998369343629
grid-11,critical_confidence,obs-4,1.0,0.5205870362820996
grid-11,critical_confidence,obs-5,4.539786870243441e-05,0.09294741133306092
grid-11,critical_confidence,obs-6,0.0005524714386084014,0.15695067264573853
grid-11,critical_awareness,obs-0,1.0,0.36923946847610817
grid-11,critical_awareness,obs-1,1.0,0.31636980491942224
grid-11,critical_awareness,obs-2,4.539786870243441e-05,0.2174158891716135
grid-11,critical_awareness,obs-3,1.0,0.38818207520497466
grid-11,critical_awareness,obs-4,1.0,0.4396381113938349
grid-11,critical_awareness,obs-5,4.539786870243441e-05,0.2287249081142202
grid-11,critical_awareness,obs-6,0.0005524714386084014,0.2615210630477795
grid-11,initial_loghover_duration,obs-0,1.0,0.309094434748885
grid-11,initial_loghover_duration,obs-1,1.0,0.20787279426022875
grid-11,initial_loghover_duration,obs-2,4.539786870243441e-05,0.0009695559433779328
grid-11,initial_loghover_duration,obs-3,1.0,0.44463835563312004
grid-11,initial_loghover_duration,obs-4,1.0,0.620127981384526
grid-11,initial_loghover_duration,obs-5,4.539786870243441e-05,0.0
grid-11,initial_loghover_duration,obs-6,0.0005524714386084014,0.03645530347101029
grid-11,initial_hover,obs-0,1.0,0.35258542485635885
grid-11,initial_hover,obs-1,1.0,0.26217115210159797
grid-11,initial_hover,obs-2,4.539786870243441e-05,0.1254913819171433
grid-11,initial_hover,obs-3,1.0,0.4169942546114226
grid-11,initial_hover,obs-4,1.0,0.48805563955245557
grid-11,initial_hover,obs-5,4.539786870243441e-05,0.14242515875415526
grid-11,initial_hover,obs-6,0.0005524714386084014,0.23828243120652706
grid-11,critical_loghover_duration,obs-0,1.0,0.368744982606366
grid-11,critical_loghover_duration,obs-1,1.0,0.33395772009633046
grid-11,critical_loghover_duration,obs-2,4.539786870243441e-05,0.24698956382124648
grid-11,critical_loghover_duration,obs-3,1.0,0.3848006422263812
grid-11,critical_loghover_duration,obs-4,1.0,0.3965747926143928
grid-11,critical_loghover_duration,obs-5,4.539786870243441e-05,0.25314423334225244
grid-11,critical_loghover_duration,obs-6,0.0005524714386084014,0.26652394969226545
grid-11,critical_hover,obs-0,1.0,0.368744982606366
grid-11,critical_hover,obs-1,1.0,0.33395772009633046
grid-11,critical_hover,obs-2,4.539786870243441e-05,0.24698956382124648
grid-11,critical_hover,obs-3,1.0,0.3848006422263812
grid-11,critical_hover,obs-4,1.0,0.3965747926143928
grid-11,critical_hover,obs-5,4.539786870243441e-05,0.25314423334225244
grid-11,critical_hover,obs-6,0.0005524714386084014,0.26652394969226545
grid-12,initial_awareness,obs-0,1.0,0.2641442715700125
grid-12,initial_awareness,obs-1,4.539786870243439e-05,0.04667609618104642
grid-12,initial_awareness,obs-2,4.539786870243439e-05,0.03972182932578951
grid-12,initial_awareness,obs-3,1.0,0.7511786892974915
grid-12,initial_awareness,obs-4,1.0,0.40016501650164715
grid-12,upfront_awareness,obs-0,1.0,0.2641442715700125
grid-12,upfront_awareness,obs-1,4.539786870243439e-05,0.04667609618104642
grid-12,upfront_awareness,obs-2,4.539786870243439e-05,0.03972182932578951
grid-12,upfront_awareness,obs-3,1.0,0.7511786892974915
grid-12,upfront_awareness,obs-4,1.0,0.40016501650164715
grid-12,critical_memory,obs-0,1.0,0.37705956907477883
grid-12,critical_memory,obs-1,4.539786870243439e-05,0.2568652302492597
grid-12,critical_memory,obs-2,4.539786870243439e-05,0.2991128010139418
grid-12,critical_memory,obs-3,1.0,0.5891423743134794
grid-12,critical_memory,obs-4,1.0,0.43177017321504196
grid-12,critical_confidence,obs-0,1.0,0.2869757174392911
grid-12,critical_confidence,obs-1,4.539786870243439e-05,0.13749605802585782
grid-12,critical_confidence,obs-2,4.539786870243439e-05,0.12141280353200724
grid-12,critical_confidence,obs-3,1.0,0.6846420687480204
grid-12,critical_confidence,obs-4,1.0,0.3938820561337093
grid-12,critical_awareness,obs-0,1.0,0.38102297998517304
grid-12,critical_awareness,obs-1,4.539786870243439e-05,0.26661724734370984
grid-12,critical_awareness,obs-2,4.539786870243439e-05,0.29256239189522953
grid-12,critical_awareness,obs-3,1.0,0.5779589819619471
grid-12,critical_awareness,obs-4,1.0,0.44773906597479535
grid-12,initial_loghover_duration,obs-0,1.0,0.24549839228295822
grid-12,initial_loghover_duration,obs-1,4.539786870243439e-05,0.00048231511254019296
grid-12,initial_loghover_duration,obs-2,4.539786870243439e-05,0.0
grid-12,initial_loghover_duration,obs-3,1.0,0.8149517684887456
grid-12,initial_loghover_duration,obs-4,1.0,0.38585209003215426
grid-12,initial_hover,obs-0,1.0,0.3243053934158301
grid-12,initial_hover,obs-1,4.539786870243439e-05,0.17721223441512962
grid-12,initial_hover,obs-2,4.539786870243439e-05,0.17814615923418164
grid-12,initial_hover,obs-3,1.0,0.6402054634601851
grid-12,initial_hover,obs-4,1.0,0.40952603315433117
grid-12,critical_loghover_duration,obs-0,1.0,0.40462923274753015
grid-12,critical_loghover_duration,obs-1,4.539786870243439e-05,0.3071153021860225
grid-12,critical_loghover_duration,obs-2,4.539786870243439e-05,0.33519074153450046
grid-12,critical_loghover_duration,obs-3,1.0,0.520360051435913
grid-12,critical_loghover_duration,obs-4,1.0,0.433561937419626
grid-12,critical_hover,obs-0,1.0,0.40462923274753015
grid-12,critical_hover,obs-1,4.539786870243439e-05,0.3071153021860225
grid-12,critical_hover,obs-2,4.539786870243439e-05,0.33519074153450046
grid-12,critical_hover,obs-3,1.0,0.520360051435913
grid-12,critical_hover,obs-4,1.0,0.433561937419626
grid-13,initial_awareness,obs-0,1.0,0.23259612968082377
grid-13,initial_awareness,obs-1,4.539786870243439e-05,0.050012565971349454
grid-13,initial_awareness,obs-2,4.539786870243439e-05,0.04511183714501119
grid-13,initial_awareness,obs-3,1.0,0.3987182709223427
grid-13,initial_awareness,obs-4,1.0,0.8087459160593132
grid-13,upfront_awareness,obs-0,1.0,0.23259612968082377
grid-13,upfront_awareness,obs-1,4.539786870243439e-05,0.050012565971349454
grid-13,upfront_awareness,obs-2,4.539786870243439e-05,0.04511183714501119
grid-13,upfront_awareness,obs-3,1.0,0.3987182709223427
grid-13,upfront_awareness,obs-4,1.0,0.8087459160593132
grid-13,critical_memory,obs-0,1.0,0.39938353148392863
grid-13,critical_memory,obs-1,4.539786870243439e-05,0.2851166886833988
grid-13,critical_memory,obs-2,4.539786870243439e-05,0.26860413914575026
grid-13,critical_memory,obs-3,1.0,0.4473800088066949
grid-13,critical_memory,obs-4,1.0,0.599295464553065
grid-13,critical_confidence,obs-0,1.0,0.2793467165702583
grid-13,critical_confidence,obs-1,4.539786870243439e-05,0.1272541680843808
grid-13,critical_confidence,obs-2,4.539786870243439e-05,0.10071452875127464
grid-13,critical_confidence,obs-3,1.0,0.42599523647498605
grid-13,critical_confidence,obs-4,1.0,0.722354542361341
grid-13,critical_awareness,obs-0,1.0,0.37780015101937986
grid-13,critical_awareness,obs-1,4.539786870243439e-05,0.2876919204631254
grid-13,critical_awareness,obs-2,4.539786870243439e-05,0.2625220236597023
grid-13,critical_awareness,obs-3,1.0,0.45482003523785436
grid-13,critical_awareness,obs-4,1.0,0.5912408759124073
grid-13,initial_loghover_duration,obs-0,1.0,0.2180222747215659
grid-13,initial_loghover_duration,obs-1,4.539786870243439e-05,0.00016874789065136686
grid-13,initial_loghover_duration,obs-2,4.539786870243439e-05,0.0
grid-13,initial_loghover_duration,obs-3,1.0,0.4144448194397569
grid-13,initial_loghover_duration,obs-4,1.0,0.8639892001349982
grid-13,initial_hover,obs-0,1.0,0.3152759948652076
grid-13,initial_hover,obs-1,4.539786870243439e-05,0.186392811296533
grid-13,initial_hover,obs-2,4.539786870243439e-05,0.15866495507060246
grid-13,initial_hover,obs-3,1.0,0.4251604621309307
grid-13,initial_hover,obs-4,1.0,0.6641848523748274
grid-13,critical_loghover_duration,obs-0,1.0,0.4002386634844833
grid-13,critical_loghover_duration,obs-1,4.539786870243439e-05,0.3243436754176582
grid-13,critical_loghover_duration,obs-2,4.539786870243439e-05,0.31097852028639306
grid-13,critical_loghover_duration,obs-3,1.0,0.43579952267302685
grid-13,critical_loghover_duration,obs-4,1.0,0.5577565632458173
grid-13,critical_hover,obs-0,1.0,0.4002386634844833
grid-13,critical_hover,obs-1,4.539786870243439e-05,0.3243436754176582
grid-13,critical_hover,obs-2,4.539786870243439e-05,0.31097852028639306
grid-13,critical_hover,obs-3,1.0,0.43579952267302685
grid-13,critical_hover,obs-4,1.0,0.5577565632458173
grid-14,initial_awareness,obs-0,1.0,0.35471306154245696
grid-14,initial_awareness,obs-1,4.539786870243439e-05,0.04829914307971945
grid-14,initial_awareness,obs-2,4.539786870243439e-05,0.04700077901843667
grid-14,initial_awareness,obs-3,1.0,0.32575954297585136
grid-14,initial_awareness,obs-4,1.0,0.7922617501947584
grid-14,upfront_awareness,obs-0,1.0,0.35471306154245696
grid-14,upfront_awareness,obs-1,4.539786870243439e-05,0.04829914307971945
grid-14,upfront_awareness,obs-2,4.539786870243439e-05,0.04700077901843667
grid-14,upfront_awareness,obs-3,1.0,0.32575954297585136
grid-14,upfront_awareness,obs-4,1.0,0.7922617501947584
grid-14,critical_memory,obs-0,1.0,0.4186788154897472
grid-14,critical_memory,obs-1,4.539786870243439e-05,0.2943052391799547
grid-14,critical_memory,obs-2,4.539786870243439e-05,0.272209567198178
grid-14,critical_memory,obs-3,1.0,0.39726651480637654
grid-14,critical_memory,obs-4,1.0,0.5512528473804075
grid-14,critical_confidence,obs-0,1.0,0.3333333333333278
grid-14,critical_confidence,obs-1,4.539786870243439e-05,0.1253701875616964
grid-14,critical_confidence,obs-2,4.539786870243439e-05,0.12207963145771487
grid-14,critical_confidence,obs-3,1.0,0.3181967752550125
grid-14,critical_confidence,obs-4,1.0,0.7002303389272696
grid-14,critical_awareness,obs-0,1.0,0.41838311019567126
grid-14,critical_awareness,obs-1,4.539786870243439e-05,0.28707518022656936
grid-14,critical_awareness,obs-2,4.539786870243439e-05,0.2675077239958801
grid-14,critical_awareness,obs-3,1.0,0.395211122554064
grid-14,critical_awareness,obs-4,1.0,0.5535530381050421
grid-14,initial_loghover_duration,obs-0,1.0,0.3138968240631827
grid-14,initial_loghover_duration,obs-1,4.539786870243439e-05,0.0005041169551335911
grid-14,initial_loghover_duration,obs-2,4.539786870243439e-05,0.0
grid-14,initial_loghover_duration,obs-3,1.0,0.2754158964879853
grid-14,initial_loghover_duration,obs-4,1.0,0.8433876659384993
grid-14,initial_hover,obs-0,1.0,0.37571535207762824
grid-14,initial_hover,obs-1,4.539786870243439e-05,0.17840258770838244
grid-14,initial_hover,obs-2,4.539786870243439e-05,0.17715849713858883
grid-14,initial_hover,obs-3,1.0,0.35157999502363585
grid-14,initial_hover,obs-4,1.0,0.6511570042299067
grid-14,critical_loghover_duration,obs-0,1.0,0.4347826086956485
grid-14,critical_loghover_duration,obs-1,4.539786870243439e-05,0.30659670164917263
grid-14,critical_loghover_duration,obs-2,4.539786870243439e-05,0.3163418290854545
grid-14,critical_loghover_duration,obs-3,1.0,0.40554722638680324
grid-14,critical_loghover_duration,obs-4,1.0,0.5204897551224344
grid-14,critical_hover,obs-0,1.0,0.4347826086956485
grid-14,critical_hover,obs-1,4.539786870243439e-05,0.30659670164917263
grid-14,critical_hover,obs-2,4.539786870243439e-05,0.3163418290854545
grid-14,critical_hover,obs-3,1.0,0.40554722638680324
grid-14,critical_hover,obs-4,1.0,0.5204897551224344
grid-15,initial_awareness,obs-0,1.0,0.3667065868263471
grid-15,initial_awareness,obs-1,4.539786870243439e-05,0.04383233532934114
grid-15,initial_awareness,obs-2,4.539786870243439e-05,0.04371257485029923
grid-15,initial_awareness,obs-3,1.0,0.3271856287425159
grid-15,initial_awareness,obs-4,1.0,0.8105389221556918
grid-15,upfront_awareness,obs-0,1.0,0.3667065868263471
grid-15,upfront_awareness,obs-1,4.539786870243439e-05,0.04383233532934114
grid-15,upfront_awareness,obs-2,4.539786870243439e-05,0.04371257485029923
grid-15,upfront_awareness,obs-3,1.0,0.3271856287425159
grid-15,upfront_awareness,obs-4,1.0,0.8105389221556918
grid-15,critical_memory,obs-0,1.0,0.418757975329645
grid-15,critical_memory,obs-1,4.539786870243439e-05,0.26754572522330783
grid-15,critical_memory,obs-2,4.539786870243439e-05,0.2758400680561449
grid-15,critical_memory,obs-3,1.0,0.4153551680136091
grid-15,critical_memory,obs-4,1.0,0.5769885155253055
grid-15,critical_confidence,obs-0,1.0,0.3705288902476251
grid-15,critical_confidence,obs-1,4.539786870243439e-05,0.11617242433506451
grid-15,critical_confidence,obs-2,4.539786870243439e-05,0.1262610822378464
grid-15,critical_confidence,obs-3,1.0,0.3372057474778304
grid-15,critical_confidence,obs-4,1.0,0.7178232956282359
grid-15,critical_awareness,obs-0,1.0,0.4333413403795332
grid-15,critical_awareness,obs-1,4.539786870243439e-05,0.2824885899591641
grid-15,critical_awareness,obs-2,4.539786870243439e-05,0.2721595003603172
grid-15,critical_awareness,obs-3,1.0,0.4004323804948349
grid-15,critical_awareness,obs-4,1.0,0.5702618304107614
grid-15,initial_loghover_duration,obs-0,1.0,0.3397040690505549
grid-15,initial_loghover_duration,obs-1,4.539786870243439e-05,0.0
grid-15,initial_loghover_duration,obs-2,4.539786870243439e-05,0.0
grid-15,initial_loghover_duration,obs-3,1.0,0.2994759556103576
grid-15,initial_loghover_duration,obs-4,1.0,0.8696054254007396
grid-15,initial_hover,obs-0,1.0,0.3995354239256626
grid-15,initial_hover,obs-1,4.539786870243439e-05,0.17584204413472543
grid-15,initial_hover,obs-2,4.539786870243439e-05,0.16492450638791942
grid-15,initial_hover,obs-3,1.0,0.37700348432055225
grid-15,initial_hover,obs-4,1.0,0.6754936120789723
grid-15,critical_loghover_duration,obs-0,1.0,0.45087759288807583
grid-15,critical_loghover_duration,obs-1,4.539786870243439e-05,0.30749943013448683
grid-15,critical_loghover_duration,obs-2,4.539786870243439e-05,0.31251424663779226
grid-15,critical_loghover_duration,obs-3,1.0,0.40095737405971976
grid-15,critical_loghover_duration,obs-4,1.0,0.5324823341691329
grid-15,critical_hover,obs-0,1.0,0.45087759288807583
grid-15,critical_hover,obs-1,4.539786870243439e-05,0.30749943013448683
grid-15,critical_hover,obs-2,4.539786870243439e-05,0.31251424663779226
grid-15,critical_hover,obs-3,1.0,0.40095737405971976
grid-15,critical_hover,obs-4,1.0,0.5324823341691329
