,noise_position_moving,noise_collision_direction,noise_collision_elasticity,epsilon,rmse,r
0,0.0,0.0,0.0,0.15000000000000002,0.09223905040104396,0.9720695291822505
1,0.0,0.1,0.0,0.25,0.13089415544766578,0.9378799282150939
2,0.0,0.2,0.0,0.2,0.09764846385067771,0.9658505113704099
3,0.0,0.30000000000000004,0.0,0.2,0.0840624971555459,0.9749299059747425
4,0.0,0.4,0.0,0.2,0.08406663091058504,0.9752058584060564
5,0.0,0.5,0.0,0.1,0.09776284706730726,0.9706430640680502
6,0.0,0.6000000000000001,0.0,0.15000000000000002,0.08963003491122433,0.973092405583242
7,0.0,0.7000000000000001,0.0,0.1,0.1018199126218926,0.9683098841792465
8,0.0,0.8,0.0,0.2,0.08681178003657128,0.9729514921471714
9,1.0,0.0,0.0,0.25,0.11089899931229072,0.9554676601201264
10,1.0,0.1,0.0,0.2,0.08638481186580226,0.9741560721026795
11,1.0,0.2,0.0,0.15000000000000002,0.09653154004840274,0.97025899001598
12,1.0,0.30000000000000004,0.0,0.2,0.09101031528382741,0.9701782890517435
13,1.0,0.4,0.0,0.15000000000000002,0.0857293919584972,0.9748087978265295
14,1.0,0.5,0.0,0.15000000000000002,0.08345150272072789,0.9760823108379422
15,1.0,0.6000000000000001,0.0,0.15000000000000002,0.08840343980502707,0.973293319872046
16,1.0,0.7000000000000001,0.0,0.25,0.12998800716498185,0.9386914251694458
17,1.0,0.8,0.0,0.15000000000000002,0.09379246713369811,0.9714526531546261
18,2.0,0.0,0.0,0.15000000000000002,0.09767451747981216,0.9689944389463937
19,2.0,0.1,0.0,0.15000000000000002,0.09556101059451458,0.9699107803273066
20,2.0,0.2,0.0,0.15000000000000002,0.09799411257760952,0.9691568120521556
21,2.0,0.30000000000000004,0.0,0.2,0.08706927374393972,0.9734049786454402
22,2.0,0.4,0.0,0.15000000000000002,0.08601592421705027,0.9751028751133346
23,2.0,0.5,0.0,0.15000000000000002,0.08103185472211996,0.9782123657373715
24,2.0,0.6000000000000001,0.0,0.15000000000000002,0.08586189504084078,0.9754055776454907
25,2.0,0.7000000000000001,0.0,0.1,0.10157460379382618,0.9679714827433208
26,2.0,0.8,0.0,0.1,0.0956622560362138,0.9722975886852576
27,3.0,0.0,0.0,0.2,0.09158215477517098,0.9698413899007564
28,3.0,0.1,0.0,0.25,0.12007330827173227,0.9474004726423743
29,3.0,0.2,0.0,0.15000000000000002,0.08563447303047445,0.9773104617575228
30,3.0,0.30000000000000004,0.0,0.2,0.08927898175837888,0.9713703610675469
31,3.0,0.4,0.0,0.15000000000000002,0.09862151627619879,0.9688737362270224
32,3.0,0.5,0.0,0.2,0.09804825493908817,0.9654334695530701
33,3.0,0.6000000000000001,0.0,0.2,0.0842029635530502,0.9750305844291349
34,3.0,0.7000000000000001,0.0,0.2,0.09095344371292098,0.9712982180138313
35,3.0,0.8,0.0,0.2,0.08549219337419761,0.9741938825573137
36,4.0,0.0,0.0,0.2,0.08990823354785432,0.971542215373363
37,4.0,0.1,0.0,0.25,0.10262843215120342,0.9622447414357557
38,4.0,0.2,0.0,0.15000000000000002,0.0936308869244319,0.9714626450257997
39,4.0,0.30000000000000004,0.0,0.15000000000000002,0.09046190731061327,0.9743473051560609
40,4.0,0.4,0.0,0.15000000000000002,0.09312602035573377,0.9710085200421281
41,4.0,0.5,0.0,0.15000000000000002,0.08964874998725252,0.9721331605382877
42,4.0,0.6000000000000001,0.0,0.2,0.08883126677090639,0.9715528624325561
43,4.0,0.7000000000000001,0.0,0.15000000000000002,0.08885917573668005,0.9728687165784455
44,4.0,0.8,0.0,0.25,0.11031545986623226,0.9558710035762293
45,5.0,0.0,0.0,0.15000000000000002,0.08922241249816781,0.9730798138305431
46,5.0,0.1,0.0,0.2,0.08733237992473046,0.9728601057963241
47,5.0,0.2,0.0,0.15000000000000002,0.08676771207221944,0.9744903608078085
48,5.0,0.30000000000000004,0.0,0.2,0.094218498863176,0.9684340746954564
49,5.0,0.4,0.0,0.15000000000000002,0.09675905375684872,0.9681306804355979
50,5.0,0.5,0.0,0.2,0.09271711729380681,0.968929023227326
51,5.0,0.6000000000000001,0.0,0.25,0.10523092874110639,0.9601336495465344
52,5.0,0.7000000000000001,0.0,0.2,0.09095612077168226,0.9702207506205562
53,5.0,0.8,0.0,0.15000000000000002,0.0922548577437991,0.9730537745827721
54,6.0,0.0,0.0,0.2,0.08849236063867308,0.97263909456134
55,6.0,0.1,0.0,0.15000000000000002,0.09388433670936609,0.9695765385963182
56,6.0,0.2,0.0,0.2,0.0933077120925245,0.9689916889380676
57,6.0,0.30000000000000004,0.0,0.2,0.09262512483392535,0.9690502817153145
58,6.0,0.4,0.0,0.2,0.09762375080325181,0.9659020208444131
59,6.0,0.5,0.0,0.15000000000000002,0.08326038867297225,0.9764698344836894
60,6.0,0.6000000000000001,0.0,0.15000000000000002,0.09550937059092343,0.9702404705320496
61,6.0,0.7000000000000001,0.0,0.2,0.08682942908536186,0.9734401566747327
62,6.0,0.8,0.0,0.2,0.09850183672794155,0.9650564043240726
63,7.0,0.0,0.0,0.2,0.09515284123902436,0.9686244919739636
64,7.0,0.1,0.0,0.15000000000000002,0.08776203694094052,0.9749250051436524
65,7.0,0.2,0.0,0.15000000000000002,0.0893301735666622,0.9735052616213961
66,7.0,0.30000000000000004,0.0,0.15000000000000002,0.08690208159424143,0.97471796478995
67,7.0,0.4,0.0,0.15000000000000002,0.09600585407011483,0.9692901809366922
68,7.0,0.5,0.0,0.2,0.09359371684395887,0.9684142542280109
69,7.0,0.6000000000000001,0.0,0.25,0.1056768106253623,0.9597004725179578
70,7.0,0.7000000000000001,0.0,0.15000000000000002,0.10193711062045732,0.9666795296180094
71,7.0,0.8,0.0,0.2,0.09096328110148572,0.9702980947215951
72,8.0,0.0,0.0,0.25,0.11122614913720809,0.9550025769686995
73,8.0,0.1,0.0,0.2,0.09133970626344393,0.9705805703015866
74,8.0,0.2,0.0,0.15000000000000002,0.08344217402609636,0.9781550056860957
75,8.0,0.30000000000000004,0.0,0.15000000000000002,0.09696494701185378,0.9685106987284741
76,8.0,0.4,0.0,0.15000000000000002,0.0880288142245954,0.9733275064439867
77,8.0,0.5,0.0,0.2,0.08917794142807639,0.9715292935566527
78,8.0,0.6000000000000001,0.0,0.2,0.08631408529182279,0.9734884603859726
79,8.0,0.7000000000000001,0.0,0.15000000000000002,0.08874757915813945,0.9729702647095244
80,8.0,0.8,0.0,0.15000000000000002,0.09596470134734511,0.9716096769937125
81,9.0,0.0,0.0,0.15000000000000002,0.0894025307751681,0.9746080469870786
82,9.0,0.1,0.0,0.2,0.0892710511972085,0.9721719637047362
83,9.0,0.2,0.0,0.25,0.1003368793958904,0.9640177307375629
84,9.0,0.30000000000000004,0.0,0.15000000000000002,0.09131353612582577,0.9743044702246371
85,9.0,0.4,0.0,0.2,0.08508068531385725,0.9741432519508763
86,9.0,0.5,0.0,0.15000000000000002,0.08569230914482848,0.9755616828173334
87,9.0,0.6000000000000001,0.0,0.15000000000000002,0.08663113921500012,0.9755532739813181
88,9.0,0.7000000000000001,0.0,0.15000000000000002,0.09235176192497052,0.9735525265635673
89,9.0,0.8,0.0,0.2,0.09060662351937522,0.9706974831952402
90,10.0,0.0,0.0,0.2,0.08937992351335974,0.9714414040407933
91,10.0,0.1,0.0,0.2,0.08836413327171291,0.9722307577690243
92,10.0,0.2,0.0,0.15000000000000002,0.09458365930789274,0.9739540884643924
93,10.0,0.30000000000000004,0.0,0.15000000000000002,0.08947845817330768,0.9743227043713539
94,10.0,0.4,0.0,0.2,0.08581494884124034,0.9750393520182437
95,10.0,0.5,0.0,0.2,0.0902311646069509,0.9707933540061753
96,10.0,0.6000000000000001,0.0,0.15000000000000002,0.08673218264236807,0.9746569488253246
97,10.0,0.7000000000000001,0.0,0.15000000000000002,0.08682188461448657,0.974927302634655
98,10.0,0.8,0.0,0.2,0.08895339513083889,0.9726467671320451
99,11.0,0.0,0.0,0.15000000000000002,0.08964894455258482,0.9770356129939126
100,11.0,0.1,0.0,0.2,0.0851884663290081,0.9744452395023586
101,11.0,0.2,0.0,0.2,0.08500083583050885,0.9746333886810244
102,11.0,0.30000000000000004,0.0,0.15000000000000002,0.09502816642758653,0.97310707905697
103,11.0,0.4,0.0,0.2,0.08685598718418243,0.9731949957469948
104,11.0,0.5,0.0,0.2,0.08527510297688869,0.9744694170112621
105,11.0,0.6000000000000001,0.0,0.2,0.09080824214498316,0.9709683888062327
106,11.0,0.7000000000000001,0.0,0.25,0.10274049312455986,0.9625099527901289
107,11.0,0.8,0.0,0.25,0.10537850862012296,0.9602359898156139
108,12.0,0.0,0.0,0.15000000000000002,0.0858465401840723,0.9752041146326949
109,12.0,0.1,0.0,0.15000000000000002,0.08384700216552961,0.9782423618687148
110,12.0,0.2,0.0,0.2,0.09449221899703357,0.9683877492161237
111,12.0,0.30000000000000004,0.0,0.2,0.08534047263967809,0.9745754124844349
112,12.0,0.4,0.0,0.1,0.09763554912966836,0.9716471110588897
113,12.0,0.5,0.0,0.2,0.08427898604742701,0.9757487975748338
114,12.0,0.6000000000000001,0.0,0.15000000000000002,0.08690804428041124,0.9744515556865478
115,12.0,0.7000000000000001,0.0,0.1,0.09884845133538658,0.9707748693980628
116,12.0,0.8,0.0,0.15000000000000002,0.08859833441704157,0.9762675599254874
117,13.0,0.0,0.0,0.1,0.09694626698729937,0.9706231639281152
118,13.0,0.1,0.0,0.1,0.0922160842849361,0.9761253327128409
119,13.0,0.2,0.0,0.1,0.10262662392029018,0.9679145664412501
120,13.0,0.30000000000000004,0.0,0.2,0.08352786677504104,0.9758204841454007
121,13.0,0.4,0.0,0.2,0.09056384660491007,0.970778937949767
122,13.0,0.5,0.0,0.15000000000000002,0.08543923715599856,0.9759031742872263
123,13.0,0.6000000000000001,0.0,0.25,0.10320363924651942,0.9621134491605734
124,13.0,0.7000000000000001,0.0,0.1,0.09645426239367332,0.9715800426031617
125,13.0,0.8,0.0,0.2,0.08914943617332043,0.9730960848817569
126,14.0,0.0,0.0,0.2,0.08513366741790249,0.9755402754200978
127,14.0,0.1,0.0,0.2,0.09159858847043459,0.9705188914690489
128,14.0,0.2,0.0,0.1,0.1015970516657186,0.968432866925478
129,14.0,0.30000000000000004,0.0,0.2,0.0860966246486675,0.973875315098004
130,14.0,0.4,0.0,0.2,0.09045146773911106,0.9715481470037747
131,14.0,0.5,0.0,0.15000000000000002,0.09134319988687001,0.9729630213435911
132,14.0,0.6000000000000001,0.0,0.2,0.08968571889596945,0.9716535656858301
133,14.0,0.7000000000000001,0.0,0.1,0.10505307860713065,0.9678621807686171
134,14.0,0.8,0.0,0.2,0.08800804244527637,0.9729498043001957
135,15.0,0.0,0.0,0.1,0.10348050214967877,0.9671144456199555
136,15.0,0.1,0.0,0.1,0.09902390949394932,0.9710269772007736
137,15.0,0.2,0.0,0.2,0.08734355725658599,0.9733393846833964
138,15.0,0.30000000000000004,0.0,0.1,0.10028162207107612,0.9694410584724871
139,15.0,0.4,0.0,0.1,0.09361548064962316,0.9757537431869605
140,15.0,0.5,0.0,0.1,0.09625778748581192,0.9738705238116574
141,15.0,0.6000000000000001,0.0,0.1,0.09473764560634242,0.9740252740314471
142,15.0,0.7000000000000001,0.0,0.1,0.09303446211383098,0.9762858221898478
143,15.0,0.8,0.0,0.1,0.09706828263529789,0.9754574055782947
144,0.0,0.0,0.1,0.25,0.10839532871311246,0.9573997893268505
145,0.0,0.1,0.1,0.2,0.0906260032116969,0.9705570543664384
146,0.0,0.2,0.1,0.2,0.0848164022768492,0.9743691151560866
147,0.0,0.30000000000000004,0.1,0.2,0.08838792365345964,0.9732551450792184
148,0.0,0.4,0.1,0.2,0.09491087384642236,0.9678499374340775
149,0.0,0.5,0.1,0.2,0.0885583878575414,0.9726234886243987
150,0.0,0.6000000000000001,0.1,0.2,0.08528967819223061,0.9750292905532629
151,0.0,0.7000000000000001,0.1,0.2,0.09146629904366023,0.9700957191721595
152,0.0,0.8,0.1,0.15000000000000002,0.08776069669191476,0.97448777421813
153,1.0,0.0,0.1,0.2,0.08799348853560228,0.9725526222785759
154,1.0,0.1,0.1,0.15000000000000002,0.08542460584416434,0.9750664707296386
155,1.0,0.2,0.1,0.2,0.09466697504572331,0.9681324209677876
156,1.0,0.30000000000000004,0.1,0.15000000000000002,0.08508895874410975,0.9759565006397447
157,1.0,0.4,0.1,0.25,0.10825549156273953,0.9574960945832349
158,1.0,0.5,0.1,0.15000000000000002,0.09326682647257911,0.9729248999889676
159,1.0,0.6000000000000001,0.1,0.2,0.09558933106796301,0.9674506128213876
160,1.0,0.7000000000000001,0.1,0.25,0.10693596604938917,0.9585990048755372
161,1.0,0.8,0.1,0.25,0.10291158498446899,0.9618549704979675
162,2.0,0.0,0.1,0.2,0.08387371902662422,0.9755846917088931
163,2.0,0.1,0.1,0.15000000000000002,0.08102733331384025,0.9796094337604948
164,2.0,0.2,0.1,0.2,0.08872317090074566,0.9719527674073986
165,2.0,0.30000000000000004,0.1,0.2,0.08499994179175896,0.9744347620149747
166,2.0,0.4,0.1,0.15000000000000002,0.0886720935325716,0.9740487090534492
167,2.0,0.5,0.1,0.2,0.0904339562505178,0.9720230592292856
168,2.0,0.6000000000000001,0.1,0.2,0.08761473493700646,0.9738539180445943
169,2.0,0.7000000000000001,0.1,0.2,0.08265766383274571,0.9756394980244514
170,2.0,0.8,0.1,0.1,0.09222796647390438,0.9747190765025475
171,3.0,0.0,0.1,0.2,0.08628205481157816,0.9740485325220745
172,3.0,0.1,0.1,0.1,0.09220833254365332,0.9759609172690779
173,3.0,0.2,0.1,0.2,0.0890988915733369,0.9719501112475482
174,3.0,0.30000000000000004,0.1,0.15000000000000002,0.08249596990147924,0.9784494050651473
175,3.0,0.4,0.1,0.2,0.08711037577314354,0.9736655282592003
176,3.0,0.5,0.1,0.2,0.09322690143879793,0.9689112776234489
177,3.0,0.6000000000000001,0.1,0.2,0.08876387445980145,0.9716860745454526
178,3.0,0.7000000000000001,0.1,0.2,0.08876102080470426,0.9719217507267452
179,3.0,0.8,0.1,0.2,0.08584894149185641,0.9745544400166664
180,4.0,0.0,0.1,0.2,0.08999561447305758,0.9724162273437718
181,4.0,0.1,0.1,0.2,0.08228366804823957,0.9761325293514477
182,4.0,0.2,0.1,0.15000000000000002,0.09546193339669568,0.9711087640198246
183,4.0,0.30000000000000004,0.1,0.2,0.08591841688656186,0.9746262353322956
184,4.0,0.4,0.1,0.15000000000000002,0.08562712164662309,0.9752499991839426
185,4.0,0.5,0.1,0.15000000000000002,0.0892330002840311,0.9750166435407225
186,4.0,0.6000000000000001,0.1,0.15000000000000002,0.08068808050997725,0.9785374797750294
187,4.0,0.7000000000000001,0.1,0.15000000000000002,0.09012173186759946,0.9736276876755176
188,4.0,0.8,0.1,0.15000000000000002,0.08897140667178656,0.9747462000617075
189,5.0,0.0,0.1,0.25,0.10112563137341146,0.9634027358866384
190,5.0,0.1,0.1,0.2,0.08874973069080538,0.9720435838073124
191,5.0,0.2,0.1,0.15000000000000002,0.08578775674112152,0.9757258365496981
192,5.0,0.30000000000000004,0.1,0.2,0.08723012934105251,0.9729231695673046
193,5.0,0.4,0.1,0.2,0.09030123252777206,0.971028483809661
194,5.0,0.5,0.1,0.2,0.08738704424580142,0.9726987401213917
195,5.0,0.6000000000000001,0.1,0.2,0.09493435866527952,0.969904899164423
196,5.0,0.7000000000000001,0.1,0.2,0.08701414830935332,0.9733689398901474
197,5.0,0.8,0.1,0.25,0.10255373016368194,0.9623302378622773
198,6.0,0.0,0.1,0.15000000000000002,0.0969364167198552,0.970347754155359
199,6.0,0.1,0.1,0.15000000000000002,0.0855377580932444,0.975647021457793
200,6.0,0.2,0.1,0.2,0.08860080159901959,0.9733038384733705
201,6.0,0.30000000000000004,0.1,0.2,0.08635819450461894,0.9734959765716316
202,6.0,0.4,0.1,0.15000000000000002,0.08817125242782149,0.975792849799119
203,6.0,0.5,0.1,0.15000000000000002,0.09108279325062003,0.9727014416359725
204,6.0,0.6000000000000001,0.1,0.15000000000000002,0.09386163072535667,0.9744555111679248
205,6.0,0.7000000000000001,0.1,0.15000000000000002,0.08736891424130747,0.9750307307234333
206,6.0,0.8,0.1,0.15000000000000002,0.08546279138821787,0.9755542778838738
207,7.0,0.0,0.1,0.15000000000000002,0.08935234522700165,0.9740217767698124
208,7.0,0.1,0.1,0.15000000000000002,0.08546803432042138,0.9761304634087667
209,7.0,0.2,0.1,0.15000000000000002,0.09047908457098705,0.974513108824154
210,7.0,0.30000000000000004,0.1,0.15000000000000002,0.09264304790260212,0.9729613937406134
211,7.0,0.4,0.1,0.15000000000000002,0.08727061715384081,0.9752263596442695
212,7.0,0.5,0.1,0.15000000000000002,0.0941499683602396,0.9739169686570757
213,7.0,0.6000000000000001,0.1,0.15000000000000002,0.09441223023942362,0.9734382652883451
214,7.0,0.7000000000000001,0.1,0.2,0.08458521838099407,0.9748037758731415
215,7.0,0.8,0.1,0.15000000000000002,0.08919026961110835,0.9750233063712768
216,8.0,0.0,0.1,0.2,0.08469747461802522,0.975466382264161
217,8.0,0.1,0.1,0.2,0.0851182173722568,0.9753313726715872
218,8.0,0.2,0.1,0.2,0.08684892916973676,0.9730403373459121
219,8.0,0.30000000000000004,0.1,0.15000000000000002,0.08949255187715544,0.972773107370397
220,8.0,0.4,0.1,0.15000000000000002,0.08897920067429957,0.9759478681801484
221,8.0,0.5,0.1,0.15000000000000002,0.08315617119923142,0.979333575560363
222,8.0,0.6000000000000001,0.1,0.2,0.08328879367228138,0.9758558139614599
223,8.0,0.7000000000000001,0.1,0.25,0.10102677436998855,0.9637763044354021
224,8.0,0.8,0.1,0.2,0.08950487670061537,0.971695162796116
225,9.0,0.0,0.1,0.15000000000000002,0.09355712383383319,0.9727285606932993
226,9.0,0.1,0.1,0.2,0.08561349636760526,0.9747315835950859
227,9.0,0.2,0.1,0.2,0.08498126954933757,0.9750605608600481
228,9.0,0.30000000000000004,0.1,0.25,0.0994113104981743,0.9651769187450966
229,9.0,0.4,0.1,0.15000000000000002,0.08645093879729678,0.975948617858556
230,9.0,0.5,0.1,0.15000000000000002,0.09463435516955877,0.9727813999377962
231,9.0,0.6000000000000001,0.1,0.2,0.0902596864915226,0.9713064067939425
232,9.0,0.7000000000000001,0.1,0.15000000000000002,0.09204715113824359,0.9755501875517094
233,9.0,0.8,0.1,0.15000000000000002,0.08533422825366377,0.97587314193585
234,10.0,0.0,0.1,0.2,0.08349234065809799,0.9760125892868565
235,10.0,0.1,0.1,0.15000000000000002,0.08330136682314672,0.9773595443968907
236,10.0,0.2,0.1,0.15000000000000002,0.08569342250356556,0.9759274579634452
237,10.0,0.30000000000000004,0.1,0.2,0.08696436865021683,0.9734204137323562
238,10.0,0.4,0.1,0.2,0.08509676507488052,0.974608965316541
239,10.0,0.5,0.1,0.2,0.08908010585983765,0.9725652071516724
240,10.0,0.6000000000000001,0.1,0.2,0.08760097528062732,0.972882026224734
241,10.0,0.7000000000000001,0.1,0.15000000000000002,0.09279028896053367,0.9749239728885863
242,10.0,0.8,0.1,0.2,0.08666338333162993,0.974491610432828
243,11.0,0.0,0.1,0.15000000000000002,0.09131942370088955,0.9749989893772738
244,11.0,0.1,0.1,0.1,0.09026402420710554,0.9769267598427388
245,11.0,0.2,0.1,0.2,0.08660330178502403,0.9741098548758769
246,11.0,0.30000000000000004,0.1,0.15000000000000002,0.0862180586509823,0.9761247911533006
247,11.0,0.4,0.1,0.25,0.10020501807730428,0.9652468708901913
248,11.0,0.5,0.1,0.15000000000000002,0.08708255875536686,0.9750434391764009
249,11.0,0.6000000000000001,0.1,0.15000000000000002,0.09010283003472291,0.9761936485499122
250,11.0,0.7000000000000001,0.1,0.15000000000000002,0.08938669712041367,0.9748293905779377
251,11.0,0.8,0.1,0.2,0.08612025721518962,0.9739196732934922
252,12.0,0.0,0.1,0.2,0.08940524819899093,0.9722214906792361
253,12.0,0.1,0.1,0.15000000000000002,0.08473726119211245,0.9770805744916028
254,12.0,0.2,0.1,0.2,0.08653761603697148,0.9743824924153796
255,12.0,0.30000000000000004,0.1,0.2,0.08638361695560444,0.9745052859813682
256,12.0,0.4,0.1,0.15000000000000002,0.08578397168153575,0.9757261769381799
257,12.0,0.5,0.1,0.2,0.08343492261959806,0.9758802776286859
258,12.0,0.6000000000000001,0.1,0.2,0.0871429330568848,0.9735532050969148
259,12.0,0.7000000000000001,0.1,0.2,0.08332777605732752,0.9763341395824673
260,12.0,0.8,0.1,0.2,0.09217871785726618,0.9713311324387193
261,13.0,0.0,0.1,0.15000000000000002,0.09093692385251768,0.9732064427208001
262,13.0,0.1,0.1,0.2,0.08700117441990333,0.9744092054115719
263,13.0,0.2,0.1,0.1,0.09762141671827884,0.9720443100790818
264,13.0,0.30000000000000004,0.1,0.15000000000000002,0.08679019705062745,0.9767482600282507
265,13.0,0.4,0.1,0.1,0.09330526383440738,0.9748837128850775
266,13.0,0.5,0.1,0.1,0.0946578781075368,0.9750580651994502
267,13.0,0.6000000000000001,0.1,0.15000000000000002,0.08606174723590834,0.9758400304127969
268,13.0,0.7000000000000001,0.1,0.15000000000000002,0.08432408604314418,0.9769645026870382
269,13.0,0.8,0.1,0.15000000000000002,0.08077019558583365,0.9803656723941833
270,14.0,0.0,0.1,0.15000000000000002,0.08810099838564503,0.975190260267067
271,14.0,0.1,0.1,0.15000000000000002,0.09327787167906618,0.97422223903276
272,14.0,0.2,0.1,0.15000000000000002,0.0979060748699439,0.9716184783098777
273,14.0,0.30000000000000004,0.1,0.1,0.09604572624661264,0.9745893250010633
274,14.0,0.4,0.1,0.1,0.09051781060184359,0.9768992992974286
275,14.0,0.5,0.1,0.15000000000000002,0.08763586358424719,0.977828453006251
276,14.0,0.6000000000000001,0.1,0.1,0.09773134240529525,0.9726515414246849
277,14.0,0.7000000000000001,0.1,0.15000000000000002,0.09287939428853216,0.9759462632901541
278,14.0,0.8,0.1,0.25,0.10118550706252002,0.9635298162416964
279,15.0,0.0,0.1,0.1,0.09875579375759909,0.972011822818579
280,15.0,0.1,0.1,0.1,0.09952219644717121,0.9726760567615533
281,15.0,0.2,0.1,0.1,0.09692622268773023,0.9727823751606043
282,15.0,0.30000000000000004,0.1,0.2,0.08263254161190642,0.9758344112209457
283,15.0,0.4,0.1,0.1,0.09815343565566104,0.9718297906278801
284,15.0,0.5,0.1,0.1,0.09904663983839021,0.9736692651029711
285,15.0,0.6000000000000001,0.1,0.2,0.07833036429243835,0.9786839030408178
286,15.0,0.7000000000000001,0.1,0.2,0.07895949215590266,0.9785059208727053
287,15.0,0.8,0.1,0.15000000000000002,0.0836254095288856,0.9762408886672347
288,0.0,0.0,0.2,0.2,0.09527189242192619,0.9676739788821288
289,0.0,0.1,0.2,0.2,0.09192822715550676,0.9700519764082178
290,0.0,0.2,0.2,0.1,0.09067413518123632,0.9770264908889593
291,0.0,0.30000000000000004,0.2,0.2,0.09283637842268029,0.9694296265634333
292,0.0,0.4,0.2,0.2,0.08676922314185882,0.9744014508911227
293,0.0,0.5,0.2,0.2,0.09872886694570902,0.9652430954249438
294,0.0,0.6000000000000001,0.2,0.15000000000000002,0.08906518372647507,0.9728907126495896
295,0.0,0.7000000000000001,0.2,0.2,0.08316875894633695,0.9752176717692863
296,0.0,0.8,0.2,0.2,0.08344598557803742,0.975392989139561
297,1.0,0.0,0.2,0.1,0.09773598909110456,0.9748620629863061
298,1.0,0.1,0.2,0.2,0.08091504185512478,0.9770015632696614
299,1.0,0.2,0.2,0.2,0.0833542596260343,0.9752507831951807
300,1.0,0.30000000000000004,0.2,0.2,0.083190567373493,0.9753775927112911
301,1.0,0.4,0.2,0.1,0.09794753761125986,0.9729433762784728
302,1.0,0.5,0.2,0.2,0.08020437807546028,0.9784974110207936
303,1.0,0.6000000000000001,0.2,0.2,0.08271248373280185,0.9757905449160093
304,1.0,0.7000000000000001,0.2,0.2,0.07792317360229982,0.9793677076656963
305,1.0,0.8,0.2,0.2,0.08344173021501948,0.9757575541850574
306,2.0,0.0,0.2,0.2,0.0874686818485767,0.9739539295635027
307,2.0,0.1,0.2,0.2,0.0912373098772656,0.9708061813094129
308,2.0,0.2,0.2,0.15000000000000002,0.08818615156958898,0.9738442064892961
309,2.0,0.30000000000000004,0.2,0.15000000000000002,0.08175517320378213,0.9790620938330432
310,2.0,0.4,0.2,0.1,0.09957558761085254,0.9743757087501155
311,2.0,0.5,0.2,0.15000000000000002,0.086205309810155,0.9748725316364751
312,2.0,0.6000000000000001,0.2,0.15000000000000002,0.08173942435530418,0.9781634954304352
313,2.0,0.7000000000000001,0.2,0.15000000000000002,0.08653089271643961,0.9746640364457031
314,2.0,0.8,0.2,0.2,0.08193736845804239,0.9766561613554682
315,3.0,0.0,0.2,0.2,0.08428015262383724,0.9750568482139281
316,3.0,0.1,0.2,0.15000000000000002,0.08121458380478237,0.977983270520525
317,3.0,0.2,0.2,0.15000000000000002,0.08751987741528862,0.976601998757141
318,3.0,0.30000000000000004,0.2,0.2,0.08456389178433713,0.975653610084543
319,3.0,0.4,0.2,0.2,0.084972858304297,0.974983361878963
320,3.0,0.5,0.2,0.1,0.10560291034462858,0.9701327773302036
321,3.0,0.6000000000000001,0.2,0.2,0.0832321684552196,0.9763444467916998
322,3.0,0.7000000000000001,0.2,0.2,0.08775238285717613,0.9740351914031458
323,3.0,0.8,0.2,0.2,0.08216732176182992,0.9761581647029149
324,4.0,0.0,0.2,0.2,0.08282644541276891,0.9766847781505001
325,4.0,0.1,0.2,0.15000000000000002,0.08726484019478453,0.9744038261532922
326,4.0,0.2,0.2,0.2,0.08226842251022043,0.976313322152969
327,4.0,0.30000000000000004,0.2,0.2,0.09235964267574485,0.9698764436879277
328,4.0,0.4,0.2,0.15000000000000002,0.08740860560170682,0.9753614488127157
329,4.0,0.5,0.2,0.2,0.08454544451272723,0.9747255895889798
330,4.0,0.6000000000000001,0.2,0.15000000000000002,0.08799095093071356,0.9758341341847298
331,4.0,0.7000000000000001,0.2,0.2,0.08209637496643622,0.9764392071470603
332,4.0,0.8,0.2,0.15000000000000002,0.08306244167880665,0.9770871397051383
333,5.0,0.0,0.2,0.2,0.08256682423133123,0.9768939161501156
334,5.0,0.1,0.2,0.2,0.09285410562707608,0.969758940912979
335,5.0,0.2,0.2,0.15000000000000002,0.08930040896811413,0.9757379293928701
336,5.0,0.30000000000000004,0.2,0.15000000000000002,0.0847752318242444,0.976507873434162
337,5.0,0.4,0.2,0.15000000000000002,0.08950519701640038,0.9739449893174671
338,5.0,0.5,0.2,0.15000000000000002,0.08442919711300319,0.9761095635255624
339,5.0,0.6000000000000001,0.2,0.2,0.08821161614484883,0.9740623581618213
340,5.0,0.7000000000000001,0.2,0.2,0.08661207493134603,0.9745669923359116
341,5.0,0.8,0.2,0.15000000000000002,0.08499527733872923,0.9755188861657274
342,6.0,0.0,0.2,0.15000000000000002,0.08726598014054049,0.9745316275100424
343,6.0,0.1,0.2,0.2,0.08161681502002707,0.977295964068749
344,6.0,0.2,0.2,0.15000000000000002,0.08990822247997729,0.9738670437927542
345,6.0,0.30000000000000004,0.2,0.2,0.08456462729715856,0.975066478964276
346,6.0,0.4,0.2,0.2,0.08153862250180599,0.9766029133874381
347,6.0,0.5,0.2,0.15000000000000002,0.0873240692045152,0.975221663731165
348,6.0,0.6000000000000001,0.2,0.15000000000000002,0.09190992849620727,0.9750671763166002
349,6.0,0.7000000000000001,0.2,0.2,0.07960564223864292,0.9785260507236058
350,6.0,0.8,0.2,0.15000000000000002,0.089668249442017,0.9738576177937123
351,7.0,0.0,0.2,0.15000000000000002,0.0869889467954302,0.9766431214029716
352,7.0,0.1,0.2,0.2,0.08332136936728077,0.9763156198413263
353,7.0,0.2,0.2,0.2,0.08983914062066392,0.9732206285513544
354,7.0,0.30000000000000004,0.2,0.15000000000000002,0.08991709048393243,0.9738505065310397
355,7.0,0.4,0.2,0.15000000000000002,0.09066794316418517,0.974083822331905
356,7.0,0.5,0.2,0.15000000000000002,0.08222515433308414,0.9783458264836867
357,7.0,0.6000000000000001,0.2,0.2,0.08355765135794402,0.9758366936142573
358,7.0,0.7000000000000001,0.2,0.15000000000000002,0.0890962922330436,0.9744199148972709
359,7.0,0.8,0.2,0.15000000000000002,0.08866757296680695,0.9744157856682755
360,8.0,0.0,0.2,0.2,0.08140601144431096,0.9776840304821297
361,8.0,0.1,0.2,0.15000000000000002,0.09118006081286804,0.974811383311272
362,8.0,0.2,0.2,0.15000000000000002,0.09150096233345423,0.9737674499715078
363,8.0,0.30000000000000004,0.2,0.15000000000000002,0.09586546026105901,0.9721854403638559
364,8.0,0.4,0.2,0.2,0.08275691863682225,0.9772572343005275
365,8.0,0.5,0.2,0.15000000000000002,0.08489542755512487,0.9764318052501388
366,8.0,0.6000000000000001,0.2,0.15000000000000002,0.08437355896766917,0.9766092211866654
367,8.0,0.7000000000000001,0.2,0.15000000000000002,0.0826805586067343,0.9783634003486664
368,8.0,0.8,0.2,0.15000000000000002,0.09177983510791499,0.9735949937540567
369,9.0,0.0,0.2,0.2,0.0843772467292715,0.9754470849433174
370,9.0,0.1,0.2,0.2,0.09427042941318894,0.9689014326962544
371,9.0,0.2,0.2,0.15000000000000002,0.08583673902889644,0.9754333985118782
372,9.0,0.30000000000000004,0.2,0.15000000000000002,0.0938591689953208,0.97240571813328
373,9.0,0.4,0.2,0.15000000000000002,0.08844869448815766,0.976058262176024
374,9.0,0.5,0.2,0.15000000000000002,0.08162355588831172,0.9787330418251554
375,9.0,0.6000000000000001,0.2,0.2,0.08706654052949502,0.9745589425045723
376,9.0,0.7000000000000001,0.2,0.2,0.08049504227145998,0.9781322203904605
377,9.0,0.8,0.2,0.15000000000000002,0.08808465142765369,0.976859881211913
378,10.0,0.0,0.2,0.15000000000000002,0.09196992234656907,0.9743048065178274
379,10.0,0.1,0.2,0.2,0.08674465106580148,0.9748638402101133
380,10.0,0.2,0.2,0.15000000000000002,0.08591982468870737,0.9757277091264444
381,10.0,0.30000000000000004,0.2,0.1,0.09405158399231228,0.9744191649914616
382,10.0,0.4,0.2,0.15000000000000002,0.08904581976053122,0.9767811592383697
383,10.0,0.5,0.2,0.15000000000000002,0.08603330756773941,0.976567143122403
384,10.0,0.6000000000000001,0.2,0.2,0.08546452001221282,0.9762547936485891
385,10.0,0.7000000000000001,0.2,0.15000000000000002,0.0872242724469415,0.9773051002043521
386,10.0,0.8,0.2,0.15000000000000002,0.08436908438118328,0.976741624410965
387,11.0,0.0,0.2,0.2,0.0854984299234273,0.9756727708134895
388,11.0,0.1,0.2,0.15000000000000002,0.09152282714242381,0.9730111092168985
389,11.0,0.2,0.2,0.2,0.0809723087527654,0.9781533017043605
390,11.0,0.30000000000000004,0.2,0.15000000000000002,0.08887462889629343,0.9758701177589905
391,11.0,0.4,0.2,0.15000000000000002,0.08373748733713911,0.9785028548545657
392,11.0,0.5,0.2,0.15000000000000002,0.09439153570333278,0.9728166483550066
393,11.0,0.6000000000000001,0.2,0.15000000000000002,0.08564260488968593,0.9762423799336427
394,11.0,0.7000000000000001,0.2,0.15000000000000002,0.08807803697612836,0.9745761852277154
395,11.0,0.8,0.2,0.15000000000000002,0.0931833249208487,0.9725802245962577
396,12.0,0.0,0.2,0.1,0.0933317308507794,0.9754434699132377
397,12.0,0.1,0.2,0.15000000000000002,0.09413873673698495,0.9748890407008193
398,12.0,0.2,0.2,0.15000000000000002,0.08533656550287014,0.9759063660315949
399,12.0,0.30000000000000004,0.2,0.1,0.09752074442431502,0.9720761925119815
400,12.0,0.4,0.2,0.15000000000000002,0.08826696102413083,0.9757746392053759
401,12.0,0.5,0.2,0.15000000000000002,0.08676078726585461,0.9762771817364513
402,12.0,0.6000000000000001,0.2,0.15000000000000002,0.09223671128957307,0.975209722859466
403,12.0,0.7000000000000001,0.2,0.1,0.09659280297980807,0.9737263853057562
404,12.0,0.8,0.2,0.15000000000000002,0.09911152832601726,0.9704377987855269
405,13.0,0.0,0.2,0.15000000000000002,0.08335216103258097,0.9801174527977436
406,13.0,0.1,0.2,0.1,0.09598963912397436,0.9752989130580465
407,13.0,0.2,0.2,0.1,0.10626268496970327,0.9686393554285905
408,13.0,0.30000000000000004,0.2,0.1,0.09527453691990362,0.9744666491899802
409,13.0,0.4,0.2,0.15000000000000002,0.09794268221915982,0.9705562181461992
410,13.0,0.5,0.2,0.15000000000000002,0.09164421985514618,0.9740504414181925
411,13.0,0.6000000000000001,0.2,0.1,0.0961204876946299,0.9735179942137747
412,13.0,0.7000000000000001,0.2,0.1,0.09589412674452476,0.9734630824246101
413,13.0,0.8,0.2,0.1,0.09067728130232872,0.9757444713211678
414,14.0,0.0,0.2,0.1,0.09437002759239681,0.9754893036354578
415,14.0,0.1,0.2,0.15000000000000002,0.09559818089045685,0.9739055921160074
416,14.0,0.2,0.2,0.15000000000000002,0.09201093332601804,0.9751646255658633
417,14.0,0.30000000000000004,0.2,0.1,0.09855341092332569,0.9721943752687263
418,14.0,0.4,0.2,0.1,0.10385181309245539,0.9696514846169692
419,14.0,0.5,0.2,0.15000000000000002,0.09287188501519195,0.9759170832880881
420,14.0,0.6000000000000001,0.2,0.2,0.09378870004880208,0.968378366418767
421,14.0,0.7000000000000001,0.2,0.1,0.09190789891819666,0.975478070101522
422,14.0,0.8,0.2,0.1,0.0990049152558445,0.9730243699390524
423,15.0,0.0,0.2,0.1,0.09685565311970779,0.9752025671401734
424,15.0,0.1,0.2,0.2,0.09324242847773426,0.9687510202695184
425,15.0,0.2,0.2,0.15000000000000002,0.07823042854396345,0.9787366521173256
426,15.0,0.30000000000000004,0.2,0.1,0.09840882082737556,0.9734057192160345
427,15.0,0.4,0.2,0.2,0.0877878836047,0.9724881375367671
428,15.0,0.5,0.2,0.1,0.100943956058111,0.970953508951764
429,15.0,0.6000000000000001,0.2,0.2,0.08484096608959464,0.9744179224020353
430,15.0,0.7000000000000001,0.2,0.2,0.08366775488912659,0.9754175452978022
431,15.0,0.8,0.2,0.15000000000000002,0.08000288498760152,0.9780206418648819
432,0.0,0.0,0.30000000000000004,0.15000000000000002,0.08110420425167912,0.9775434108391429
433,0.0,0.1,0.30000000000000004,0.15000000000000002,0.08405876146252585,0.9761594919677582
434,0.0,0.2,0.30000000000000004,0.1,0.0981852020214322,0.9746585266390376
435,0.0,0.30000000000000004,0.30000000000000004,0.1,0.09983083189994196,0.9726362664326447
436,0.0,0.4,0.30000000000000004,0.1,0.09808294907346456,0.9743346646947579
437,0.0,0.5,0.30000000000000004,0.1,0.08913173857808666,0.9784158260160475
438,0.0,0.6000000000000001,0.30000000000000004,0.1,0.10203637257773483,0.9724766565735148
439,0.0,0.7000000000000001,0.30000000000000004,0.1,0.09631629188507705,0.9747152882996925
440,0.0,0.8,0.30000000000000004,0.15000000000000002,0.0867349357458112,0.9745154916949668
441,1.0,0.0,0.30000000000000004,0.2,0.07568208554377136,0.980105305493054
442,1.0,0.1,0.30000000000000004,0.15000000000000002,0.08306166836372679,0.9764558202643183
443,1.0,0.2,0.30000000000000004,0.15000000000000002,0.08102034536493553,0.9775860710324956
444,1.0,0.30000000000000004,0.30000000000000004,0.15000000000000002,0.09645965606429394,0.9699714932846585
445,1.0,0.4,0.30000000000000004,0.15000000000000002,0.07808181369959244,0.9787009248497348
446,1.0,0.5,0.30000000000000004,0.15000000000000002,0.07116447675461396,0.9827861475698842
447,1.0,0.6000000000000001,0.30000000000000004,0.15000000000000002,0.07359013075844574,0.9814285582867402
448,1.0,0.7000000000000001,0.30000000000000004,0.15000000000000002,0.09100793836392285,0.9724641836632142
449,1.0,0.8,0.30000000000000004,0.15000000000000002,0.07494426783228661,0.9806404819700439
450,2.0,0.0,0.30000000000000004,0.15000000000000002,0.07523321384400337,0.9804367428982542
451,2.0,0.1,0.30000000000000004,0.15000000000000002,0.076951905927481,0.9792854283049957
452,2.0,0.2,0.30000000000000004,0.1,0.09856571538592557,0.9728857023996842
453,2.0,0.30000000000000004,0.30000000000000004,0.15000000000000002,0.07619357359865413,0.9803524826630743
454,2.0,0.4,0.30000000000000004,0.15000000000000002,0.08229860253133449,0.9770222320208103
455,2.0,0.5,0.30000000000000004,0.15000000000000002,0.08580980540656943,0.9753194811068245
456,2.0,0.6000000000000001,0.30000000000000004,0.2,0.08729494211054932,0.9731589453992517
457,2.0,0.7000000000000001,0.30000000000000004,0.15000000000000002,0.07706739689541361,0.9794929698598419
458,2.0,0.8,0.30000000000000004,0.15000000000000002,0.08641154002861372,0.9749066725483057
459,3.0,0.0,0.30000000000000004,0.15000000000000002,0.08575371080997857,0.9753652049157197
460,3.0,0.1,0.30000000000000004,0.15000000000000002,0.07985281962810896,0.9786790914314477
461,3.0,0.2,0.30000000000000004,0.15000000000000002,0.0852741324558835,0.9764370107318976
462,3.0,0.30000000000000004,0.30000000000000004,0.15000000000000002,0.08809728342950304,0.9741208302134564
463,3.0,0.4,0.30000000000000004,0.2,0.08419043083672696,0.9749880951630703
464,3.0,0.5,0.30000000000000004,0.15000000000000002,0.08051866627753292,0.9784437701197196
465,3.0,0.6000000000000001,0.30000000000000004,0.15000000000000002,0.09075791556246265,0.9728543464750022
466,3.0,0.7000000000000001,0.30000000000000004,0.15000000000000002,0.08278217437400812,0.9761237747540428
467,3.0,0.8,0.30000000000000004,0.15000000000000002,0.08878767749386893,0.9734882673556541
468,4.0,0.0,0.30000000000000004,0.2,0.0843786949827819,0.9750742010874353
469,4.0,0.1,0.30000000000000004,0.2,0.07760915416981791,0.97937281902132
470,4.0,0.2,0.30000000000000004,0.15000000000000002,0.08939612802700753,0.9736617232310981
471,4.0,0.30000000000000004,0.30000000000000004,0.15000000000000002,0.08767977379899516,0.9744293484789343
472,4.0,0.4,0.30000000000000004,0.15000000000000002,0.07904751106284603,0.9789354036730816
473,4.0,0.5,0.30000000000000004,0.2,0.07490043312108045,0.981116651538663
474,4.0,0.6000000000000001,0.30000000000000004,0.2,0.0756945215478244,0.9807315657647813
475,4.0,0.7000000000000001,0.30000000000000004,0.15000000000000002,0.07883760736784523,0.9788361510109885
476,4.0,0.8,0.30000000000000004,0.2,0.08554397184510537,0.9743586318648411
477,5.0,0.0,0.30000000000000004,0.15000000000000002,0.08977011842700108,0.9740346816385581
478,5.0,0.1,0.30000000000000004,0.15000000000000002,0.07444906997344426,0.9812673597497932
479,5.0,0.2,0.30000000000000004,0.15000000000000002,0.07868143174678177,0.9789287923397517
480,5.0,0.30000000000000004,0.30000000000000004,0.15000000000000002,0.09050782852251704,0.9724398562568153
481,5.0,0.4,0.30000000000000004,0.15000000000000002,0.07456697774330809,0.9812728115102081
482,5.0,0.5,0.30000000000000004,0.15000000000000002,0.087306578916525,0.9749322391443851
483,5.0,0.6000000000000001,0.30000000000000004,0.15000000000000002,0.09139567414329557,0.9725789726384734
484,5.0,0.7000000000000001,0.30000000000000004,0.15000000000000002,0.08943202329113834,0.9733302356462483
485,5.0,0.8,0.30000000000000004,0.15000000000000002,0.08069861985970896,0.9783612699259681
486,6.0,0.0,0.30000000000000004,0.15000000000000002,0.08026674619145951,0.9785370733361727
487,6.0,0.1,0.30000000000000004,0.15000000000000002,0.0799229766261783,0.9788205997003129
488,6.0,0.2,0.30000000000000004,0.15000000000000002,0.09283491137156157,0.9721295766600337
489,6.0,0.30000000000000004,0.30000000000000004,0.2,0.07930168012296279,0.9790836064532037
490,6.0,0.4,0.30000000000000004,0.15000000000000002,0.09320627673023604,0.9718653069582742
491,6.0,0.5,0.30000000000000004,0.15000000000000002,0.08463670894739088,0.9764687888081229
492,6.0,0.6000000000000001,0.30000000000000004,0.15000000000000002,0.08453678014008527,0.9765514709003301
493,6.0,0.7000000000000001,0.30000000000000004,0.15000000000000002,0.08164705477227548,0.9778061691561822
494,6.0,0.8,0.30000000000000004,0.15000000000000002,0.08747936904389043,0.9748016180199433
495,7.0,0.0,0.30000000000000004,0.15000000000000002,0.09386335566957625,0.970617880987165
496,7.0,0.1,0.30000000000000004,0.15000000000000002,0.09128352611468395,0.9734244008610324
497,7.0,0.2,0.30000000000000004,0.15000000000000002,0.0940985663709852,0.9719048854005538
498,7.0,0.30000000000000004,0.30000000000000004,0.1,0.09347961783368214,0.9731828481224589
499,7.0,0.4,0.30000000000000004,0.15000000000000002,0.08569344891272782,0.9754361960209222
500,7.0,0.5,0.30000000000000004,0.15000000000000002,0.08371965511053889,0.9775372273134889
501,7.0,0.6000000000000001,0.30000000000000004,0.15000000000000002,0.08239992718648427,0.977415393533542
502,7.0,0.7000000000000001,0.30000000000000004,0.15000000000000002,0.09364365373075152,0.9721285985397246
503,7.0,0.8,0.30000000000000004,0.2,0.07818601587810058,0.979729610263596
504,8.0,0.0,0.30000000000000004,0.15000000000000002,0.08934900759022983,0.9746563957120166
505,8.0,0.1,0.30000000000000004,0.15000000000000002,0.09282572109032627,0.9728427203430905
506,8.0,0.2,0.30000000000000004,0.15000000000000002,0.09027458269267427,0.9738198494954302
507,8.0,0.30000000000000004,0.30000000000000004,0.15000000000000002,0.08952645380139992,0.9746558464054348
508,8.0,0.4,0.30000000000000004,0.15000000000000002,0.08734079587676936,0.975530998447568
509,8.0,0.5,0.30000000000000004,0.15000000000000002,0.09124986853833053,0.9732785969484447
510,8.0,0.6000000000000001,0.30000000000000004,0.15000000000000002,0.0830477233497991,0.9772048780809189
511,8.0,0.7000000000000001,0.30000000000000004,0.15000000000000002,0.08494760434721332,0.9763038381049067
512,8.0,0.8,0.30000000000000004,0.1,0.09441313005329015,0.972798183438794
513,9.0,0.0,0.30000000000000004,0.15000000000000002,0.07750633300194258,0.9798624619811833
514,9.0,0.1,0.30000000000000004,0.15000000000000002,0.09403475677669594,0.972304865485717
515,9.0,0.2,0.30000000000000004,0.15000000000000002,0.08223882387529852,0.9779737645470147
516,9.0,0.30000000000000004,0.30000000000000004,0.15000000000000002,0.08238000626398823,0.9777049857681309
517,9.0,0.4,0.30000000000000004,0.15000000000000002,0.08128402591652464,0.9781930786914304
518,9.0,0.5,0.30000000000000004,0.15000000000000002,0.0813145621206003,0.9786159955604941
519,9.0,0.6000000000000001,0.30000000000000004,0.15000000000000002,0.07992890702577936,0.9806328746352889
520,9.0,0.7000000000000001,0.30000000000000004,0.15000000000000002,0.08680195120603322,0.975872966505455
521,9.0,0.8,0.30000000000000004,0.15000000000000002,0.09914324949289963,0.9691163516755502
522,10.0,0.0,0.30000000000000004,0.15000000000000002,0.08934423219048171,0.9741310526597453
523,10.0,0.1,0.30000000000000004,0.15000000000000002,0.09170798641733137,0.9744407337428841
524,10.0,0.2,0.30000000000000004,0.15000000000000002,0.08569777380165798,0.9770171207353902
525,10.0,0.30000000000000004,0.30000000000000004,0.15000000000000002,0.0931562559343166,0.9728275436561439
526,10.0,0.4,0.30000000000000004,0.15000000000000002,0.08270968112626455,0.9787651436507605
527,10.0,0.5,0.30000000000000004,0.15000000000000002,0.09688688008781551,0.9707112105898222
528,10.0,0.6000000000000001,0.30000000000000004,0.15000000000000002,0.09408252949236617,0.9726005821160942
529,10.0,0.7000000000000001,0.30000000000000004,0.1,0.09466420842270468,0.9723629026908832
530,10.0,0.8,0.30000000000000004,0.15000000000000002,0.0924448812831473,0.9736753215948502
531,11.0,0.0,0.30000000000000004,0.15000000000000002,0.09927701254697191,0.9700103290742255
532,11.0,0.1,0.30000000000000004,0.15000000000000002,0.09626300949138174,0.9722225959380439
533,11.0,0.2,0.30000000000000004,0.1,0.10003702766709176,0.9706247158711826
534,11.0,0.30000000000000004,0.30000000000000004,0.15000000000000002,0.08785896525565613,0.9757465857867709
535,11.0,0.4,0.30000000000000004,0.1,0.1018447567299519,0.9690594598537727
536,11.0,0.5,0.30000000000000004,0.15000000000000002,0.09418587399593922,0.9725044904119347
537,11.0,0.6000000000000001,0.30000000000000004,0.1,0.1007950898367431,0.9690128468389374
538,11.0,0.7000000000000001,0.30000000000000004,0.15000000000000002,0.0838279507036352,0.9782287962221335
539,11.0,0.8,0.30000000000000004,0.15000000000000002,0.09396932250864547,0.9725510290452468
540,12.0,0.0,0.30000000000000004,0.15000000000000002,0.09026211559417029,0.9750346243207362
541,12.0,0.1,0.30000000000000004,0.15000000000000002,0.08689359199474195,0.9768926393972697
542,12.0,0.2,0.30000000000000004,0.1,0.09251040759552581,0.9743514085987991
543,12.0,0.30000000000000004,0.30000000000000004,0.15000000000000002,0.08939421585681158,0.9756422558444228
544,12.0,0.4,0.30000000000000004,0.1,0.0948590673405631,0.9730107851227147
545,12.0,0.5,0.30000000000000004,0.15000000000000002,0.09885809828705308,0.9707733723041535
546,12.0,0.6000000000000001,0.30000000000000004,0.15000000000000002,0.09717238531666224,0.9727070738689424
547,12.0,0.7000000000000001,0.30000000000000004,0.15000000000000002,0.09109822178975244,0.9744096095683719
548,12.0,0.8,0.30000000000000004,0.1,0.10720548653656628,0.9672605450185703
549,13.0,0.0,0.30000000000000004,0.1,0.10463141615714197,0.966686831752989
550,13.0,0.1,0.30000000000000004,0.1,0.10172492647867952,0.9699479393337775
551,13.0,0.2,0.30000000000000004,0.15000000000000002,0.09392765737072933,0.9736516728518446
552,13.0,0.30000000000000004,0.30000000000000004,0.1,0.09379502824293913,0.9748094542339323
553,13.0,0.4,0.30000000000000004,0.1,0.10301422316453168,0.9690295571085108
554,13.0,0.5,0.30000000000000004,0.1,0.09204493365857203,0.9747936376262802
555,13.0,0.6000000000000001,0.30000000000000004,0.1,0.10298732346605503,0.9696300451079553
556,13.0,0.7000000000000001,0.30000000000000004,0.1,0.10477624340918905,0.9690108318026596
557,13.0,0.8,0.30000000000000004,0.1,0.10543266223272492,0.9685916517557057
558,14.0,0.0,0.30000000000000004,0.1,0.11158423673002384,0.964195545192078
559,14.0,0.1,0.30000000000000004,0.1,0.10261883079854615,0.9694114943922615
560,14.0,0.2,0.30000000000000004,0.1,0.09964901927336176,0.9714865432902045
561,14.0,0.30000000000000004,0.30000000000000004,0.1,0.09985920536619701,0.9705248462189503
562,14.0,0.4,0.30000000000000004,0.1,0.10373146557901793,0.9706760228959359
563,14.0,0.5,0.30000000000000004,0.1,0.09056910145451683,0.978256874547808
564,14.0,0.6000000000000001,0.30000000000000004,0.1,0.09637360045174971,0.9740403901698239
565,14.0,0.7000000000000001,0.30000000000000004,0.1,0.10106772854251651,0.9715345513429797
566,14.0,0.8,0.30000000000000004,0.1,0.09504893805379419,0.9753266765251206
567,15.0,0.0,0.30000000000000004,0.15000000000000002,0.0894190822788382,0.9716050778943041
568,15.0,0.1,0.30000000000000004,0.1,0.09349672857577757,0.9750976151354478
569,15.0,0.2,0.30000000000000004,0.1,0.08966507121007454,0.9773499168629851
570,15.0,0.30000000000000004,0.30000000000000004,0.1,0.08913651423214584,0.9777053381050603
571,15.0,0.4,0.30000000000000004,0.1,0.11185731644800553,0.9652706242181939
572,15.0,0.5,0.30000000000000004,0.1,0.09845482679170797,0.9728813350056278
573,15.0,0.6000000000000001,0.30000000000000004,0.15000000000000002,0.08842023693623104,0.9737690697155965
574,15.0,0.7000000000000001,0.30000000000000004,0.1,0.101467240791593,0.9716916278445814
575,15.0,0.8,0.30000000000000004,0.15000000000000002,0.08051912448412042,0.976991732999491
576,0.0,0.0,0.4,0.15000000000000002,0.07954439723548853,0.9779400535139304
577,0.0,0.1,0.4,0.15000000000000002,0.09195347004756736,0.969949272082351
578,0.0,0.2,0.4,0.15000000000000002,0.07583445045814147,0.9796508840843355
579,0.0,0.30000000000000004,0.4,0.15000000000000002,0.08563945989291963,0.9738093584063894
580,0.0,0.4,0.4,0.15000000000000002,0.08117047057812142,0.9774735399792367
581,0.0,0.5,0.4,0.1,0.09954644752241507,0.973232680138185
582,0.0,0.6000000000000001,0.4,0.15000000000000002,0.08086050494678448,0.9770702318210168
583,0.0,0.7000000000000001,0.4,0.15000000000000002,0.07501675968117068,0.9805880067775502
584,0.0,0.8,0.4,0.15000000000000002,0.07611580291575952,0.9795175041288989
585,1.0,0.0,0.4,0.15000000000000002,0.07817766417552327,0.9788228454430783
586,1.0,0.1,0.4,0.15000000000000002,0.08859068353315179,0.9729654982678633
587,1.0,0.2,0.4,0.15000000000000002,0.07654064066636976,0.9799424633320771
588,1.0,0.30000000000000004,0.4,0.15000000000000002,0.08393136247516832,0.9768341037404115
589,1.0,0.4,0.4,0.15000000000000002,0.07956870084395819,0.9778281508778706
590,1.0,0.5,0.4,0.15000000000000002,0.07041713554748108,0.9831588989218806
591,1.0,0.6000000000000001,0.4,0.15000000000000002,0.07256647615743331,0.9816862245479463
592,1.0,0.7000000000000001,0.4,0.15000000000000002,0.09461567774532452,0.9700213621301004
593,1.0,0.8,0.4,0.15000000000000002,0.08633511579514812,0.9742934063582196
594,2.0,0.0,0.4,0.1,0.10719641659000465,0.9690391904806921
595,2.0,0.1,0.4,0.15000000000000002,0.08929876774475101,0.9725024667312475
596,2.0,0.2,0.4,0.15000000000000002,0.08730772077301227,0.9744999005209987
597,2.0,0.30000000000000004,0.4,0.15000000000000002,0.07549604104330497,0.9805849110519737
598,2.0,0.4,0.4,0.15000000000000002,0.0952791485037589,0.9694347242180105
599,2.0,0.5,0.4,0.15000000000000002,0.0685485631123062,0.9839548619656655
600,2.0,0.6000000000000001,0.4,0.15000000000000002,0.08005725983267825,0.9781050485891606
601,2.0,0.7000000000000001,0.4,0.15000000000000002,0.07925522778017914,0.9790947128224382
602,2.0,0.8,0.4,0.15000000000000002,0.07390570491629424,0.9816544744154969
603,3.0,0.0,0.4,0.15000000000000002,0.0765018010608497,0.979835110878063
604,3.0,0.1,0.4,0.15000000000000002,0.09885193569880661,0.9669148874167064
605,3.0,0.2,0.4,0.15000000000000002,0.07647199614199833,0.9799279564190152
606,3.0,0.30000000000000004,0.4,0.15000000000000002,0.07107603809717612,0.9829275815837517
607,3.0,0.4,0.4,0.15000000000000002,0.0714802499625285,0.9826381940620433
608,3.0,0.5,0.4,0.15000000000000002,0.09563416899381516,0.9691148631235985
609,3.0,0.6000000000000001,0.4,0.15000000000000002,0.08566306804557663,0.9754595711751888
610,3.0,0.7000000000000001,0.4,0.1,0.10266065412661447,0.9730545397666017
611,3.0,0.8,0.4,0.15000000000000002,0.08036988704254608,0.978461670332832
612,4.0,0.0,0.4,0.15000000000000002,0.09448306544672547,0.9695622172153168
613,4.0,0.1,0.4,0.15000000000000002,0.09194276592654037,0.9720981237735801
614,4.0,0.2,0.4,0.15000000000000002,0.07617271870954513,0.980221430342181
615,4.0,0.30000000000000004,0.4,0.15000000000000002,0.0924113969016695,0.9724172123706439
616,4.0,0.4,0.4,0.15000000000000002,0.089431132342469,0.9743025729229269
617,4.0,0.5,0.4,0.15000000000000002,0.07799653378071812,0.9795672280854101
618,4.0,0.6000000000000001,0.4,0.15000000000000002,0.10022324065800148,0.9664300115047375
619,4.0,0.7000000000000001,0.4,0.15000000000000002,0.0933588433498592,0.9707602810731781
620,4.0,0.8,0.4,0.15000000000000002,0.07962627208753915,0.9789139707071804
621,5.0,0.0,0.4,0.15000000000000002,0.08405287157402425,0.976106540113752
622,5.0,0.1,0.4,0.15000000000000002,0.06916739648938106,0.9839268689216731
623,5.0,0.2,0.4,0.15000000000000002,0.09969809287094938,0.9671235314766006
624,5.0,0.30000000000000004,0.4,0.15000000000000002,0.10386481389103992,0.9647952957901358
625,5.0,0.4,0.4,0.15000000000000002,0.08376317775626399,0.9765504998571106
626,5.0,0.5,0.4,0.15000000000000002,0.07918073815266016,0.9784668399026899
627,5.0,0.6000000000000001,0.4,0.15000000000000002,0.07250858875025888,0.9823981144874958
628,5.0,0.7000000000000001,0.4,0.15000000000000002,0.08399227484463766,0.9769121913051072
629,5.0,0.8,0.4,0.15000000000000002,0.09683810906655736,0.9684858311253608
630,6.0,0.0,0.4,0.15000000000000002,0.07156189732335565,0.9826134834939207
631,6.0,0.1,0.4,0.15000000000000002,0.07789263380543618,0.9795352022314646
632,6.0,0.2,0.4,0.15000000000000002,0.08771179402531191,0.9752534699750135
633,6.0,0.30000000000000004,0.4,0.15000000000000002,0.0981034228106146,0.9682653723401685
634,6.0,0.4,0.4,0.15000000000000002,0.08708084712768763,0.9743490828834105
635,6.0,0.5,0.4,0.15000000000000002,0.08858628002965502,0.9742871273971454
636,6.0,0.6000000000000001,0.4,0.15000000000000002,0.07471931287248702,0.9805760153726261
637,6.0,0.7000000000000001,0.4,0.1,0.10189878529668801,0.9656506216548728
638,6.0,0.8,0.4,0.15000000000000002,0.0894782763132968,0.9736274311107352
639,7.0,0.0,0.4,0.15000000000000002,0.09146969216816597,0.9728100176603203
640,7.0,0.1,0.4,0.15000000000000002,0.0907762179144431,0.9733958447308708
641,7.0,0.2,0.4,0.15000000000000002,0.09791485655497109,0.9683282537899415
642,7.0,0.30000000000000004,0.4,0.15000000000000002,0.09380912295665898,0.9718654435292314
643,7.0,0.4,0.4,0.15000000000000002,0.08387479970770093,0.9763894602530353
644,7.0,0.5,0.4,0.15000000000000002,0.09155866998182231,0.9727408219709308
645,7.0,0.6000000000000001,0.4,0.15000000000000002,0.08274579404586285,0.9780149454224669
646,7.0,0.7000000000000001,0.4,0.15000000000000002,0.09776596980668695,0.9682651232138394
647,7.0,0.8,0.4,0.15000000000000002,0.09239335894015518,0.9720802340885716
648,8.0,0.0,0.4,0.15000000000000002,0.09063414700891187,0.9726904321230099
649,8.0,0.1,0.4,0.15000000000000002,0.08870057439124791,0.9737858891183837
650,8.0,0.2,0.4,0.15000000000000002,0.0971746618757132,0.9684071349520376
651,8.0,0.30000000000000004,0.4,0.15000000000000002,0.09713505427189349,0.9700296023481121
652,8.0,0.4,0.4,0.15000000000000002,0.09438202164573672,0.9719770671047291
653,8.0,0.5,0.4,0.15000000000000002,0.08901937759116177,0.9746136676835914
654,8.0,0.6000000000000001,0.4,0.15000000000000002,0.09966964077821104,0.9695208004689415
655,8.0,0.7000000000000001,0.4,0.15000000000000002,0.08619867398101513,0.9760351897121571
656,8.0,0.8,0.4,0.15000000000000002,0.08663067719729309,0.9751874379486168
657,9.0,0.0,0.4,0.15000000000000002,0.10223673432293454,0.9656654271348027
658,9.0,0.1,0.4,0.15000000000000002,0.09157858464556415,0.9734501717305842
659,9.0,0.2,0.4,0.1,0.10486385220257506,0.9636291691524905
660,9.0,0.30000000000000004,0.4,0.15000000000000002,0.10118107658687285,0.9660992614695293
661,9.0,0.4,0.4,0.15000000000000002,0.08859349152729029,0.9743158233133158
662,9.0,0.5,0.4,0.1,0.10068541380959903,0.9675169555421185
663,9.0,0.6000000000000001,0.4,0.15000000000000002,0.09586895424129019,0.9711406450773317
664,9.0,0.7000000000000001,0.4,0.1,0.10217753621199474,0.9660114987719337
665,9.0,0.8,0.4,0.15000000000000002,0.08900688360909648,0.975206622650097
666,10.0,0.0,0.4,0.15000000000000002,0.09353436678714439,0.9723739459304261
667,10.0,0.1,0.4,0.15000000000000002,0.08995673272831768,0.9737245591003707
668,10.0,0.2,0.4,0.1,0.10224204010215972,0.9666841567039387
669,10.0,0.30000000000000004,0.4,0.15000000000000002,0.10678787453468531,0.964663356469253
670,10.0,0.4,0.4,0.1,0.09789338298779775,0.9711588877155461
671,10.0,0.5,0.4,0.15000000000000002,0.08950044087063029,0.9755183874645124
672,10.0,0.6000000000000001,0.4,0.15000000000000002,0.087995490336446,0.97477692229324
673,10.0,0.7000000000000001,0.4,0.1,0.1017426102067623,0.9667740540590889
674,10.0,0.8,0.4,0.1,0.11077661562214282,0.9611262151851387
675,11.0,0.0,0.4,0.1,0.09166186208720466,0.9758975512649835
676,11.0,0.1,0.4,0.15000000000000002,0.09860865671255341,0.9698608852349413
677,11.0,0.2,0.4,0.15000000000000002,0.09998925910221869,0.9685259570697811
678,11.0,0.30000000000000004,0.4,0.1,0.10038848419045554,0.9683811711020168
679,11.0,0.4,0.4,0.1,0.09014771748729139,0.9747313086885401
680,11.0,0.5,0.4,0.1,0.09702503612180216,0.9708166478663488
681,11.0,0.6000000000000001,0.4,0.1,0.10359561595216783,0.9672608477312199
682,11.0,0.7000000000000001,0.4,0.15000000000000002,0.09417223661413836,0.9716032357146954
683,11.0,0.8,0.4,0.1,0.09355720398530314,0.9730149097885216
684,12.0,0.0,0.4,0.1,0.10593887239964771,0.965423782226317
685,12.0,0.1,0.4,0.1,0.10122490387328643,0.9691025863874606
686,12.0,0.2,0.4,0.1,0.09324959881754646,0.9727151594101262
687,12.0,0.30000000000000004,0.4,0.1,0.10907115616811836,0.9625539599500295
688,12.0,0.4,0.4,0.05,0.10949806765481866,0.9635856655194712
689,12.0,0.5,0.4,0.15000000000000002,0.09649107091144389,0.9663627250115283
690,12.0,0.6000000000000001,0.4,0.1,0.09444713133345331,0.9730518517175137
691,12.0,0.7000000000000001,0.4,0.1,0.11122903234374613,0.962623157173189
692,12.0,0.8,0.4,0.1,0.10133842804472189,0.9691200315095945
693,13.0,0.0,0.4,0.15000000000000002,0.09191253192341131,0.9749048202564318
694,13.0,0.1,0.4,0.1,0.10327134771439496,0.9690957863531646
695,13.0,0.2,0.4,0.1,0.10722983114226037,0.9676216467139512
696,13.0,0.30000000000000004,0.4,0.1,0.10140611651285514,0.9689398120986178
697,13.0,0.4,0.4,0.1,0.11028512639011669,0.9616983233272302
698,13.0,0.5,0.4,0.1,0.09463909133059889,0.9727724409224491
699,13.0,0.6000000000000001,0.4,0.1,0.10485636949244305,0.9661591173478945
700,13.0,0.7000000000000001,0.4,0.1,0.09607777936682191,0.9728744358261209
701,13.0,0.8,0.4,0.1,0.11175676639141877,0.9634477907265656
702,14.0,0.0,0.4,0.1,0.1048765337822303,0.96574558970218
703,14.0,0.1,0.4,0.1,0.09866117434467127,0.9724807497313223
704,14.0,0.2,0.4,0.1,0.09942276118471871,0.9717580336623962
705,14.0,0.30000000000000004,0.4,0.1,0.10627049810936105,0.9667322846516581
706,14.0,0.4,0.4,0.1,0.09829074351489918,0.9712150810025328
707,14.0,0.5,0.4,0.1,0.08108148778141545,0.9770126567997259
708,14.0,0.6000000000000001,0.4,0.1,0.10168937527318521,0.9699384669925759
709,14.0,0.7000000000000001,0.4,0.1,0.11289059446768208,0.9621534256027476
710,14.0,0.8,0.4,0.15000000000000002,0.09341648148015465,0.968474724629634
711,15.0,0.0,0.4,0.1,0.09606266047539823,0.9675546721161067
712,15.0,0.1,0.4,0.1,0.11447387224939877,0.9614572118710365
713,15.0,0.2,0.4,0.1,0.10654010585461483,0.9669291489080157
714,15.0,0.30000000000000004,0.4,0.1,0.10590094525635223,0.9672690491006576
715,15.0,0.4,0.4,0.1,0.10038948055174679,0.9731707998645596
716,15.0,0.5,0.4,0.1,0.10657188159893273,0.9672273674160263
717,15.0,0.6000000000000001,0.4,0.15000000000000002,0.0838501877975496,0.9748677372778487
718,15.0,0.7000000000000001,0.4,0.1,0.08848835495368065,0.9723179324378616
719,15.0,0.8,0.4,0.1,0.10786058839162785,0.9673235448186186
720,0.0,0.0,0.5,0.15000000000000002,0.07532724097992663,0.9805830774456024
721,0.0,0.1,0.5,0.1,0.08157923661137645,0.9764506066861363
722,0.0,0.2,0.5,0.1,0.1012848407957316,0.9716814915192528
723,0.0,0.30000000000000004,0.5,0.1,0.09625233135413612,0.9733557927206323
724,0.0,0.4,0.5,0.1,0.10468965278008942,0.9700437716960423
725,0.0,0.5,0.5,0.1,0.10663979419721978,0.967764408229293
726,0.0,0.6000000000000001,0.5,0.1,0.09657731947092393,0.9671538696693588
727,0.0,0.7000000000000001,0.5,0.15000000000000002,0.10341597778071464,0.9625255782366128
728,0.0,0.8,0.5,0.1,0.10299573585450603,0.9695587581615722
729,1.0,0.0,0.5,0.1,0.11239854369362166,0.9622650322649253
730,1.0,0.1,0.5,0.15000000000000002,0.08033642130283837,0.9774239640043426
731,1.0,0.2,0.5,0.15000000000000002,0.07534979314028205,0.9803439750284291
732,1.0,0.30000000000000004,0.5,0.15000000000000002,0.07206240996865246,0.9826289071356911
733,1.0,0.4,0.5,0.1,0.08916570845931922,0.9717405123527924
734,1.0,0.5,0.5,0.15000000000000002,0.07127643587569243,0.9832313345166735
735,1.0,0.6000000000000001,0.5,0.15000000000000002,0.07945929515706723,0.9784335908269223
736,1.0,0.7000000000000001,0.5,0.15000000000000002,0.07685460850005373,0.9793213106032794
737,1.0,0.8,0.5,0.15000000000000002,0.07321296681153193,0.9816375948334838
738,2.0,0.0,0.5,0.1,0.0765295234021667,0.9807579099072639
739,2.0,0.1,0.5,0.1,0.07203677238570133,0.982428624616807
740,2.0,0.2,0.5,0.1,0.0812829844359481,0.9781848141537626
741,2.0,0.30000000000000004,0.5,0.1,0.10457822409122229,0.9622440111914923
742,2.0,0.4,0.5,0.1,0.10282783219471636,0.9639808269802432
743,2.0,0.5,0.5,0.1,0.09760989012616887,0.9666912115769875
744,2.0,0.6000000000000001,0.5,0.1,0.08639257943531983,0.9743503989026673
745,2.0,0.7000000000000001,0.5,0.1,0.0794262693823898,0.977851191968627
746,2.0,0.8,0.5,0.1,0.09404862953796529,0.9694139961017659
747,3.0,0.0,0.5,0.15000000000000002,0.06748827394581058,0.9846053150409266
748,3.0,0.1,0.5,0.1,0.09941457294076751,0.9664094923034838
749,3.0,0.2,0.5,0.1,0.09488103839622572,0.968507568608891
750,3.0,0.30000000000000004,0.5,0.1,0.09651097546713644,0.9682151186706847
751,3.0,0.4,0.5,0.15000000000000002,0.07311957820231606,0.981623419574418
752,3.0,0.5,0.5,0.1,0.08896363674706242,0.9731443204802498
753,3.0,0.6000000000000001,0.5,0.1,0.07947401405732134,0.9783397873443496
754,3.0,0.7000000000000001,0.5,0.1,0.0837242977273339,0.976609192052607
755,3.0,0.8,0.5,0.15000000000000002,0.06758881059325123,0.9846903962879171
756,4.0,0.0,0.5,0.1,0.10477422954056188,0.9621784614606635
757,4.0,0.1,0.5,0.15000000000000002,0.08780446095555941,0.9747076208983603
758,4.0,0.2,0.5,0.15000000000000002,0.10320886373436816,0.9633612520024556
759,4.0,0.30000000000000004,0.5,0.15000000000000002,0.10870430436598845,0.9587419953349728
760,4.0,0.4,0.5,0.1,0.08693416850774105,0.9733962062222614
761,4.0,0.5,0.5,0.15000000000000002,0.09463925470960531,0.9702516730407249
762,4.0,0.6000000000000001,0.5,0.15000000000000002,0.07127811759729305,0.9829155700785196
763,4.0,0.7000000000000001,0.5,0.1,0.09365590012770246,0.9701405275372089
764,4.0,0.8,0.5,0.15000000000000002,0.07218655590973803,0.9823901089855411
765,5.0,0.0,0.5,0.15000000000000002,0.07131385060253927,0.983732416513746
766,5.0,0.1,0.5,0.15000000000000002,0.09107805360423026,0.9720013272822753
767,5.0,0.2,0.5,0.15000000000000002,0.07622205453098084,0.9804394467291419
768,5.0,0.30000000000000004,0.5,0.15000000000000002,0.08535320314363987,0.97607084205104
769,5.0,0.4,0.5,0.15000000000000002,0.09566573334381526,0.9697056274085621
770,5.0,0.5,0.5,0.15000000000000002,0.08952596898547921,0.9731299581044913
771,5.0,0.6000000000000001,0.5,0.15000000000000002,0.1030880170253371,0.9646102687353024
772,5.0,0.7000000000000001,0.5,0.15000000000000002,0.0919128763524274,0.9723812160835412
773,5.0,0.8,0.5,0.15000000000000002,0.07468035571683422,0.981482993694603
774,6.0,0.0,0.5,0.1,0.10732788905974647,0.9598739481911428
775,6.0,0.1,0.5,0.15000000000000002,0.0804344240685953,0.9778720814719191
776,6.0,0.2,0.5,0.1,0.11278504716676739,0.955770229075423
777,6.0,0.30000000000000004,0.5,0.1,0.09297581714145635,0.9716248842995957
778,6.0,0.4,0.5,0.1,0.1108886814017751,0.9574892297932315
779,6.0,0.5,0.5,0.15000000000000002,0.0857039178991351,0.9758886559316621
780,6.0,0.6000000000000001,0.5,0.1,0.10670094581523838,0.9607131261356625
781,6.0,0.7000000000000001,0.5,0.15000000000000002,0.09832735533509523,0.967936667205458
782,6.0,0.8,0.5,0.15000000000000002,0.10433420250808582,0.963547484386153
783,7.0,0.0,0.5,0.15000000000000002,0.07796971069185071,0.9799904095329853
784,7.0,0.1,0.5,0.1,0.09483460880264134,0.970626780930025
785,7.0,0.2,0.5,0.15000000000000002,0.08833506359001533,0.9744394998207477
786,7.0,0.30000000000000004,0.5,0.1,0.11270245283073715,0.9568421718393881
787,7.0,0.4,0.5,0.1,0.10266382124665654,0.964457972784917
788,7.0,0.5,0.5,0.1,0.09783656260259502,0.9702216730989628
789,7.0,0.6000000000000001,0.5,0.15000000000000002,0.1000934010331622,0.9670644364314617
790,7.0,0.7000000000000001,0.5,0.1,0.10657634302918763,0.9618722224824982
791,7.0,0.8,0.5,0.15000000000000002,0.09236047730001642,0.9718283998278585
792,8.0,0.0,0.5,0.15000000000000002,0.08803216828226991,0.9748287429718402
793,8.0,0.1,0.5,0.1,0.11172574114559532,0.9577765849462598
794,8.0,0.2,0.5,0.1,0.10189968365905054,0.9652077937434008
795,8.0,0.30000000000000004,0.5,0.15000000000000002,0.1075796054452347,0.9625301379529976
796,8.0,0.4,0.5,0.1,0.09503240190950751,0.9704290579731117
797,8.0,0.5,0.5,0.1,0.09836827939462815,0.9685945014963223
798,8.0,0.6000000000000001,0.5,0.15000000000000002,0.09862605249479478,0.9694114443716393
799,8.0,0.7000000000000001,0.5,0.15000000000000002,0.07869085148050702,0.9797324476082917
800,8.0,0.8,0.5,0.1,0.10063803697663257,0.9661234915036555
801,9.0,0.0,0.5,0.1,0.10047227585033251,0.9672481358166494
802,9.0,0.1,0.5,0.15000000000000002,0.0892691268920028,0.9739960804219917
803,9.0,0.2,0.5,0.15000000000000002,0.08706494308653545,0.9753111158500538
804,9.0,0.30000000000000004,0.5,0.1,0.11230337429882811,0.9581709441016405
805,9.0,0.4,0.5,0.1,0.10412923775662422,0.9647766763438783
806,9.0,0.5,0.5,0.1,0.10980643776037863,0.9592221125999182
807,9.0,0.6000000000000001,0.5,0.15000000000000002,0.09637701661907877,0.9705638658032193
808,9.0,0.7000000000000001,0.5,0.1,0.10726227424673966,0.9608319784901539
809,9.0,0.8,0.5,0.1,0.08926584881171237,0.9749822544242535
810,10.0,0.0,0.5,0.15000000000000002,0.10103044266012037,0.9671151466744101
811,10.0,0.1,0.5,0.1,0.103918007045928,0.9650025333353608
812,10.0,0.2,0.5,0.1,0.10378695405569804,0.9665805192043289
813,10.0,0.30000000000000004,0.5,0.1,0.11027266542465616,0.9594121702854712
814,10.0,0.4,0.5,0.15000000000000002,0.09714626879669908,0.9695818880245848
815,10.0,0.5,0.5,0.1,0.09649052328819162,0.9700902539623123
816,10.0,0.6000000000000001,0.5,0.1,0.1154174497404281,0.955881800749282
817,10.0,0.7000000000000001,0.5,0.1,0.1129875587837516,0.9585721857020505
818,10.0,0.8,0.5,0.1,0.1072371479433441,0.9618464896038992
819,11.0,0.0,0.5,0.1,0.10243282040319164,0.9653782081472561
820,11.0,0.1,0.5,0.1,0.1008459042757257,0.9689757649876078
821,11.0,0.2,0.5,0.1,0.1133893363641856,0.9576011401760625
822,11.0,0.30000000000000004,0.5,0.1,0.09370448628594905,0.9713126970245293
823,11.0,0.4,0.5,0.1,0.10569465903957266,0.9641801581616963
824,11.0,0.5,0.5,0.1,0.10300656448207383,0.9656745749935665
825,11.0,0.6000000000000001,0.5,0.1,0.09565357744319698,0.9722960490208413
826,11.0,0.7000000000000001,0.5,0.1,0.1115429977796647,0.9593568861360543
827,11.0,0.8,0.5,0.1,0.10276233625614518,0.9657468420659577
828,12.0,0.0,0.5,0.05,0.12227508103644427,0.9516945576882709
829,12.0,0.1,0.5,0.1,0.09643049751769299,0.9709069059815907
830,12.0,0.2,0.5,0.1,0.11475767424240138,0.9577610465399925
831,12.0,0.30000000000000004,0.5,0.1,0.10826920779172826,0.9647813927588429
832,12.0,0.4,0.5,0.1,0.11693338125084908,0.9555327207065343
833,12.0,0.5,0.5,0.1,0.11068099355131414,0.9627817003559679
834,12.0,0.6000000000000001,0.5,0.1,0.10314591397054483,0.9682474290058378
835,12.0,0.7000000000000001,0.5,0.1,0.09931963992718792,0.964594582957354
836,12.0,0.8,0.5,0.1,0.1045693842282427,0.9645267178319495
837,13.0,0.0,0.5,0.1,0.11546221870410704,0.9586252218623957
838,13.0,0.1,0.5,0.1,0.11010312203683537,0.9616470164682511
839,13.0,0.2,0.5,0.1,0.1037702076753531,0.9677657408936339
840,13.0,0.30000000000000004,0.5,0.05,0.11706716480209547,0.9581294081471952
841,13.0,0.4,0.5,0.1,0.09708292063658178,0.9702208795605634
842,13.0,0.5,0.5,0.1,0.10032037200482681,0.9693091044006469
843,13.0,0.6000000000000001,0.5,0.1,0.11541899982455318,0.9579963251432824
844,13.0,0.7000000000000001,0.5,0.1,0.09656612849740935,0.9710906747602297
845,13.0,0.8,0.5,0.1,0.10021171535519524,0.9638848878769465
846,14.0,0.0,0.5,0.1,0.09876843062876194,0.9699089266530428
847,14.0,0.1,0.5,0.1,0.09873466738041894,0.9691153531238367
848,14.0,0.2,0.5,0.1,0.10356928877783989,0.9679501430910812
849,14.0,0.30000000000000004,0.5,0.05,0.11201279049192908,0.963799470488775
850,14.0,0.4,0.5,0.05,0.11532892822921782,0.9583468968015629
851,14.0,0.5,0.5,0.1,0.1084229640379138,0.9649728170178197
852,14.0,0.6000000000000001,0.5,0.1,0.10485308263487904,0.9684642559013631
853,14.0,0.7000000000000001,0.5,0.05,0.11724728119615306,0.9563470991806221
854,14.0,0.8,0.5,0.05,0.11295350314594134,0.9597342086334474
855,15.0,0.0,0.5,0.1,0.09112664760104044,0.9701031131693345
856,15.0,0.1,0.5,0.1,0.08900680377442684,0.9714155038948779
857,15.0,0.2,0.5,0.1,0.10676041028709425,0.964947007062567
858,15.0,0.30000000000000004,0.5,0.1,0.11535930630676407,0.9619969593946369
859,15.0,0.4,0.5,0.1,0.10523357142052378,0.9667955199023345
860,15.0,0.5,0.5,0.1,0.10657838891373754,0.965234518929796
861,15.0,0.6000000000000001,0.5,0.1,0.11054597504053311,0.9645027403790728
862,15.0,0.7000000000000001,0.5,0.1,0.0966558126089957,0.9662978237885015
863,15.0,0.8,0.5,0.1,0.06899694875180731,0.9831178185007328
864,0.0,0.0,0.6000000000000001,0.1,0.08848855076682033,0.9721588991692014
865,0.0,0.1,0.6000000000000001,0.05,0.11851513324042995,0.9556390147221554
866,0.0,0.2,0.6000000000000001,0.05,0.10666914237296674,0.9680267871207949
867,0.0,0.30000000000000004,0.6000000000000001,0.1,0.09796218772171766,0.9654831522875598
868,0.0,0.4,0.6000000000000001,0.1,0.07422600297625764,0.9807676409598135
869,0.0,0.5,0.6000000000000001,0.1,0.08528621341081828,0.9737513502720422
870,0.0,0.6000000000000001,0.6000000000000001,0.1,0.07865630484211242,0.9782998230127367
871,0.0,0.7000000000000001,0.6000000000000001,0.1,0.08308795498137637,0.9751032588066558
872,0.0,0.8,0.6000000000000001,0.1,0.07029397449168436,0.9825943034263664
873,1.0,0.0,0.6000000000000001,0.1,0.11084517215615644,0.962830286319972
874,1.0,0.1,0.6000000000000001,0.1,0.09906339559165142,0.9647640033560413
875,1.0,0.2,0.6000000000000001,0.1,0.11761319682368328,0.9604484641674955
876,1.0,0.30000000000000004,0.6000000000000001,0.1,0.0874114273341733,0.9725571121227983
877,1.0,0.4,0.6000000000000001,0.1,0.09484577478366588,0.9675437457357194
878,1.0,0.5,0.6000000000000001,0.1,0.08767098205818429,0.9722982413984356
879,1.0,0.6000000000000001,0.6000000000000001,0.1,0.11152452704902184,0.9558703713904878
880,1.0,0.7000000000000001,0.6000000000000001,0.1,0.08701464993070755,0.9736415776277553
881,1.0,0.8,0.6000000000000001,0.1,0.0682625490703668,0.9837354367478364
882,2.0,0.0,0.6000000000000001,0.1,0.11507789302641007,0.9625870055453292
883,2.0,0.1,0.6000000000000001,0.1,0.07550784379496939,0.980142480369314
884,2.0,0.2,0.6000000000000001,0.1,0.07231650411576986,0.9821643707596845
885,2.0,0.30000000000000004,0.6000000000000001,0.1,0.10187321534772295,0.9697309101212325
886,2.0,0.4,0.6000000000000001,0.1,0.10348691327155217,0.9616772227236579
887,2.0,0.5,0.6000000000000001,0.1,0.10329467097063218,0.9615637844772609
888,2.0,0.6000000000000001,0.6000000000000001,0.1,0.07754321836335638,0.9788047414943517
889,2.0,0.7000000000000001,0.6000000000000001,0.1,0.0726147619837356,0.9820111975137049
890,2.0,0.8,0.6000000000000001,0.1,0.09309972200409634,0.9688555075726439
891,3.0,0.0,0.6000000000000001,0.1,0.10218259526123463,0.9641963283906021
892,3.0,0.1,0.6000000000000001,0.1,0.07526897494457391,0.9804423997848724
893,3.0,0.2,0.6000000000000001,0.1,0.09015002778010403,0.9715028524404362
894,3.0,0.30000000000000004,0.6000000000000001,0.1,0.08436215115740708,0.9746126363835383
895,3.0,0.4,0.6000000000000001,0.1,0.08533088645780744,0.9752703645616644
896,3.0,0.5,0.6000000000000001,0.1,0.07255613045821567,0.9817857912846946
897,3.0,0.6000000000000001,0.6000000000000001,0.1,0.07681019553362836,0.9795056908426071
898,3.0,0.7000000000000001,0.6000000000000001,0.1,0.09285016174439663,0.9709631337331526
899,3.0,0.8,0.6000000000000001,0.1,0.08958371626488529,0.9733978201586052
900,4.0,0.0,0.6000000000000001,0.1,0.08219605202219746,0.9767400271895254
901,4.0,0.1,0.6000000000000001,0.1,0.11570312302828842,0.9519710984922553
902,4.0,0.2,0.6000000000000001,0.1,0.1191070979178022,0.9494477599593537
903,4.0,0.30000000000000004,0.6000000000000001,0.1,0.11001553326561234,0.9570754038851268
904,4.0,0.4,0.6000000000000001,0.1,0.07142272094008781,0.9827823359383101
905,4.0,0.5,0.6000000000000001,0.1,0.0912073818006216,0.9710592388431261
906,4.0,0.6000000000000001,0.6000000000000001,0.1,0.07530673064551766,0.9809725550827467
907,4.0,0.7000000000000001,0.6000000000000001,0.1,0.06641053207211099,0.984827741727716
908,4.0,0.8,0.6000000000000001,0.1,0.0789677120597924,0.9790147224655057
909,5.0,0.0,0.6000000000000001,0.1,0.09340977750435145,0.9694934701035427
910,5.0,0.1,0.6000000000000001,0.1,0.1012160234249545,0.9635949634290283
911,5.0,0.2,0.6000000000000001,0.1,0.07840978951022885,0.9793704423910337
912,5.0,0.30000000000000004,0.6000000000000001,0.1,0.07698507557200013,0.9804783648657084
913,5.0,0.4,0.6000000000000001,0.1,0.09698533342346959,0.9676804633799052
914,5.0,0.5,0.6000000000000001,0.1,0.10191757570318022,0.9633633402160479
915,5.0,0.6000000000000001,0.6000000000000001,0.1,0.09594998769576112,0.966822704552799
916,5.0,0.7000000000000001,0.6000000000000001,0.1,0.11089217716590988,0.9557092181361243
917,5.0,0.8,0.6000000000000001,0.1,0.0645598960293,0.9856416950843607
918,6.0,0.0,0.6000000000000001,0.1,0.08671688929355308,0.9746597153709168
919,6.0,0.1,0.6000000000000001,0.1,0.12003436493187739,0.949714542191607
920,6.0,0.2,0.6000000000000001,0.1,0.11542226110077208,0.9528295096126084
921,6.0,0.30000000000000004,0.6000000000000001,0.1,0.09594164118372706,0.9686439690740235
922,6.0,0.4,0.6000000000000001,0.1,0.11555833974288385,0.9521197058943572
923,6.0,0.5,0.6000000000000001,0.1,0.11837335895840591,0.9505166302602759
924,6.0,0.6000000000000001,0.6000000000000001,0.1,0.09646197937108164,0.9687555050039163
925,6.0,0.7000000000000001,0.6000000000000001,0.1,0.09535641930964218,0.9686727860914759
926,6.0,0.8,0.6000000000000001,0.1,0.11359701100429184,0.9541297335730413
927,7.0,0.0,0.6000000000000001,0.1,0.09796863831689298,0.9688403236631854
928,7.0,0.1,0.6000000000000001,0.1,0.09791522597060567,0.9668580466333861
929,7.0,0.2,0.6000000000000001,0.1,0.09220262412490728,0.9712375680171007
930,7.0,0.30000000000000004,0.6000000000000001,0.1,0.1045583935608855,0.9632951447122574
931,7.0,0.4,0.6000000000000001,0.1,0.09278606889294747,0.9707793708133615
932,7.0,0.5,0.6000000000000001,0.1,0.09343885851698513,0.9711912310714074
933,7.0,0.6000000000000001,0.6000000000000001,0.1,0.09770286559905854,0.9681429341570171
934,7.0,0.7000000000000001,0.6000000000000001,0.1,0.09298978444793445,0.9701433904268829
935,7.0,0.8,0.6000000000000001,0.1,0.11386744283014916,0.9547116430154792
936,8.0,0.0,0.6000000000000001,0.1,0.11059226602384502,0.956989251953277
937,8.0,0.1,0.6000000000000001,0.1,0.10844910533087128,0.9599778995210395
938,8.0,0.2,0.6000000000000001,0.1,0.11039377488544488,0.9583965468784134
939,8.0,0.30000000000000004,0.6000000000000001,0.1,0.09799388286175849,0.9676406129785426
940,8.0,0.4,0.6000000000000001,0.1,0.09851293210793995,0.9675833455109656
941,8.0,0.5,0.6000000000000001,0.1,0.0963660363144082,0.9684670237496442
942,8.0,0.6000000000000001,0.6000000000000001,0.1,0.09946912212489988,0.967073985324108
943,8.0,0.7000000000000001,0.6000000000000001,0.1,0.10355563390298114,0.9639383486898582
944,8.0,0.8,0.6000000000000001,0.1,0.09486771764860197,0.9708362968138392
945,9.0,0.0,0.6000000000000001,0.1,0.07848983317248825,0.9796526773382072
946,9.0,0.1,0.6000000000000001,0.05,0.11615633647661022,0.952624000520227
947,9.0,0.2,0.6000000000000001,0.1,0.11068906429294342,0.956591530456214
948,9.0,0.30000000000000004,0.6000000000000001,0.1,0.11040317659700648,0.9576087821260403
949,9.0,0.4,0.6000000000000001,0.1,0.11808435382569225,0.9502848522918251
950,9.0,0.5,0.6000000000000001,0.1,0.11933819173454395,0.9498640908254532
951,9.0,0.6000000000000001,0.6000000000000001,0.1,0.08778305025672133,0.9746683043108554
952,9.0,0.7000000000000001,0.6000000000000001,0.1,0.10936353226088902,0.9605506461647273
953,9.0,0.8,0.6000000000000001,0.1,0.09905004516143572,0.9673714108323614
954,10.0,0.0,0.6000000000000001,0.1,0.11234944376504756,0.9567214039545568
955,10.0,0.1,0.6000000000000001,0.05,0.11981413498280442,0.9505032189856966
956,10.0,0.2,0.6000000000000001,0.05,0.11436932687779332,0.9546828440309127
957,10.0,0.30000000000000004,0.6000000000000001,0.1,0.10824677668285582,0.9605735760525683
958,10.0,0.4,0.6000000000000001,0.1,0.10337611701442807,0.9658714510689518
959,10.0,0.5,0.6000000000000001,0.1,0.09041376023091147,0.9730905985988292
960,10.0,0.6000000000000001,0.6000000000000001,0.1,0.10209704169189313,0.9659956598608654
961,10.0,0.7000000000000001,0.6000000000000001,0.05,0.11617901436981136,0.9531466560878299
962,10.0,0.8,0.6000000000000001,0.1,0.1169578871762917,0.9534342921843136
963,11.0,0.0,0.6000000000000001,0.1,0.10432608880831665,0.964329207441693
964,11.0,0.1,0.6000000000000001,0.05,0.11665361820413737,0.9529365126689102
965,11.0,0.2,0.6000000000000001,0.1,0.11005661797923082,0.9618175197962107
966,11.0,0.30000000000000004,0.6000000000000001,0.1,0.0913944183933408,0.9724764751639552
967,11.0,0.4,0.6000000000000001,0.1,0.10833412203147794,0.961107871290368
968,11.0,0.5,0.6000000000000001,0.1,0.1130822318795428,0.9571185077847097
969,11.0,0.6000000000000001,0.6000000000000001,0.05,0.10693919936099106,0.962742247193523
970,11.0,0.7000000000000001,0.6000000000000001,0.05,0.12432642151864676,0.9466601746145659
971,11.0,0.8,0.6000000000000001,0.1,0.0968520785163477,0.968917693598024
972,12.0,0.0,0.6000000000000001,0.05,0.11512159163374426,0.9558129954195657
973,12.0,0.1,0.6000000000000001,0.1,0.1128550810329537,0.9580764983832811
974,12.0,0.2,0.6000000000000001,0.05,0.10031272830646105,0.9680217526837699
975,12.0,0.30000000000000004,0.6000000000000001,0.05,0.10143809709688646,0.9677610852296965
976,12.0,0.4,0.6000000000000001,0.1,0.10830307008655411,0.9622743091439333
977,12.0,0.5,0.6000000000000001,0.05,0.11570535380832347,0.9567921984251437
978,12.0,0.6000000000000001,0.6000000000000001,0.05,0.11623033412343603,0.9538778603773773
979,12.0,0.7000000000000001,0.6000000000000001,0.1,0.1005933223789277,0.9671588637110298
980,12.0,0.8,0.6000000000000001,0.1,0.09807890437556205,0.9680301426904313
981,13.0,0.0,0.6000000000000001,0.1,0.10796701819274827,0.9626282107063375
982,13.0,0.1,0.6000000000000001,0.1,0.10660501432982292,0.9596392452131625
983,13.0,0.2,0.6000000000000001,0.05,0.1278664677488134,0.9443564722260888
984,13.0,0.30000000000000004,0.6000000000000001,0.1,0.11974277642282904,0.9551828088723281
985,13.0,0.4,0.6000000000000001,0.1,0.11620388351366835,0.9566655643861058
986,13.0,0.5,0.6000000000000001,0.1,0.10486669302523081,0.9671240431773671
987,13.0,0.6000000000000001,0.6000000000000001,0.05,0.11752154000274265,0.9547624983657282
988,13.0,0.7000000000000001,0.6000000000000001,0.1,0.10836304455634456,0.9614600171725682
989,13.0,0.8,0.6000000000000001,0.05,0.09616310153491531,0.967197447417664
990,14.0,0.0,0.6000000000000001,0.05,0.12128564617874792,0.9503216979537699
991,14.0,0.1,0.6000000000000001,0.1,0.10853978088397562,0.9631142876167915
992,14.0,0.2,0.6000000000000001,0.05,0.11450312952262967,0.960512065733915
993,14.0,0.30000000000000004,0.6000000000000001,0.05,0.11690543934768699,0.9550941625997663
994,14.0,0.4,0.6000000000000001,0.1,0.09401040893911149,0.9711682026129138
995,14.0,0.5,0.6000000000000001,0.05,0.09947650169784082,0.9644958801342705
996,14.0,0.6000000000000001,0.6000000000000001,0.05,0.11509048080452236,0.9573756083861126
997,14.0,0.7000000000000001,0.6000000000000001,0.05,0.10486684342429375,0.9668714699753823
998,14.0,0.8,0.6000000000000001,0.05,0.10866883140667263,0.9629449656990412
999,15.0,0.0,0.6000000000000001,0.05,0.11650135514364617,0.9570028383590009
1000,15.0,0.1,0.6000000000000001,0.1,0.10318809866966282,0.9621073645316316
1001,15.0,0.2,0.6000000000000001,0.05,0.12023384429199528,0.9548895443647424
1002,15.0,0.30000000000000004,0.6000000000000001,0.05,0.11920954040544035,0.9555815224874242
1003,15.0,0.4,0.6000000000000001,0.1,0.11500014709375485,0.9586419651884678
1004,15.0,0.5,0.6000000000000001,0.1,0.10667940860582528,0.9637819717363075
1005,15.0,0.6000000000000001,0.6000000000000001,0.05,0.11168658313600814,0.9608450946766306
1006,15.0,0.7000000000000001,0.6000000000000001,0.05,0.10652357342106382,0.9590567346226316
1007,15.0,0.8,0.6000000000000001,0.05,0.11562747854543741,0.955957250361909
1008,0.0,0.0,0.7000000000000001,0.05,0.12071853521065269,0.953100749369826
1009,0.0,0.1,0.7000000000000001,0.05,0.0914532289194545,0.9704578351975047
1010,0.0,0.2,0.7000000000000001,0.05,0.09524589482202217,0.967675753397929
1011,0.0,0.30000000000000004,0.7000000000000001,0.05,0.11206677315051784,0.9624719552362971
1012,0.0,0.4,0.7000000000000001,0.05,0.11362429993193852,0.9608670855499531
1013,0.0,0.5,0.7000000000000001,0.05,0.07507607178330955,0.9799319345543636
1014,0.0,0.6000000000000001,0.7000000000000001,0.05,0.09213727970624273,0.9698390374594547
1015,0.0,0.7000000000000001,0.7000000000000001,0.05,0.1185027833996603,0.9583259263931817
1016,0.0,0.8,0.7000000000000001,0.05,0.08980995259218388,0.9713976137160116
1017,1.0,0.0,0.7000000000000001,0.05,0.1088510879420258,0.9571368204854996
1018,1.0,0.1,0.7000000000000001,0.1,0.07620992433501844,0.9796247649288257
1019,1.0,0.2,0.7000000000000001,0.05,0.11082396913097121,0.9616599209816911
1020,1.0,0.30000000000000004,0.7000000000000001,0.05,0.0809221735720868,0.9767532482669579
1021,1.0,0.4,0.7000000000000001,0.1,0.11301228881769593,0.9535229176784821
1022,1.0,0.5,0.7000000000000001,0.1,0.08548977467058677,0.9743138145560845
1023,1.0,0.6000000000000001,0.7000000000000001,0.1,0.11660278710182483,0.9504927317412497
1024,1.0,0.7000000000000001,0.7000000000000001,0.1,0.07095865791994643,0.9824645942836436
1025,1.0,0.8,0.7000000000000001,0.1,0.10777467273841128,0.9579132847351269
1026,2.0,0.0,0.7000000000000001,0.1,0.08792821260630411,0.9725468674753
1027,2.0,0.1,0.7000000000000001,0.05,0.07942537771754259,0.9776893350300843
1028,2.0,0.2,0.7000000000000001,0.05,0.1166480850717716,0.9506910659937633
1029,2.0,0.30000000000000004,0.7000000000000001,0.1,0.07070814432647074,0.982831074833189
1030,2.0,0.4,0.7000000000000001,0.05,0.09409150495837203,0.968298988607955
1031,2.0,0.5,0.7000000000000001,0.1,0.11510693181547177,0.951797163618311
1032,2.0,0.6000000000000001,0.7000000000000001,0.1,0.07444776377949,0.9809300353745518
1033,2.0,0.7000000000000001,0.7000000000000001,0.1,0.07402557683867639,0.9809670727643016
1034,2.0,0.8,0.7000000000000001,0.05,0.09345830291937475,0.9685696777852169
1035,3.0,0.0,0.7000000000000001,0.05,0.08799862150085162,0.9724949297509372
1036,3.0,0.1,0.7000000000000001,0.1,0.10724971385875318,0.9583592781387453
1037,3.0,0.2,0.7000000000000001,0.05,0.09165828570334336,0.969908185749632
1038,3.0,0.30000000000000004,0.7000000000000001,0.1,0.08101423360171774,0.977567842440715
1039,3.0,0.4,0.7000000000000001,0.05,0.0906929247418131,0.9705951297777489
1040,3.0,0.5,0.7000000000000001,0.1,0.10932811007619071,0.9568391690676397
1041,3.0,0.6000000000000001,0.7000000000000001,0.05,0.0848110432711554,0.9748607763560507
1042,3.0,0.7000000000000001,0.7000000000000001,0.05,0.11467921850387587,0.9523374848720775
1043,3.0,0.8,0.7000000000000001,0.05,0.10722910362512002,0.9582873151141188
1044,4.0,0.0,0.7000000000000001,0.05,0.0847978336662147,0.9747734773392511
1045,4.0,0.1,0.7000000000000001,0.05,0.07318191711773042,0.9816279127249633
1046,4.0,0.2,0.7000000000000001,0.1,0.08270855830885222,0.9763604539667731
1047,4.0,0.30000000000000004,0.7000000000000001,0.1,0.11815485535313483,0.9494236233268438
1048,4.0,0.4,0.7000000000000001,0.1,0.09013494959002137,0.9718875500761154
1049,4.0,0.5,0.7000000000000001,0.1,0.0887296845900557,0.9725305568421538
1050,4.0,0.6000000000000001,0.7000000000000001,0.1,0.07552533891850548,0.9801377033960833
1051,4.0,0.7000000000000001,0.7000000000000001,0.1,0.09779691611040471,0.9660974462759738
1052,4.0,0.8,0.7000000000000001,0.05,0.07829192517299015,0.9787370143224471
1053,5.0,0.0,0.7000000000000001,0.05,0.09549745031040055,0.9677916616571457
1054,5.0,0.1,0.7000000000000001,0.1,0.1037603562252438,0.9627424780130921
1055,5.0,0.2,0.7000000000000001,0.05,0.1088161761344706,0.9571874600889587
1056,5.0,0.30000000000000004,0.7000000000000001,0.1,0.07813236080731277,0.9787230023611151
1057,5.0,0.4,0.7000000000000001,0.05,0.10253178963948396,0.9624515879496034
1058,5.0,0.5,0.7000000000000001,0.1,0.09952158459957246,0.9652851772842315
1059,5.0,0.6000000000000001,0.7000000000000001,0.05,0.11859109135037123,0.9488473174582571
1060,5.0,0.7000000000000001,0.7000000000000001,0.1,0.11708252801779499,0.950545282663086
1061,5.0,0.8,0.7000000000000001,0.1,0.10203589208901404,0.9642886084394491
1062,6.0,0.0,0.7000000000000001,0.05,0.11853506992600503,0.948780565088762
1063,6.0,0.1,0.7000000000000001,0.1,0.08989573572759813,0.9720564828546462
1064,6.0,0.2,0.7000000000000001,0.1,0.08932869250905437,0.9726845539166966
1065,6.0,0.30000000000000004,0.7000000000000001,0.1,0.09642922471585494,0.9678759518151977
1066,6.0,0.4,0.7000000000000001,0.1,0.09356029155656584,0.9694490244477131
1067,6.0,0.5,0.7000000000000001,0.1,0.11191666654686877,0.9545771211160162
1068,6.0,0.6000000000000001,0.7000000000000001,0.1,0.0969046640910194,0.9669596533637379
1069,6.0,0.7000000000000001,0.7000000000000001,0.1,0.0873909174302231,0.9735682958138875
1070,6.0,0.8,0.7000000000000001,0.1,0.0812540773736551,0.9778462172523134
1071,7.0,0.0,0.7000000000000001,0.1,0.07543604670306976,0.9803144079715679
1072,7.0,0.1,0.7000000000000001,0.05,0.11446017338814775,0.9525261034852941
1073,7.0,0.2,0.7000000000000001,0.1,0.10681411231495387,0.9597546474073031
1074,7.0,0.30000000000000004,0.7000000000000001,0.1,0.10376003633837154,0.9612343065056871
1075,7.0,0.4,0.7000000000000001,0.1,0.11074996216019384,0.9572343027236737
1076,7.0,0.5,0.7000000000000001,0.05,0.10004823762919839,0.9647398805388973
1077,7.0,0.6000000000000001,0.7000000000000001,0.1,0.1104746819482314,0.9571276674103647
1078,7.0,0.7000000000000001,0.7000000000000001,0.05,0.11147962277857794,0.9548940459812224
1079,7.0,0.8,0.7000000000000001,0.05,0.11806331862961436,0.9492885207312263
1080,8.0,0.0,0.7000000000000001,0.1,0.10237083317590906,0.9631084250818246
1081,8.0,0.1,0.7000000000000001,0.1,0.09729619891834232,0.9676441468928022
1082,8.0,0.2,0.7000000000000001,0.1,0.10274854474233812,0.9640541424044635
1083,8.0,0.30000000000000004,0.7000000000000001,0.05,0.10215403647416854,0.9624207502449909
1084,8.0,0.4,0.7000000000000001,0.05,0.10723131654660106,0.9610183138811961
1085,8.0,0.5,0.7000000000000001,0.1,0.10284510029745719,0.9645449855136213
1086,8.0,0.6000000000000001,0.7000000000000001,0.05,0.12495712258623998,0.9434524015115321
1087,8.0,0.7000000000000001,0.7000000000000001,0.1,0.09252870443283653,0.9702553474931801
1088,8.0,0.8,0.7000000000000001,0.05,0.11587848078528709,0.9512846298988502
1089,9.0,0.0,0.7000000000000001,0.1,0.1037633247921782,0.9626714272650051
1090,9.0,0.1,0.7000000000000001,0.05,0.1013855416575887,0.9646145180060606
1091,9.0,0.2,0.7000000000000001,0.1,0.11404597433713741,0.9556057620846443
1092,9.0,0.30000000000000004,0.7000000000000001,0.05,0.11464673114262908,0.953492851472786
1093,9.0,0.4,0.7000000000000001,0.1,0.10808805322124196,0.9596817761619396
1094,9.0,0.5,0.7000000000000001,0.05,0.11190054245307966,0.9558712102360669
1095,9.0,0.6000000000000001,0.7000000000000001,0.1,0.10611729967606301,0.961657875800892
1096,9.0,0.7000000000000001,0.7000000000000001,0.1,0.10821911708677608,0.9597999397908956
1097,9.0,0.8,0.7000000000000001,0.1,0.0999820837184377,0.9656697301842689
1098,10.0,0.0,0.7000000000000001,0.05,0.11572357382923018,0.95192950350201
1099,10.0,0.1,0.7000000000000001,0.1,0.09998377165724227,0.9656826848611286
1100,10.0,0.2,0.7000000000000001,0.05,0.1213988208140524,0.9469589576453356
1101,10.0,0.30000000000000004,0.7000000000000001,0.05,0.11013725531753639,0.9587237315483439
1102,10.0,0.4,0.7000000000000001,0.05,0.11852561979647176,0.9492527091261916
1103,10.0,0.5,0.7000000000000001,0.1,0.11141368241686352,0.9577557283827363
1104,10.0,0.6000000000000001,0.7000000000000001,0.05,0.12341427648526276,0.9447208081827752
1105,10.0,0.7000000000000001,0.7000000000000001,0.05,0.10702898966947866,0.9608928872789965
1106,10.0,0.8,0.7000000000000001,0.05,0.11371616215191918,0.954222500281988
1107,11.0,0.0,0.7000000000000001,0.05,0.11839952379422479,0.9496119828202697
1108,11.0,0.1,0.7000000000000001,0.1,0.09964972364680837,0.9665473583382611
1109,11.0,0.2,0.7000000000000001,0.05,0.11560372587439972,0.9522568446024843
1110,11.0,0.30000000000000004,0.7000000000000001,0.05,0.12312534409573343,0.9452784623583037
1111,11.0,0.4,0.7000000000000001,0.1,0.11357148095199257,0.955888986936459
1112,11.0,0.5,0.7000000000000001,0.05,0.10660461474636036,0.9608198540898064
1113,11.0,0.6000000000000001,0.7000000000000001,0.1,0.10424789616601422,0.9625320712366428
1114,11.0,0.7000000000000001,0.7000000000000001,0.05,0.10486806992226001,0.9625475634496831
1115,11.0,0.8,0.7000000000000001,0.0,0.11847643543958646,0.9499037670006807
1116,12.0,0.0,0.7000000000000001,0.05,0.11179989309776898,0.9564194296751302
1117,12.0,0.1,0.7000000000000001,0.05,0.11679180460782924,0.952626061954674
1118,12.0,0.2,0.7000000000000001,0.05,0.10540397328418968,0.9625423540103246
1119,12.0,0.30000000000000004,0.7000000000000001,0.05,0.12226211442081068,0.9467184892464788
1120,12.0,0.4,0.7000000000000001,0.05,0.12260322273288962,0.9457002899687664
1121,12.0,0.5,0.7000000000000001,0.05,0.12050015722272389,0.9511153755316197
1122,12.0,0.6000000000000001,0.7000000000000001,0.05,0.12020678016195027,0.9504838004048176
1123,12.0,0.7000000000000001,0.7000000000000001,0.05,0.10948076137880246,0.9581180301585219
1124,12.0,0.8,0.7000000000000001,0.1,0.09960400189828043,0.9672234644135852
1125,13.0,0.0,0.7000000000000001,0.05,0.11618279943387123,0.9536952808282553
1126,13.0,0.1,0.7000000000000001,0.05,0.1140995220020311,0.9558259703174804
1127,13.0,0.2,0.7000000000000001,0.05,0.12043697236216394,0.9500270018483444
1128,13.0,0.30000000000000004,0.7000000000000001,0.05,0.11904744578600925,0.951443631967942
1129,13.0,0.4,0.7000000000000001,0.05,0.11399049583262567,0.957349353448756
1130,13.0,0.5,0.7000000000000001,0.05,0.10956990271328008,0.9595024918262006
1131,13.0,0.6000000000000001,0.7000000000000001,0.05,0.10594915770362223,0.9623220551608352
1132,13.0,0.7000000000000001,0.7000000000000001,0.05,0.12571712414276018,0.9446033032016582
1133,13.0,0.8,0.7000000000000001,0.05,0.1271331494671155,0.9426382704224762
1134,14.0,0.0,0.7000000000000001,0.05,0.10591712680488968,0.961786206540255
1135,14.0,0.1,0.7000000000000001,0.05,0.12110809209578234,0.9509658532140668
1136,14.0,0.2,0.7000000000000001,0.05,0.10068307382796261,0.965493389707718
1137,14.0,0.30000000000000004,0.7000000000000001,0.05,0.09268459071508896,0.9707674856312075
1138,14.0,0.4,0.7000000000000001,0.05,0.11775710585858566,0.9513892645745703
1139,14.0,0.5,0.7000000000000001,0.05,0.1141576574937626,0.9545074306911103
1140,14.0,0.6000000000000001,0.7000000000000001,0.1,0.11466310180725608,0.9560420393274894
1141,14.0,0.7000000000000001,0.7000000000000001,0.05,0.11893033480943004,0.9519597909460614
1142,14.0,0.8,0.7000000000000001,0.05,0.12250255667259724,0.9490958940653994
1143,15.0,0.0,0.7000000000000001,0.05,0.11277467891754835,0.9586347175903794
1144,15.0,0.1,0.7000000000000001,0.05,0.10522252838314487,0.9610345517798033
1145,15.0,0.2,0.7000000000000001,0.05,0.12121687964652351,0.9522002387198668
1146,15.0,0.30000000000000004,0.7000000000000001,0.05,0.10579751752942725,0.9627603517812502
1147,15.0,0.4,0.7000000000000001,0.05,0.12776162706941913,0.945555208278716
1148,15.0,0.5,0.7000000000000001,0.05,0.10679423351206968,0.9596075096087904
1149,15.0,0.6000000000000001,0.7000000000000001,0.05,0.10972754244207361,0.9612951129268538
1150,15.0,0.7000000000000001,0.7000000000000001,0.0,0.11826123126924462,0.9519797416421876
1151,15.0,0.8,0.7000000000000001,0.05,0.07815553471246711,0.9780955904341727
1152,0.0,0.0,0.8,0.05,0.07475583098643963,0.979928633006557
1153,0.0,0.1,0.8,0.05,0.12324271607438105,0.9496148192597403
1154,0.0,0.2,0.8,0.05,0.10515452246482081,0.962273067813902
1155,0.0,0.30000000000000004,0.8,0.05,0.11526161873189004,0.9523084208274738
1156,0.0,0.4,0.8,0.05,0.11847309348062492,0.9542229334652703
1157,0.0,0.5,0.8,0.05,0.11107824401203063,0.9600197974379502
1158,0.0,0.6000000000000001,0.8,0.05,0.11903084781176927,0.954099775852301
1159,0.0,0.7000000000000001,0.8,0.05,0.11251545443081419,0.9545784961381591
1160,0.0,0.8,0.8,0.05,0.08696624262209621,0.9736278933429527
1161,1.0,0.0,0.8,0.05,0.11278076369115912,0.9552213230056369
1162,1.0,0.1,0.8,0.05,0.12261218047609979,0.9511753343554595
1163,1.0,0.2,0.8,0.05,0.08389610890586315,0.974621811959643
1164,1.0,0.30000000000000004,0.8,0.05,0.07766363962879634,0.9783170182861446
1165,1.0,0.4,0.8,0.05,0.08143048468658035,0.9760988030805995
1166,1.0,0.5,0.8,0.05,0.12160751945339082,0.9526590942812535
1167,1.0,0.6000000000000001,0.8,0.05,0.09657441830089014,0.9662050974578312
1168,1.0,0.7000000000000001,0.8,0.05,0.0969351089311328,0.9659866649340256
1169,1.0,0.8,0.8,0.05,0.09568699259613635,0.9686333564113172
1170,2.0,0.0,0.8,0.05,0.08555045256324968,0.9737709422881359
1171,2.0,0.1,0.8,0.05,0.12101924347030465,0.9467608475911896
1172,2.0,0.2,0.8,0.05,0.1029383592416916,0.961694215426966
1173,2.0,0.30000000000000004,0.8,0.05,0.08756721934328948,0.9723039245054038
1174,2.0,0.4,0.8,0.05,0.11022976065290988,0.9594876486336215
1175,2.0,0.5,0.8,0.05,0.09490773053282563,0.9690720779206068
1176,2.0,0.6000000000000001,0.8,0.05,0.09109744205324403,0.9700237548308835
1177,2.0,0.7000000000000001,0.8,0.05,0.08703579780933726,0.9727728050529966
1178,2.0,0.8,0.8,0.05,0.09373293565953167,0.9682213972695853
1179,3.0,0.0,0.8,0.05,0.11622411147315671,0.9512525480814792
1180,3.0,0.1,0.8,0.05,0.0931106006464551,0.9687129851894759
1181,3.0,0.2,0.8,0.05,0.11076505058406061,0.9557088147542887
1182,3.0,0.30000000000000004,0.8,0.05,0.07745819610966441,0.9785156083232057
1183,3.0,0.4,0.8,0.05,0.0928668808866195,0.9696620608786551
1184,3.0,0.5,0.8,0.05,0.11180966188941163,0.9560333075346198
1185,3.0,0.6000000000000001,0.8,0.05,0.08334762898869243,0.9750046729163496
1186,3.0,0.7000000000000001,0.8,0.05,0.1123994831805704,0.9550524537145745
1187,3.0,0.8,0.8,0.05,0.0730432824537804,0.9808307174701987
1188,4.0,0.0,0.8,0.05,0.09148114785099186,0.9698113412776357
1189,4.0,0.1,0.8,0.05,0.10486771720302455,0.960025651554594
1190,4.0,0.2,0.8,0.05,0.08548387904459873,0.973661930796294
1191,4.0,0.30000000000000004,0.8,0.05,0.11997453715270777,0.9475094678552085
1192,4.0,0.4,0.8,0.05,0.12052394220083937,0.9469793480053276
1193,4.0,0.5,0.8,0.05,0.0924551338254573,0.9693381409740867
1194,4.0,0.6000000000000001,0.8,0.05,0.11873903880997405,0.9547730728119229
1195,4.0,0.7000000000000001,0.8,0.05,0.09483256911341571,0.9675434759001345
1196,4.0,0.8,0.8,0.05,0.10337963757467016,0.9614490032375649
1197,5.0,0.0,0.8,0.05,0.1064801674303341,0.9587638771056605
1198,5.0,0.1,0.8,0.05,0.10989937647532223,0.956843530072796
1199,5.0,0.2,0.8,0.05,0.12169569959447288,0.9465139966039813
1200,5.0,0.30000000000000004,0.8,0.05,0.1072043959877554,0.9582182562060426
1201,5.0,0.4,0.8,0.05,0.0977548175484665,0.9654630025153715
1202,5.0,0.5,0.8,0.05,0.08029399036816352,0.9768343319359929
1203,5.0,0.6000000000000001,0.8,0.05,0.08118015577164622,0.9763381660538932
1204,5.0,0.7000000000000001,0.8,0.05,0.10372854821775022,0.9612203604655737
1205,5.0,0.8,0.8,0.05,0.09784861126719623,0.9655689813973258
1206,6.0,0.0,0.8,0.05,0.10671397587867983,0.9587791109573129
1207,6.0,0.1,0.8,0.05,0.10638180160178361,0.9590460683171871
1208,6.0,0.2,0.8,0.05,0.10449349334951301,0.9604076651595387
1209,6.0,0.30000000000000004,0.8,0.05,0.09763328752200295,0.9662989081913821
1210,6.0,0.4,0.8,0.05,0.09472725650892154,0.9682996694117292
1211,6.0,0.5,0.8,0.05,0.09408907087430253,0.9684797357145705
1212,6.0,0.6000000000000001,0.8,0.05,0.09737408125253454,0.9658663552445302
1213,6.0,0.7000000000000001,0.8,0.05,0.1020109166811044,0.9625208570810384
1214,6.0,0.8,0.8,0.05,0.11575486228191859,0.9517030704495802
1215,7.0,0.0,0.8,0.05,0.10958549102385345,0.9564666340609298
1216,7.0,0.1,0.8,0.05,0.08162866554756605,0.9762012336430915
1217,7.0,0.2,0.8,0.05,0.12512265020455016,0.943011423901003
1218,7.0,0.30000000000000004,0.8,0.05,0.12334204270730806,0.9444228125847932
1219,7.0,0.4,0.8,0.05,0.08674600202553227,0.9730495591595288
1220,7.0,0.5,0.8,0.05,0.11390781044139679,0.9526792850704885
1221,7.0,0.6000000000000001,0.8,0.05,0.12593734336597734,0.94204502560118
1222,7.0,0.7000000000000001,0.8,0.05,0.10470673825821432,0.9609911797270198
1223,7.0,0.8,0.8,0.05,0.08350544552242174,0.9749972303449665
1224,8.0,0.0,0.8,0.05,0.11050589212322073,0.9555267936697607
1225,8.0,0.1,0.8,0.05,0.10945312964500295,0.9572088061662969
1226,8.0,0.2,0.8,0.05,0.10267772731707883,0.962165327896293
1227,8.0,0.30000000000000004,0.8,0.05,0.10405044045540869,0.9616720217075634
1228,8.0,0.4,0.8,0.05,0.10972213505299494,0.956938267414633
1229,8.0,0.5,0.8,0.05,0.1260678408937448,0.9417391873461087
1230,8.0,0.6000000000000001,0.8,0.05,0.12699333255913633,0.9410651082732435
1231,8.0,0.7000000000000001,0.8,0.05,0.10533596618949806,0.9601598995712881
1232,8.0,0.8,0.8,0.05,0.10779026596043896,0.958369511279417
1233,9.0,0.0,0.8,0.05,0.11394223054183913,0.9528585803345067
1234,9.0,0.1,0.8,0.0,0.1250280188437606,0.9431193654344575
1235,9.0,0.2,0.8,0.05,0.11102948138672636,0.9554580942898214
1236,9.0,0.30000000000000004,0.8,0.0,0.13123693640906844,0.9370984307735912
1237,9.0,0.4,0.8,0.05,0.11212103710829135,0.9543110172121452
1238,9.0,0.5,0.8,0.05,0.09468283721840066,0.9685098265562053
1239,9.0,0.6000000000000001,0.8,0.05,0.11230669974582287,0.954274696119931
1240,9.0,0.7000000000000001,0.8,0.05,0.12564325038515714,0.9421243291410311
1241,9.0,0.8,0.8,0.1,0.11690987285009256,0.9530146717881289
1242,10.0,0.0,0.8,0.05,0.11047211594431351,0.9560303630505522
1243,10.0,0.1,0.8,0.05,0.10219699342302548,0.9629783996068202
1244,10.0,0.2,0.8,0.05,0.1123124940658538,0.9550575991818123
1245,10.0,0.30000000000000004,0.8,0.05,0.10808332093675832,0.9577756861166202
1246,10.0,0.4,0.8,0.0,0.12576542226932816,0.9421455562416473
1247,10.0,0.5,0.8,0.05,0.10934172548222693,0.9575734631296062
1248,10.0,0.6000000000000001,0.8,0.05,0.11829355072687606,0.9500561594955997
1249,10.0,0.7000000000000001,0.8,0.05,0.11650006762192153,0.9517109332646675
1250,10.0,0.8,0.8,0.05,0.1111331725172135,0.9562367887968772
1251,11.0,0.0,0.8,0.0,0.11308416773903943,0.9535676596221383
1252,11.0,0.1,0.8,0.05,0.11838667465648076,0.9495993537406582
1253,11.0,0.2,0.8,0.05,0.10562271007292853,0.960726625276894
1254,11.0,0.30000000000000004,0.8,0.0,0.12717739046471574,0.9406313741954412
1255,11.0,0.4,0.8,0.0,0.11384815271245353,0.953072874812918
1256,11.0,0.5,0.8,0.0,0.12825451565202278,0.9398250176647982
1257,11.0,0.6000000000000001,0.8,0.05,0.11457034734569499,0.952514964805092
1258,11.0,0.7000000000000001,0.8,0.0,0.11919417132049648,0.9481973909942476
1259,11.0,0.8,0.8,0.05,0.09824237121500297,0.9663054193957964
1260,12.0,0.0,0.8,0.0,0.11149215120380927,0.9558063579726491
1261,12.0,0.1,0.8,0.05,0.10961431143939798,0.9575347396505526
1262,12.0,0.2,0.8,0.05,0.11519316178487,0.952872064725177
1263,12.0,0.30000000000000004,0.8,0.05,0.12205216827340215,0.9459670860656743
1264,12.0,0.4,0.8,0.0,0.12597133257448362,0.9419342863783469
1265,12.0,0.5,0.8,0.0,0.11711415707204398,0.9501925290332377
1266,12.0,0.6000000000000001,0.8,0.05,0.1135311383301917,0.954991703464864
1267,12.0,0.7000000000000001,0.8,0.05,0.10886521125119207,0.9582802006668764
1268,12.0,0.8,0.8,0.0,0.12042052931582234,0.9470005066181862
1269,13.0,0.0,0.8,0.0,0.11831012925023064,0.9500738538801324
1270,13.0,0.1,0.8,0.0,0.12910522533541877,0.9388029336592328
1271,13.0,0.2,0.8,0.0,0.11848172313769514,0.9498394561977723
1272,13.0,0.30000000000000004,0.8,0.0,0.1226335048312274,0.9453332070667545
1273,13.0,0.4,0.8,0.0,0.12235744687666397,0.9452560374992975
1274,13.0,0.5,0.8,0.05,0.11855717171342753,0.9493770885820098
1275,13.0,0.6000000000000001,0.8,0.05,0.12070326752177335,0.9487037448121702
1276,13.0,0.7000000000000001,0.8,0.05,0.1166438799301516,0.952373277839311
1277,13.0,0.8,0.8,0.0,0.12028163938485953,0.9489520851946524
1278,14.0,0.0,0.8,0.05,0.12683464681562787,0.9442775470763166
1279,14.0,0.1,0.8,0.05,0.1115293647972303,0.955831290587266
1280,14.0,0.2,0.8,0.0,0.12499135660101206,0.9430957550880359
1281,14.0,0.30000000000000004,0.8,0.0,0.12061004315146746,0.9478661873463007
1282,14.0,0.4,0.8,0.05,0.12098331301225485,0.9491619305271849
1283,14.0,0.5,0.8,0.0,0.12433187005947155,0.9459819371756522
1284,14.0,0.6000000000000001,0.8,0.0,0.11820093106227374,0.9523642050881799
1285,14.0,0.7000000000000001,0.8,0.05,0.11540285391169641,0.954153527313776
1286,14.0,0.8,0.8,0.05,0.1148752556913089,0.953804137371368
1287,15.0,0.0,0.8,0.05,0.12488581826816528,0.9454347130965314
1288,15.0,0.1,0.8,0.0,0.11755473509469025,0.9514005477452425
1289,15.0,0.2,0.8,0.0,0.12275024207171235,0.94640752745524
1290,15.0,0.30000000000000004,0.8,0.0,0.12288784029936835,0.9464910660815528
1291,15.0,0.4,0.8,0.0,0.11899570951366303,0.9494215961966446
1292,15.0,0.5,0.8,0.05,0.11043668809571201,0.957700537157772
1293,15.0,0.6000000000000001,0.8,0.05,0.1254122489644129,0.9465630010808319
1294,15.0,0.7000000000000001,0.8,0.0,0.12436205505338803,0.9472690552681818
1295,15.0,0.8,0.8,0.05,0.11960358038698601,0.9509866460392357
