baseImg0,cond0,response0,rt0,time_elapsed0,world0,baseImg1,cond1,response1,rt1,time_elapsed1,world1,baseImg2,cond2,response2,rt2,time_elapsed2,world2,baseImg3,cond3,response3,rt3,time_elapsed3,world3,baseImg4,cond4,response4,rt4,time_elapsed4,world4,baseImg5,cond5,response5,rt5,time_elapsed5,world5,baseImg6,cond6,response6,rt6,time_elapsed6,world6,baseImg7,cond7,response7,rt7,time_elapsed7,world7,baseImg8,cond8,response8,rt8,time_elapsed8,world8,baseImg9,cond9,response9,rt9,time_elapsed9,world9,baseImg10,cond10,response10,rt10,time_elapsed10,world10,baseImg11,cond11,response11,rt11,time_elapsed11,world11,baseImg12,cond12,response12,rt12,time_elapsed12,world12,baseImg13,cond13,response13,rt13,time_elapsed13,world13,baseImg14,cond14,response14,rt14,time_elapsed14,world14,baseImg15,cond15,response15,rt15,time_elapsed15,world15,pid
assets/targets/hh_hl_unlink_plinko_0269/nocol_basered.jpg,nocol_translate,13,21479,112920,hh_hl_unlink_plinko_0269,assets/targets/hh_hl_unlink_plinko_0393/maybecol_basered.jpg,maybecol_translate,79,7444,151360,hh_hl_unlink_plinko_0393,assets/targets/hh_hl_unlink_plinko_0105/col_early_basered.jpg,col_early_translate,89,5104,181033,hh_hl_unlink_plinko_0105,assets/targets/lh_hl_unlink_plinko_0036/nocol_basered.jpg,nocol_translate,29,6235,206992,lh_hl_unlink_plinko_0036,assets/targets/hh_hl_unlink_plinko_0246/maybecol_basered.jpg,maybecol_translate,69,5038,239977,hh_hl_unlink_plinko_0246,assets/targets/hh_hl_unlink_plinko_0315/maybecol_basered.jpg,maybecol_translate,80,5179,290104,hh_hl_unlink_plinko_0315,assets/targets/lh_ll_unlink_plinko_0060/nocol_basered.jpg,nocol_translate,46,8554,316185,lh_ll_unlink_plinko_0060,assets/targets/lh_hl_unlink_plinko_0110/col_early_basered.jpg,col_early_translate,81,6734,338008,lh_hl_unlink_plinko_0110,assets/targets/lh_ll_unlink_plinko_0217/col_late_basered.jpg,col_late_translate,74,5626,364928,lh_ll_unlink_plinko_0217,assets/targets/hh_hl_unlink_plinko_0202/maybecol_basered.jpg,maybecol_translate,59,6609,388281,hh_hl_unlink_plinko_0202,assets/targets/lh_hl_unlink_plinko_0049/col_early_basered.jpg,col_early_translate,71,7384,414657,lh_hl_unlink_plinko_0049,assets/targets/hh_hl_unlink_plinko_0252/nocol_basered.jpg,nocol_translate,43,4512,440528,hh_hl_unlink_plinko_0252,assets/targets/hh_hl_unlink_plinko_0240/col_early_basered.jpg,col_early_translate,78,5096,470408,hh_hl_unlink_plinko_0240,assets/targets/lh_ll_unlink_plinko_0091/col_late_basered.jpg,col_late_translate,78,7107,495865,lh_ll_unlink_plinko_0091,assets/targets/lh_hl_unlink_plinko_0111/col_late_basered.jpg,col_late_translate,74,5621,517129,lh_hl_unlink_plinko_0111,assets/targets/lh_ll_unlink_plinko_0155/col_late_basered.jpg,col_late_translate,76,3949,535744,lh_ll_unlink_plinko_0155,5f4ab4bbf5991167732b47c0
assets/targets/lh_hl_unlink_plinko_0111/nocol_basered.jpg,nocol_translate,22,63144,266220,lh_hl_unlink_plinko_0111,assets/targets/lh_ll_unlink_plinko_0091/col_late_basered.jpg,col_late_translate,75,38194,376139,lh_ll_unlink_plinko_0091,assets/targets/hh_hl_unlink_plinko_0105/maybecol_basered.jpg,maybecol_translate,1,18224,454147,hh_hl_unlink_plinko_0105,assets/targets/hh_hl_unlink_plinko_0202/col_early_basered.jpg,col_early_translate,100,15912,507111,hh_hl_unlink_plinko_0202,assets/targets/hh_hl_unlink_plinko_0315/maybecol_basered.jpg,maybecol_translate,25,22818,568037,hh_hl_unlink_plinko_0315,assets/targets/lh_hl_unlink_plinko_0110/col_early_basered.jpg,col_early_translate,100,12862,611917,lh_hl_unlink_plinko_0110,assets/targets/hh_hl_unlink_plinko_0246/nocol_basered.jpg,nocol_translate,0,11463,661971,hh_hl_unlink_plinko_0246,assets/targets/lh_ll_unlink_plinko_0060/nocol_basered.jpg,nocol_translate,0,9360,693289,lh_ll_unlink_plinko_0060,assets/targets/hh_hl_unlink_plinko_0269/maybecol_basered.jpg,maybecol_translate,0,10903,729972,hh_hl_unlink_plinko_0269,assets/targets/lh_ll_unlink_plinko_0155/col_early_basered.jpg,col_early_translate,100,8659,762796,lh_ll_unlink_plinko_0155,assets/targets/lh_hl_unlink_plinko_0036/col_late_basered.jpg,col_late_translate,93,18862,811075,lh_hl_unlink_plinko_0036,assets/targets/lh_ll_unlink_plinko_0217/col_late_basered.jpg,col_late_translate,5,12084,863646,lh_ll_unlink_plinko_0217,assets/targets/hh_hl_unlink_plinko_0240/nocol_basered.jpg,nocol_translate,6,16442,923341,hh_hl_unlink_plinko_0240,assets/targets/hh_hl_unlink_plinko_0393/col_early_basered.jpg,col_early_translate,100,9103,954128,hh_hl_unlink_plinko_0393,assets/targets/hh_hl_unlink_plinko_0252/maybecol_basered.jpg,maybecol_translate,1,18933,1017965,hh_hl_unlink_plinko_0252,assets/targets/lh_hl_unlink_plinko_0049/col_late_basered.jpg,col_late_translate,100,14847,1061459,lh_hl_unlink_plinko_0049,63912cbde71779ba1a9c149b
assets/targets/lh_ll_unlink_plinko_0060/col_late_basered.jpg,col_late_translate,80,15139,95636,lh_ll_unlink_plinko_0060,assets/targets/hh_hl_unlink_plinko_0269/col_early_basered.jpg,col_early_translate,100,7251,127611,hh_hl_unlink_plinko_0269,assets/targets/hh_hl_unlink_plinko_0393/maybecol_basered.jpg,maybecol_translate,10,5757,158541,hh_hl_unlink_plinko_0393,assets/targets/lh_ll_unlink_plinko_0155/col_late_basered.jpg,col_late_translate,100,4821,182523,lh_ll_unlink_plinko_0155,assets/targets/lh_ll_unlink_plinko_0091/nocol_basered.jpg,nocol_translate,0,6011,203116,lh_ll_unlink_plinko_0091,assets/targets/hh_hl_unlink_plinko_0252/nocol_basered.jpg,nocol_translate,0,3566,221581,hh_hl_unlink_plinko_0252,assets/targets/lh_hl_unlink_plinko_0036/nocol_basered.jpg,nocol_translate,0,4920,248408,lh_hl_unlink_plinko_0036,assets/targets/lh_hl_unlink_plinko_0110/col_early_basered.jpg,col_early_translate,100,3681,271324,lh_hl_unlink_plinko_0110,assets/targets/hh_hl_unlink_plinko_0202/maybecol_basered.jpg,maybecol_translate,0,4434,292964,hh_hl_unlink_plinko_0202,assets/targets/lh_ll_unlink_plinko_0217/col_early_basered.jpg,col_early_translate,100,3657,314498,lh_ll_unlink_plinko_0217,assets/targets/lh_hl_unlink_plinko_0049/col_late_basered.jpg,col_late_translate,100,4858,335658,lh_hl_unlink_plinko_0049,assets/targets/lh_hl_unlink_plinko_0111/col_late_basered.jpg,col_late_translate,91,6047,361022,lh_hl_unlink_plinko_0111,assets/targets/hh_hl_unlink_plinko_0315/maybecol_basered.jpg,maybecol_translate,69,4841,391474,hh_hl_unlink_plinko_0315,assets/targets/hh_hl_unlink_plinko_0240/nocol_basered.jpg,nocol_translate,31,4599,414508,hh_hl_unlink_plinko_0240,assets/targets/hh_hl_unlink_plinko_0246/maybecol_basered.jpg,maybecol_translate,20,44626,477679,hh_hl_unlink_plinko_0246,assets/targets/hh_hl_unlink_plinko_0105/col_early_basered.jpg,col_early_translate,100,4842,534792,hh_hl_unlink_plinko_0105,5c4b844bd8496e0001ede2bf
assets/targets/hh_hl_unlink_plinko_0202/col_early_basered.jpg,col_early_translate,100,17108,163924,hh_hl_unlink_plinko_0202,assets/targets/hh_hl_unlink_plinko_0269/nocol_basered.jpg,nocol_translate,0,6016,213634,hh_hl_unlink_plinko_0269,assets/targets/lh_ll_unlink_plinko_0091/nocol_basered.jpg,nocol_translate,0,5244,261578,lh_ll_unlink_plinko_0091,assets/targets/hh_hl_unlink_plinko_0393/maybecol_basered.jpg,maybecol_translate,8,5736,297464,hh_hl_unlink_plinko_0393,assets/targets/hh_hl_unlink_plinko_0105/nocol_basered.jpg,nocol_translate,0,4055,327385,hh_hl_unlink_plinko_0105,assets/targets/lh_hl_unlink_plinko_0110/nocol_basered.jpg,nocol_translate,0,3475,352382,lh_hl_unlink_plinko_0110,assets/targets/hh_hl_unlink_plinko_0240/maybecol_basered.jpg,maybecol_translate,65,6033,394284,hh_hl_unlink_plinko_0240,assets/targets/lh_hl_unlink_plinko_0036/col_late_basered.jpg,col_late_translate,96,4556,418398,lh_hl_unlink_plinko_0036,assets/targets/hh_hl_unlink_plinko_0315/col_early_basered.jpg,col_early_translate,100,4459,453262,hh_hl_unlink_plinko_0315,assets/targets/lh_hl_unlink_plinko_0111/col_early_basered.jpg,col_early_translate,99,2895,478353,lh_hl_unlink_plinko_0111,assets/targets/lh_ll_unlink_plinko_0155/col_early_basered.jpg,col_early_translate,100,4294,503840,lh_ll_unlink_plinko_0155,assets/targets/lh_ll_unlink_plinko_0060/col_late_basered.jpg,col_late_translate,100,3878,528829,lh_ll_unlink_plinko_0060,assets/targets/lh_hl_unlink_plinko_0049/col_late_basered.jpg,col_late_translate,100,3050,548547,lh_hl_unlink_plinko_0049,assets/targets/hh_hl_unlink_plinko_0252/maybecol_basered.jpg,maybecol_translate,81,3350,574229,hh_hl_unlink_plinko_0252,assets/targets/lh_ll_unlink_plinko_0217/col_late_basered.jpg,col_late_translate,94,2901,598210,lh_ll_unlink_plinko_0217,assets/targets/hh_hl_unlink_plinko_0246/maybecol_basered.jpg,maybecol_translate,100,3154,630238,hh_hl_unlink_plinko_0246,5ea9ee70bd6e6c158af94cca
assets/targets/lh_hl_unlink_plinko_0049/col_late_basered.jpg,col_late_translate,82,23166,172221,lh_hl_unlink_plinko_0049,assets/targets/lh_ll_unlink_plinko_0217/nocol_basered.jpg,nocol_translate,59,12317,228951,lh_ll_unlink_plinko_0217,assets/targets/hh_hl_unlink_plinko_0252/col_early_basered.jpg,col_early_translate,100,7292,268479,hh_hl_unlink_plinko_0252,assets/targets/hh_hl_unlink_plinko_0269/maybecol_basered.jpg,maybecol_translate,43,8553,335398,hh_hl_unlink_plinko_0269,assets/targets/lh_hl_unlink_plinko_0111/col_early_basered.jpg,col_early_translate,100,6164,390425,lh_hl_unlink_plinko_0111,assets/targets/hh_hl_unlink_plinko_0240/col_early_basered.jpg,col_early_translate,100,5095,431441,hh_hl_unlink_plinko_0240,assets/targets/lh_hl_unlink_plinko_0036/col_early_basered.jpg,col_early_translate,100,7218,470678,lh_hl_unlink_plinko_0036,assets/targets/lh_ll_unlink_plinko_0155/nocol_basered.jpg,nocol_translate,0,5058,503262,lh_ll_unlink_plinko_0155,assets/targets/lh_hl_unlink_plinko_0110/col_late_basered.jpg,col_late_translate,73,3786,536141,lh_hl_unlink_plinko_0110,assets/targets/hh_hl_unlink_plinko_0105/maybecol_basered.jpg,maybecol_translate,54,5786,599599,hh_hl_unlink_plinko_0105,assets/targets/hh_hl_unlink_plinko_0202/nocol_basered.jpg,nocol_translate,0,5860,637991,hh_hl_unlink_plinko_0202,assets/targets/hh_hl_unlink_plinko_0246/nocol_basered.jpg,nocol_translate,0,4255,678219,hh_hl_unlink_plinko_0246,assets/targets/lh_ll_unlink_plinko_0060/col_late_basered.jpg,col_late_translate,80,7952,714819,lh_ll_unlink_plinko_0060,assets/targets/hh_hl_unlink_plinko_0315/maybecol_basered.jpg,maybecol_translate,59,6553,763477,hh_hl_unlink_plinko_0315,assets/targets/hh_hl_unlink_plinko_0393/maybecol_basered.jpg,maybecol_translate,13,4960,808453,hh_hl_unlink_plinko_0393,assets/targets/lh_ll_unlink_plinko_0091/col_late_basered.jpg,col_late_translate,97,4249,845085,lh_ll_unlink_plinko_0091,610847fd403ae0217934a3a1
assets/targets/lh_ll_unlink_plinko_0091/col_late_basered.jpg,col_late_translate,100,16580,120447,lh_ll_unlink_plinko_0091,assets/targets/lh_ll_unlink_plinko_0155/col_late_basered.jpg,col_late_translate,84,9532,168406,lh_ll_unlink_plinko_0155,assets/targets/lh_ll_unlink_plinko_0217/nocol_basered.jpg,nocol_translate,0,14340,214585,lh_ll_unlink_plinko_0217,assets/targets/lh_hl_unlink_plinko_0111/col_late_basered.jpg,col_late_translate,91,94072,354450,lh_hl_unlink_plinko_0111,assets/targets/hh_hl_unlink_plinko_0252/col_early_basered.jpg,col_early_translate,100,5368,391313,hh_hl_unlink_plinko_0252,assets/targets/hh_hl_unlink_plinko_0393/nocol_basered.jpg,nocol_translate,0,5077,420954,hh_hl_unlink_plinko_0393,assets/targets/hh_hl_unlink_plinko_0105/maybecol_basered.jpg,maybecol_translate,0,8028,456414,hh_hl_unlink_plinko_0105,assets/targets/hh_hl_unlink_plinko_0246/col_early_basered.jpg,col_early_translate,100,5133,491617,hh_hl_unlink_plinko_0246,assets/targets/hh_hl_unlink_plinko_0269/maybecol_basered.jpg,maybecol_translate,66,7533,525511,hh_hl_unlink_plinko_0269,assets/targets/hh_hl_unlink_plinko_0240/maybecol_basered.jpg,maybecol_translate,85,10938,583287,hh_hl_unlink_plinko_0240,assets/targets/lh_hl_unlink_plinko_0036/col_early_basered.jpg,col_early_translate,100,3919,607816,lh_hl_unlink_plinko_0036,assets/targets/lh_hl_unlink_plinko_0049/nocol_basered.jpg,nocol_translate,0,5367,648896,lh_hl_unlink_plinko_0049,assets/targets/lh_hl_unlink_plinko_0110/col_late_basered.jpg,col_late_translate,84,11237,692107,lh_hl_unlink_plinko_0110,assets/targets/lh_ll_unlink_plinko_0060/col_early_basered.jpg,col_early_translate,100,6452,724399,lh_ll_unlink_plinko_0060,assets/targets/hh_hl_unlink_plinko_0202/maybecol_basered.jpg,maybecol_translate,0,5896,768724,hh_hl_unlink_plinko_0202,assets/targets/hh_hl_unlink_plinko_0315/nocol_basered.jpg,nocol_translate,9,5819,817475,hh_hl_unlink_plinko_0315,610049eee23f5cdadc0e7982
assets/targets/lh_ll_unlink_plinko_0217/nocol_basered.jpg,nocol_translate,5,25026,256833,lh_ll_unlink_plinko_0217,assets/targets/hh_hl_unlink_plinko_0393/maybecol_basered.jpg,maybecol_translate,22,9083,302213,hh_hl_unlink_plinko_0393,assets/targets/lh_ll_unlink_plinko_0091/col_early_basered.jpg,col_early_translate,100,8975,350071,lh_ll_unlink_plinko_0091,assets/targets/hh_hl_unlink_plinko_0315/col_early_basered.jpg,col_early_translate,100,6254,386448,hh_hl_unlink_plinko_0315,assets/targets/lh_hl_unlink_plinko_0110/col_late_basered.jpg,col_late_translate,56,6342,427615,lh_hl_unlink_plinko_0110,assets/targets/lh_hl_unlink_plinko_0111/col_late_basered.jpg,col_late_translate,44,7002,476980,lh_hl_unlink_plinko_0111,assets/targets/hh_hl_unlink_plinko_0202/nocol_basered.jpg,nocol_translate,0,4036,511054,hh_hl_unlink_plinko_0202,assets/targets/hh_hl_unlink_plinko_0252/maybecol_basered.jpg,maybecol_translate,23,7478,546575,hh_hl_unlink_plinko_0252,assets/targets/hh_hl_unlink_plinko_0269/nocol_basered.jpg,nocol_translate,0,2771,577222,hh_hl_unlink_plinko_0269,assets/targets/lh_hl_unlink_plinko_0049/col_late_basered.jpg,col_late_translate,55,5673,602380,lh_hl_unlink_plinko_0049,assets/targets/lh_ll_unlink_plinko_0155/nocol_basered.jpg,nocol_translate,0,3503,626865,lh_ll_unlink_plinko_0155,assets/targets/lh_hl_unlink_plinko_0036/col_early_basered.jpg,col_early_translate,100,3803,655584,lh_hl_unlink_plinko_0036,assets/targets/hh_hl_unlink_plinko_0240/maybecol_basered.jpg,maybecol_translate,64,3881,692037,hh_hl_unlink_plinko_0240,assets/targets/hh_hl_unlink_plinko_0105/maybecol_basered.jpg,maybecol_translate,26,5046,725649,hh_hl_unlink_plinko_0105,assets/targets/hh_hl_unlink_plinko_0246/col_early_basered.jpg,col_early_translate,100,2959,756489,hh_hl_unlink_plinko_0246,assets/targets/lh_ll_unlink_plinko_0060/col_late_basered.jpg,col_late_translate,65,2957,788648,lh_ll_unlink_plinko_0060,5a9416ba6475f900019fa690
assets/targets/lh_ll_unlink_plinko_0091/col_late_basered.jpg,col_late_translate,83,57959,433927,lh_ll_unlink_plinko_0091,assets/targets/lh_ll_unlink_plinko_0155/nocol_basered.jpg,nocol_translate,0,13368,519111,lh_ll_unlink_plinko_0155,assets/targets/hh_hl_unlink_plinko_0105/nocol_basered.jpg,nocol_translate,0,6056,580366,hh_hl_unlink_plinko_0105,assets/targets/hh_hl_unlink_plinko_0246/maybecol_basered.jpg,maybecol_translate,62,9185,642749,hh_hl_unlink_plinko_0246,assets/targets/lh_hl_unlink_plinko_0049/col_early_basered.jpg,col_early_translate,100,12001,716429,lh_hl_unlink_plinko_0049,assets/targets/lh_hl_unlink_plinko_0110/col_late_basered.jpg,col_late_translate,100,19443,765913,lh_hl_unlink_plinko_0110,assets/targets/hh_hl_unlink_plinko_0393/col_early_basered.jpg,col_early_translate,100,7350,836739,hh_hl_unlink_plinko_0393,assets/targets/hh_hl_unlink_plinko_0269/col_early_basered.jpg,col_early_translate,100,5485,876659,hh_hl_unlink_plinko_0269,assets/targets/lh_hl_unlink_plinko_0111/nocol_basered.jpg,nocol_translate,0,4829,916436,lh_hl_unlink_plinko_0111,assets/targets/lh_ll_unlink_plinko_0217/col_early_basered.jpg,col_early_translate,100,21852,982051,lh_ll_unlink_plinko_0217,assets/targets/hh_hl_unlink_plinko_0202/nocol_basered.jpg,nocol_translate,0,4741,1048907,hh_hl_unlink_plinko_0202,assets/targets/hh_hl_unlink_plinko_0252/maybecol_basered.jpg,maybecol_translate,62,7518,1093994,hh_hl_unlink_plinko_0252,assets/targets/hh_hl_unlink_plinko_0315/maybecol_basered.jpg,maybecol_translate,60,7754,1132746,hh_hl_unlink_plinko_0315,assets/targets/lh_ll_unlink_plinko_0060/col_late_basered.jpg,col_late_translate,65,3743,1172506,lh_ll_unlink_plinko_0060,assets/targets/lh_hl_unlink_plinko_0036/col_late_basered.jpg,col_late_translate,100,20759,1258964,lh_hl_unlink_plinko_0036,assets/targets/hh_hl_unlink_plinko_0240/maybecol_basered.jpg,maybecol_translate,56,5282,1319984,hh_hl_unlink_plinko_0240,5c8f224c9d2bff0001867ce2
assets/targets/lh_hl_unlink_plinko_0049/nocol_basered.jpg,nocol_translate,16,29568,198104,lh_hl_unlink_plinko_0049,assets/targets/hh_hl_unlink_plinko_0105/col_early_basered.jpg,col_early_translate,100,13305,277977,hh_hl_unlink_plinko_0105,assets/targets/lh_ll_unlink_plinko_0091/col_early_basered.jpg,col_early_translate,100,14812,328908,lh_ll_unlink_plinko_0091,assets/targets/hh_hl_unlink_plinko_0393/nocol_basered.jpg,nocol_translate,0,7314,375603,hh_hl_unlink_plinko_0393,assets/targets/lh_ll_unlink_plinko_0155/col_late_basered.jpg,col_late_translate,72,11713,435919,lh_ll_unlink_plinko_0155,assets/targets/hh_hl_unlink_plinko_0240/maybecol_basered.jpg,maybecol_translate,26,12394,492154,hh_hl_unlink_plinko_0240,assets/targets/hh_hl_unlink_plinko_0246/col_early_basered.jpg,col_early_translate,100,8447,539958,hh_hl_unlink_plinko_0246,assets/targets/lh_hl_unlink_plinko_0110/nocol_basered.jpg,nocol_translate,0,6139,582276,lh_hl_unlink_plinko_0110,assets/targets/hh_hl_unlink_plinko_0202/maybecol_basered.jpg,maybecol_translate,0,6656,628807,hh_hl_unlink_plinko_0202,assets/targets/hh_hl_unlink_plinko_0315/nocol_basered.jpg,nocol_translate,0,8585,668501,hh_hl_unlink_plinko_0315,assets/targets/hh_hl_unlink_plinko_0269/maybecol_basered.jpg,maybecol_translate,82,6619,726679,hh_hl_unlink_plinko_0269,assets/targets/hh_hl_unlink_plinko_0252/maybecol_basered.jpg,maybecol_translate,53,10701,785094,hh_hl_unlink_plinko_0252,assets/targets/lh_ll_unlink_plinko_0060/col_early_basered.jpg,col_early_translate,100,5687,826701,lh_ll_unlink_plinko_0060,assets/targets/lh_hl_unlink_plinko_0111/col_late_basered.jpg,col_late_translate,78,8109,879577,lh_hl_unlink_plinko_0111,assets/targets/lh_ll_unlink_plinko_0217/col_late_basered.jpg,col_late_translate,94,6769,920938,lh_ll_unlink_plinko_0217,assets/targets/lh_hl_unlink_plinko_0036/col_late_basered.jpg,col_late_translate,71,9492,963345,lh_hl_unlink_plinko_0036,5b1690e6f6cef00001428471
assets/targets/lh_ll_unlink_plinko_0217/nocol_basered.jpg,nocol_translate,0,45604,164192,lh_ll_unlink_plinko_0217,assets/targets/hh_hl_unlink_plinko_0315/maybecol_basered.jpg,maybecol_translate,73,6163,203744,hh_hl_unlink_plinko_0315,assets/targets/lh_ll_unlink_plinko_0060/col_late_basered.jpg,col_late_translate,98,4995,239977,lh_ll_unlink_plinko_0060,assets/targets/lh_ll_unlink_plinko_0091/nocol_basered.jpg,nocol_translate,0,8215,272574,lh_ll_unlink_plinko_0091,assets/targets/hh_hl_unlink_plinko_0105/nocol_basered.jpg,nocol_translate,0,3534,318214,hh_hl_unlink_plinko_0105,assets/targets/lh_hl_unlink_plinko_0049/col_late_basered.jpg,col_late_translate,100,3736,343353,lh_hl_unlink_plinko_0049,assets/targets/lh_hl_unlink_plinko_0111/col_early_basered.jpg,col_early_translate,100,2930,436474,lh_hl_unlink_plinko_0111,assets/targets/hh_hl_unlink_plinko_0393/maybecol_basered.jpg,maybecol_translate,0,3273,475527,hh_hl_unlink_plinko_0393,assets/targets/hh_hl_unlink_plinko_0269/col_early_basered.jpg,col_early_translate,100,3238,518519,hh_hl_unlink_plinko_0269,assets/targets/lh_hl_unlink_plinko_0110/col_early_basered.jpg,col_early_translate,100,3054,546789,lh_hl_unlink_plinko_0110,assets/targets/hh_hl_unlink_plinko_0202/maybecol_basered.jpg,maybecol_translate,77,4834,578593,hh_hl_unlink_plinko_0202,assets/targets/lh_hl_unlink_plinko_0036/col_late_basered.jpg,col_late_translate,100,3721,613811,lh_hl_unlink_plinko_0036,assets/targets/hh_hl_unlink_plinko_0246/maybecol_basered.jpg,maybecol_translate,100,2598,641912,hh_hl_unlink_plinko_0246,assets/targets/hh_hl_unlink_plinko_0240/nocol_basered.jpg,nocol_translate,0,3402,678967,hh_hl_unlink_plinko_0240,assets/targets/hh_hl_unlink_plinko_0252/col_early_basered.jpg,col_early_translate,100,2303,700733,hh_hl_unlink_plinko_0252,assets/targets/lh_ll_unlink_plinko_0155/col_late_basered.jpg,col_late_translate,100,2520,722991,lh_ll_unlink_plinko_0155,637e23fa17add990c0d9e1e7
assets/targets/lh_hl_unlink_plinko_0036/col_early_basered.jpg,col_early_translate,100,34521,142142,lh_hl_unlink_plinko_0036,assets/targets/hh_hl_unlink_plinko_0202/col_early_basered.jpg,col_early_translate,100,9628,177509,hh_hl_unlink_plinko_0202,assets/targets/lh_hl_unlink_plinko_0049/col_late_basered.jpg,col_late_translate,100,12329,211661,lh_hl_unlink_plinko_0049,assets/targets/hh_hl_unlink_plinko_0269/col_early_basered.jpg,col_early_translate,100,5790,244052,hh_hl_unlink_plinko_0269,assets/targets/lh_ll_unlink_plinko_0217/col_late_basered.jpg,col_late_translate,100,8469,271304,lh_ll_unlink_plinko_0217,assets/targets/hh_hl_unlink_plinko_0393/maybecol_basered.jpg,maybecol_translate,0,7454,304272,hh_hl_unlink_plinko_0393,assets/targets/hh_hl_unlink_plinko_0240/maybecol_basered.jpg,maybecol_translate,100,8241,343393,hh_hl_unlink_plinko_0240,assets/targets/lh_ll_unlink_plinko_0155/nocol_basered.jpg,nocol_translate,49,8897,380708,lh_ll_unlink_plinko_0155,assets/targets/lh_ll_unlink_plinko_0091/col_late_basered.jpg,col_late_translate,52,10304,412097,lh_ll_unlink_plinko_0091,assets/targets/lh_ll_unlink_plinko_0060/col_early_basered.jpg,col_early_translate,100,6608,442029,lh_ll_unlink_plinko_0060,assets/targets/lh_hl_unlink_plinko_0110/col_late_basered.jpg,col_late_translate,100,6704,474809,lh_hl_unlink_plinko_0110,assets/targets/lh_hl_unlink_plinko_0111/nocol_basered.jpg,nocol_translate,0,7094,510357,lh_hl_unlink_plinko_0111,assets/targets/hh_hl_unlink_plinko_0315/nocol_basered.jpg,nocol_translate,0,6775,541848,hh_hl_unlink_plinko_0315,assets/targets/hh_hl_unlink_plinko_0246/maybecol_basered.jpg,maybecol_translate,0,7069,673623,hh_hl_unlink_plinko_0246,assets/targets/hh_hl_unlink_plinko_0252/maybecol_basered.jpg,maybecol_translate,41,4565,698405,hh_hl_unlink_plinko_0252,assets/targets/hh_hl_unlink_plinko_0105/nocol_basered.jpg,nocol_translate,0,6112,723442,hh_hl_unlink_plinko_0105,5df95a0e9a993f6ddf0fdc2c
assets/targets/hh_hl_unlink_plinko_0252/nocol_basered.jpg,nocol_translate,10,41085,314123,hh_hl_unlink_plinko_0252,assets/targets/lh_ll_unlink_plinko_0155/col_late_basered.jpg,col_late_translate,32,18909,394769,lh_ll_unlink_plinko_0155,assets/targets/lh_hl_unlink_plinko_0049/col_late_basered.jpg,col_late_translate,94,11705,457320,lh_hl_unlink_plinko_0049,assets/targets/hh_hl_unlink_plinko_0202/col_early_basered.jpg,col_early_translate,100,9948,514720,hh_hl_unlink_plinko_0202,assets/targets/hh_hl_unlink_plinko_0269/maybecol_basered.jpg,maybecol_translate,100,5664,559427,hh_hl_unlink_plinko_0269,assets/targets/hh_hl_unlink_plinko_0393/nocol_basered.jpg,nocol_translate,0,6588,600243,hh_hl_unlink_plinko_0393,assets/targets/hh_hl_unlink_plinko_0246/maybecol_basered.jpg,maybecol_translate,73,14136,677713,hh_hl_unlink_plinko_0246,assets/targets/lh_ll_unlink_plinko_0091/nocol_basered.jpg,nocol_translate,2,5765,715386,lh_ll_unlink_plinko_0091,assets/targets/lh_hl_unlink_plinko_0111/col_early_basered.jpg,col_early_translate,100,5028,773312,lh_hl_unlink_plinko_0111,assets/targets/lh_hl_unlink_plinko_0110/col_late_basered.jpg,col_late_translate,94,8081,813985,lh_hl_unlink_plinko_0110,assets/targets/hh_hl_unlink_plinko_0315/maybecol_basered.jpg,maybecol_translate,11,7620,865893,hh_hl_unlink_plinko_0315,assets/targets/hh_hl_unlink_plinko_0240/col_early_basered.jpg,col_early_translate,100,5492,918906,hh_hl_unlink_plinko_0240,assets/targets/lh_hl_unlink_plinko_0036/col_late_basered.jpg,col_late_translate,93,10506,966773,lh_hl_unlink_plinko_0036,assets/targets/lh_ll_unlink_plinko_0217/col_early_basered.jpg,col_early_translate,100,4506,1007380,lh_ll_unlink_plinko_0217,assets/targets/lh_ll_unlink_plinko_0060/nocol_basered.jpg,nocol_translate,0,9107,1051321,lh_ll_unlink_plinko_0060,assets/targets/hh_hl_unlink_plinko_0105/maybecol_basered.jpg,maybecol_translate,53,8696,1105702,hh_hl_unlink_plinko_0105,63c9733a4e33d610303932fa
assets/targets/lh_ll_unlink_plinko_0217/col_late_basered.jpg,col_late_translate,71,17150,173514,lh_ll_unlink_plinko_0217,assets/targets/hh_hl_unlink_plinko_0202/col_early_basered.jpg,col_early_translate,100,7251,210252,hh_hl_unlink_plinko_0202,assets/targets/hh_hl_unlink_plinko_0315/maybecol_basered.jpg,maybecol_translate,23,9959,244828,hh_hl_unlink_plinko_0315,assets/targets/hh_hl_unlink_plinko_0393/maybecol_basered.jpg,maybecol_translate,6,11589,284778,hh_hl_unlink_plinko_0393,assets/targets/lh_ll_unlink_plinko_0091/nocol_basered.jpg,nocol_translate,0,6658,313223,lh_ll_unlink_plinko_0091,assets/targets/lh_hl_unlink_plinko_0111/col_late_basered.jpg,col_late_translate,73,6296,336005,lh_hl_unlink_plinko_0111,assets/targets/hh_hl_unlink_plinko_0269/nocol_basered.jpg,nocol_translate,0,5060,363554,hh_hl_unlink_plinko_0269,assets/targets/lh_ll_unlink_plinko_0155/col_early_basered.jpg,col_early_translate,100,8519,387204,lh_ll_unlink_plinko_0155,assets/targets/hh_hl_unlink_plinko_0240/maybecol_basered.jpg,maybecol_translate,100,5470,412475,hh_hl_unlink_plinko_0240,assets/targets/lh_hl_unlink_plinko_0049/col_late_basered.jpg,col_late_translate,100,9411,439016,lh_hl_unlink_plinko_0049,assets/targets/hh_hl_unlink_plinko_0252/maybecol_basered.jpg,maybecol_translate,58,6424,467791,hh_hl_unlink_plinko_0252,assets/targets/hh_hl_unlink_plinko_0246/nocol_basered.jpg,nocol_translate,0,3819,488334,hh_hl_unlink_plinko_0246,assets/targets/hh_hl_unlink_plinko_0105/col_early_basered.jpg,col_early_translate,100,3361,506333,hh_hl_unlink_plinko_0105,assets/targets/lh_hl_unlink_plinko_0110/col_early_basered.jpg,col_early_translate,100,3635,525752,lh_hl_unlink_plinko_0110,assets/targets/lh_ll_unlink_plinko_0060/nocol_basered.jpg,nocol_translate,0,6938,549490,lh_ll_unlink_plinko_0060,assets/targets/lh_hl_unlink_plinko_0036/col_late_basered.jpg,col_late_translate,95,5151,573382,lh_hl_unlink_plinko_0036,62f6a708f2652115028a370e
assets/targets/hh_hl_unlink_plinko_0240/col_early_basered.jpg,col_early_translate,93,13812,93354,hh_hl_unlink_plinko_0240,assets/targets/hh_hl_unlink_plinko_0393/maybecol_basered.jpg,maybecol_translate,100,9160,132417,hh_hl_unlink_plinko_0393,assets/targets/lh_ll_unlink_plinko_0217/col_early_basered.jpg,col_early_translate,100,4208,156685,lh_ll_unlink_plinko_0217,assets/targets/hh_hl_unlink_plinko_0246/col_early_basered.jpg,col_early_translate,93,3252,190820,hh_hl_unlink_plinko_0246,assets/targets/lh_hl_unlink_plinko_0049/col_early_basered.jpg,col_early_translate,100,6171,221796,lh_hl_unlink_plinko_0049,assets/targets/lh_ll_unlink_plinko_0155/col_late_basered.jpg,col_late_translate,73,4941,244545,lh_ll_unlink_plinko_0155,assets/targets/lh_hl_unlink_plinko_0111/nocol_basered.jpg,nocol_translate,0,4510,267370,lh_hl_unlink_plinko_0111,assets/targets/hh_hl_unlink_plinko_0202/maybecol_basered.jpg,maybecol_translate,0,11287,296889,hh_hl_unlink_plinko_0202,assets/targets/lh_hl_unlink_plinko_0036/nocol_basered.jpg,nocol_translate,0,4581,324789,lh_hl_unlink_plinko_0036,assets/targets/lh_ll_unlink_plinko_0060/col_late_basered.jpg,col_late_translate,26,9550,350416,lh_ll_unlink_plinko_0060,assets/targets/lh_hl_unlink_plinko_0110/col_late_basered.jpg,col_late_translate,92,4677,381991,lh_hl_unlink_plinko_0110,assets/targets/hh_hl_unlink_plinko_0105/nocol_basered.jpg,nocol_translate,0,5100,409264,hh_hl_unlink_plinko_0105,assets/targets/hh_hl_unlink_plinko_0315/maybecol_basered.jpg,maybecol_translate,42,7388,434541,hh_hl_unlink_plinko_0315,assets/targets/hh_hl_unlink_plinko_0252/nocol_basered.jpg,nocol_translate,0,5018,459535,hh_hl_unlink_plinko_0252,assets/targets/hh_hl_unlink_plinko_0269/maybecol_basered.jpg,maybecol_translate,70,5541,487903,hh_hl_unlink_plinko_0269,assets/targets/lh_ll_unlink_plinko_0091/col_late_basered.jpg,col_late_translate,58,6089,518704,lh_ll_unlink_plinko_0091,6100958d58867298209534a7
assets/targets/hh_hl_unlink_plinko_0105/maybecol_basered.jpg,maybecol_translate,0,19976,117803,hh_hl_unlink_plinko_0105,assets/targets/lh_ll_unlink_plinko_0217/col_late_basered.jpg,col_late_translate,100,5738,149141,lh_ll_unlink_plinko_0217,assets/targets/lh_ll_unlink_plinko_0060/col_late_basered.jpg,col_late_translate,100,8138,173908,lh_ll_unlink_plinko_0060,assets/targets/hh_hl_unlink_plinko_0202/nocol_basered.jpg,nocol_translate,0,7243,195684,hh_hl_unlink_plinko_0202,assets/targets/lh_hl_unlink_plinko_0036/col_late_basered.jpg,col_late_translate,0,9468,223283,lh_hl_unlink_plinko_0036,assets/targets/lh_hl_unlink_plinko_0049/nocol_basered.jpg,nocol_translate,0,4922,247946,lh_hl_unlink_plinko_0049,assets/targets/hh_hl_unlink_plinko_0246/maybecol_basered.jpg,maybecol_translate,100,4453,274253,hh_hl_unlink_plinko_0246,assets/targets/lh_ll_unlink_plinko_0091/col_late_basered.jpg,col_late_translate,100,3413,292814,lh_ll_unlink_plinko_0091,assets/targets/hh_hl_unlink_plinko_0315/nocol_basered.jpg,nocol_translate,0,7200,318464,hh_hl_unlink_plinko_0315,assets/targets/hh_hl_unlink_plinko_0240/col_early_basered.jpg,col_early_translate,100,4563,345026,hh_hl_unlink_plinko_0240,assets/targets/hh_hl_unlink_plinko_0269/maybecol_basered.jpg,maybecol_translate,100,3949,372176,hh_hl_unlink_plinko_0269,assets/targets/hh_hl_unlink_plinko_0393/maybecol_basered.jpg,maybecol_translate,0,4801,399676,hh_hl_unlink_plinko_0393,assets/targets/lh_hl_unlink_plinko_0111/col_early_basered.jpg,col_early_translate,100,3931,426756,lh_hl_unlink_plinko_0111,assets/targets/lh_ll_unlink_plinko_0155/nocol_basered.jpg,nocol_translate,0,3715,445676,lh_ll_unlink_plinko_0155,assets/targets/hh_hl_unlink_plinko_0252/col_early_basered.jpg,col_early_translate,100,3485,473068,hh_hl_unlink_plinko_0252,assets/targets/lh_hl_unlink_plinko_0110/col_early_basered.jpg,col_early_translate,100,3399,497145,lh_hl_unlink_plinko_0110,62e32e3f9b344613c0350376
assets/targets/lh_hl_unlink_plinko_0049/nocol_basered.jpg,nocol_translate,12,22760,172192,lh_hl_unlink_plinko_0049,assets/targets/hh_hl_unlink_plinko_0252/maybecol_basered.jpg,maybecol_translate,4,13561,212544,hh_hl_unlink_plinko_0252,assets/targets/lh_ll_unlink_plinko_0155/col_early_basered.jpg,col_early_translate,100,5014,238744,lh_ll_unlink_plinko_0155,assets/targets/lh_hl_unlink_plinko_0111/col_late_basered.jpg,col_late_translate,78,5773,267196,lh_hl_unlink_plinko_0111,assets/targets/hh_hl_unlink_plinko_0202/maybecol_basered.jpg,maybecol_translate,52,10338,297774,hh_hl_unlink_plinko_0202,assets/targets/lh_ll_unlink_plinko_0060/col_late_basered.jpg,col_late_translate,100,4791,321608,lh_ll_unlink_plinko_0060,assets/targets/lh_hl_unlink_plinko_0110/nocol_basered.jpg,nocol_translate,0,5723,415475,lh_hl_unlink_plinko_0110,assets/targets/lh_hl_unlink_plinko_0036/col_early_basered.jpg,col_early_translate,100,4810,440906,lh_hl_unlink_plinko_0036,assets/targets/hh_hl_unlink_plinko_0246/nocol_basered.jpg,nocol_translate,65,11867,479067,hh_hl_unlink_plinko_0246,assets/targets/lh_ll_unlink_plinko_0091/col_late_basered.jpg,col_late_translate,100,3702,506782,lh_ll_unlink_plinko_0091,assets/targets/hh_hl_unlink_plinko_0240/maybecol_basered.jpg,maybecol_translate,100,3461,535285,hh_hl_unlink_plinko_0240,assets/targets/hh_hl_unlink_plinko_0315/col_early_basered.jpg,col_early_translate,100,3402,558313,hh_hl_unlink_plinko_0315,assets/targets/hh_hl_unlink_plinko_0105/col_early_basered.jpg,col_early_translate,100,2561,583957,hh_hl_unlink_plinko_0105,assets/targets/lh_ll_unlink_plinko_0217/col_late_basered.jpg,col_late_translate,84,3026,609258,lh_ll_unlink_plinko_0217,assets/targets/hh_hl_unlink_plinko_0393/nocol_basered.jpg,nocol_translate,0,3104,631710,hh_hl_unlink_plinko_0393,assets/targets/hh_hl_unlink_plinko_0269/maybecol_basered.jpg,maybecol_translate,21,7304,732895,hh_hl_unlink_plinko_0269,5bee18e1824eae0001669764
assets/targets/lh_hl_unlink_plinko_0111/col_early_basered.jpg,col_early_translate,100,18211,109137,lh_hl_unlink_plinko_0111,assets/targets/lh_hl_unlink_plinko_0049/col_late_basered.jpg,col_late_translate,78,12716,146024,lh_hl_unlink_plinko_0049,assets/targets/hh_hl_unlink_plinko_0269/maybecol_basered.jpg,maybecol_translate,83,5550,170906,hh_hl_unlink_plinko_0269,assets/targets/lh_hl_unlink_plinko_0110/col_late_basered.jpg,col_late_translate,63,5705,191845,lh_hl_unlink_plinko_0110,assets/targets/lh_hl_unlink_plinko_0036/nocol_basered.jpg,nocol_translate,0,5272,215506,lh_hl_unlink_plinko_0036,assets/targets/hh_hl_unlink_plinko_0246/maybecol_basered.jpg,maybecol_translate,100,5447,239909,hh_hl_unlink_plinko_0246,assets/targets/hh_hl_unlink_plinko_0240/col_early_basered.jpg,col_early_translate,100,5625,265793,hh_hl_unlink_plinko_0240,assets/targets/lh_ll_unlink_plinko_0091/nocol_basered.jpg,nocol_translate,0,4447,282698,lh_ll_unlink_plinko_0091,assets/targets/lh_ll_unlink_plinko_0155/col_late_basered.jpg,col_late_translate,90,5126,301426,lh_ll_unlink_plinko_0155,assets/targets/hh_hl_unlink_plinko_0202/col_early_basered.jpg,col_early_translate,100,5300,325111,hh_hl_unlink_plinko_0202,assets/targets/hh_hl_unlink_plinko_0393/nocol_basered.jpg,nocol_translate,0,4832,344974,hh_hl_unlink_plinko_0393,assets/targets/lh_ll_unlink_plinko_0060/col_early_basered.jpg,col_early_translate,100,4858,364737,lh_ll_unlink_plinko_0060,assets/targets/hh_hl_unlink_plinko_0252/maybecol_basered.jpg,maybecol_translate,78,4423,382399,hh_hl_unlink_plinko_0252,assets/targets/hh_hl_unlink_plinko_0105/nocol_basered.jpg,nocol_translate,0,3902,401844,hh_hl_unlink_plinko_0105,assets/targets/lh_ll_unlink_plinko_0217/col_late_basered.jpg,col_late_translate,100,6184,422478,lh_ll_unlink_plinko_0217,assets/targets/hh_hl_unlink_plinko_0315/maybecol_basered.jpg,maybecol_translate,100,6096,444625,hh_hl_unlink_plinko_0315,615aecb2d3ef3c51b22f4048
assets/targets/hh_hl_unlink_plinko_0393/col_early_basered.jpg,col_early_translate,100,17459,571164,hh_hl_unlink_plinko_0393,assets/targets/hh_hl_unlink_plinko_0202/maybecol_basered.jpg,maybecol_translate,30,7019,601692,hh_hl_unlink_plinko_0202,assets/targets/hh_hl_unlink_plinko_0315/nocol_basered.jpg,nocol_translate,0,5501,628843,hh_hl_unlink_plinko_0315,assets/targets/hh_hl_unlink_plinko_0105/maybecol_basered.jpg,maybecol_translate,0,5770,658748,hh_hl_unlink_plinko_0105,assets/targets/hh_hl_unlink_plinko_0252/maybecol_basered.jpg,maybecol_translate,62,6222,689828,hh_hl_unlink_plinko_0252,assets/targets/lh_ll_unlink_plinko_0091/col_early_basered.jpg,col_early_translate,95,3832,810884,lh_ll_unlink_plinko_0091,assets/targets/hh_hl_unlink_plinko_0269/maybecol_basered.jpg,maybecol_translate,66,5553,836676,hh_hl_unlink_plinko_0269,assets/targets/lh_ll_unlink_plinko_0060/nocol_basered.jpg,nocol_translate,69,5831,859675,lh_ll_unlink_plinko_0060,assets/targets/lh_ll_unlink_plinko_0155/col_late_basered.jpg,col_late_translate,51,4038,883027,lh_ll_unlink_plinko_0155,assets/targets/lh_hl_unlink_plinko_0049/col_early_basered.jpg,col_early_translate,100,3410,907296,lh_hl_unlink_plinko_0049,assets/targets/lh_hl_unlink_plinko_0110/nocol_basered.jpg,nocol_translate,44,11297,945264,lh_hl_unlink_plinko_0110,assets/targets/hh_hl_unlink_plinko_0246/nocol_basered.jpg,nocol_translate,0,3792,968572,hh_hl_unlink_plinko_0246,assets/targets/lh_hl_unlink_plinko_0111/col_late_basered.jpg,col_late_translate,64,5021,993669,lh_hl_unlink_plinko_0111,assets/targets/hh_hl_unlink_plinko_0240/col_early_basered.jpg,col_early_translate,68,3353,1015828,hh_hl_unlink_plinko_0240,assets/targets/lh_hl_unlink_plinko_0036/col_late_basered.jpg,col_late_translate,59,4090,1049836,lh_hl_unlink_plinko_0036,assets/targets/lh_ll_unlink_plinko_0217/col_late_basered.jpg,col_late_translate,58,3119,1070348,lh_ll_unlink_plinko_0217,62fe8008b96d060396649f3e
assets/targets/lh_ll_unlink_plinko_0217/col_early_basered.jpg,col_early_translate,98,11710,191254,lh_ll_unlink_plinko_0217,assets/targets/hh_hl_unlink_plinko_0202/nocol_basered.jpg,nocol_translate,13,11301,384614,hh_hl_unlink_plinko_0202,assets/targets/hh_hl_unlink_plinko_0105/col_early_basered.jpg,col_early_translate,100,8082,555282,hh_hl_unlink_plinko_0105,assets/targets/lh_hl_unlink_plinko_0111/col_late_basered.jpg,col_late_translate,7,14660,871399,lh_hl_unlink_plinko_0111,assets/targets/hh_hl_unlink_plinko_0393/maybecol_basered.jpg,maybecol_translate,17,9336,990848,hh_hl_unlink_plinko_0393,assets/targets/hh_hl_unlink_plinko_0252/nocol_basered.jpg,nocol_translate,0,6776,1023755,hh_hl_unlink_plinko_0252,assets/targets/lh_hl_unlink_plinko_0110/col_late_basered.jpg,col_late_translate,58,8107,1077883,lh_hl_unlink_plinko_0110,assets/targets/lh_ll_unlink_plinko_0091/col_late_basered.jpg,col_late_translate,81,10585,1128081,lh_ll_unlink_plinko_0091,assets/targets/hh_hl_unlink_plinko_0269/maybecol_basered.jpg,maybecol_translate,72,9971,1199987,hh_hl_unlink_plinko_0269,assets/targets/lh_ll_unlink_plinko_0155/col_early_basered.jpg,col_early_translate,100,9659,1242641,lh_ll_unlink_plinko_0155,assets/targets/hh_hl_unlink_plinko_0315/maybecol_basered.jpg,maybecol_translate,64,7615,1305236,hh_hl_unlink_plinko_0315,assets/targets/lh_hl_unlink_plinko_0036/nocol_basered.jpg,nocol_translate,3,6941,1352184,lh_hl_unlink_plinko_0036,assets/targets/hh_hl_unlink_plinko_0246/col_early_basered.jpg,col_early_translate,100,15114,1407426,hh_hl_unlink_plinko_0246,assets/targets/lh_ll_unlink_plinko_0060/col_late_basered.jpg,col_late_translate,77,7222,1440843,lh_ll_unlink_plinko_0060,assets/targets/lh_hl_unlink_plinko_0049/nocol_basered.jpg,nocol_translate,9,12383,1482899,lh_hl_unlink_plinko_0049,assets/targets/hh_hl_unlink_plinko_0240/maybecol_basered.jpg,maybecol_translate,84,8777,1525895,hh_hl_unlink_plinko_0240,55cf91b434e9060012e56fba
assets/targets/lh_ll_unlink_plinko_0217/col_late_basered.jpg,col_late_translate,43,36701,195053,lh_ll_unlink_plinko_0217,assets/targets/hh_hl_unlink_plinko_0315/maybecol_basered.jpg,maybecol_translate,100,18145,247348,hh_hl_unlink_plinko_0315,assets/targets/lh_hl_unlink_plinko_0049/col_late_basered.jpg,col_late_translate,100,11059,291855,lh_hl_unlink_plinko_0049,assets/targets/lh_hl_unlink_plinko_0110/col_late_basered.jpg,col_late_translate,91,8786,327301,lh_hl_unlink_plinko_0110,assets/targets/hh_hl_unlink_plinko_0269/col_early_basered.jpg,col_early_translate,100,7114,378750,hh_hl_unlink_plinko_0269,assets/targets/lh_hl_unlink_plinko_0036/col_late_basered.jpg,col_late_translate,81,10269,418467,lh_hl_unlink_plinko_0036,assets/targets/hh_hl_unlink_plinko_0202/maybecol_basered.jpg,maybecol_translate,97,22412,473323,hh_hl_unlink_plinko_0202,assets/targets/hh_hl_unlink_plinko_0240/nocol_basered.jpg,nocol_translate,0,8054,526595,hh_hl_unlink_plinko_0240,assets/targets/hh_hl_unlink_plinko_0246/col_early_basered.jpg,col_early_translate,100,4620,574267,hh_hl_unlink_plinko_0246,assets/targets/lh_ll_unlink_plinko_0060/col_early_basered.jpg,col_early_translate,100,4936,610918,lh_ll_unlink_plinko_0060,assets/targets/hh_hl_unlink_plinko_0393/maybecol_basered.jpg,maybecol_translate,41,13309,684561,hh_hl_unlink_plinko_0393,assets/targets/lh_ll_unlink_plinko_0155/col_early_basered.jpg,col_early_translate,100,4162,714523,lh_ll_unlink_plinko_0155,assets/targets/hh_hl_unlink_plinko_0105/maybecol_basered.jpg,maybecol_translate,0,7941,746303,hh_hl_unlink_plinko_0105,assets/targets/hh_hl_unlink_plinko_0252/nocol_basered.jpg,nocol_translate,0,5351,771365,hh_hl_unlink_plinko_0252,assets/targets/lh_ll_unlink_plinko_0091/nocol_basered.jpg,nocol_translate,0,4299,797992,lh_ll_unlink_plinko_0091,assets/targets/lh_hl_unlink_plinko_0111/nocol_basered.jpg,nocol_translate,0,4202,822232,lh_hl_unlink_plinko_0111,599f7acaec626e0001d53f8f
assets/targets/hh_hl_unlink_plinko_0269/nocol_basered.jpg,nocol_translate,0,10893,114088,hh_hl_unlink_plinko_0269,assets/targets/lh_hl_unlink_plinko_0111/nocol_basered.jpg,nocol_translate,0,8643,235043,lh_hl_unlink_plinko_0111,assets/targets/lh_hl_unlink_plinko_0036/col_late_basered.jpg,col_late_translate,77,8291,278705,lh_hl_unlink_plinko_0036,assets/targets/hh_hl_unlink_plinko_0240/maybecol_basered.jpg,maybecol_translate,80,5589,319502,hh_hl_unlink_plinko_0240,assets/targets/lh_ll_unlink_plinko_0091/col_late_basered.jpg,col_late_translate,100,5507,349387,lh_ll_unlink_plinko_0091,assets/targets/lh_ll_unlink_plinko_0155/col_early_basered.jpg,col_early_translate,100,3916,382194,lh_ll_unlink_plinko_0155,assets/targets/hh_hl_unlink_plinko_0246/nocol_basered.jpg,nocol_translate,0,4149,411529,hh_hl_unlink_plinko_0246,assets/targets/hh_hl_unlink_plinko_0202/maybecol_basered.jpg,maybecol_translate,63,5065,449938,hh_hl_unlink_plinko_0202,assets/targets/lh_hl_unlink_plinko_0110/nocol_basered.jpg,nocol_translate,0,4655,480283,lh_hl_unlink_plinko_0110,assets/targets/hh_hl_unlink_plinko_0252/col_early_basered.jpg,col_early_translate,100,3650,514514,hh_hl_unlink_plinko_0252,assets/targets/lh_hl_unlink_plinko_0049/col_late_basered.jpg,col_late_translate,100,5637,543214,lh_hl_unlink_plinko_0049,assets/targets/lh_ll_unlink_plinko_0217/col_early_basered.jpg,col_early_translate,100,4090,575971,lh_ll_unlink_plinko_0217,assets/targets/lh_ll_unlink_plinko_0060/col_late_basered.jpg,col_late_translate,100,3679,602035,lh_ll_unlink_plinko_0060,assets/targets/hh_hl_unlink_plinko_0315/col_early_basered.jpg,col_early_translate,100,4190,634190,hh_hl_unlink_plinko_0315,assets/targets/hh_hl_unlink_plinko_0393/maybecol_basered.jpg,maybecol_translate,80,5267,664997,hh_hl_unlink_plinko_0393,assets/targets/hh_hl_unlink_plinko_0105/maybecol_basered.jpg,maybecol_translate,84,3832,694954,hh_hl_unlink_plinko_0105,60329bc5eccb812b1403ea45
assets/targets/hh_hl_unlink_plinko_0315/nocol_basered.jpg,nocol_translate,29,14573,95355,hh_hl_unlink_plinko_0315,assets/targets/hh_hl_unlink_plinko_0202/maybecol_basered.jpg,maybecol_translate,0,11806,133489,hh_hl_unlink_plinko_0202,assets/targets/lh_hl_unlink_plinko_0036/col_late_basered.jpg,col_late_translate,20,8503,166788,lh_hl_unlink_plinko_0036,assets/targets/lh_ll_unlink_plinko_0091/col_late_basered.jpg,col_late_translate,85,4934,197813,lh_ll_unlink_plinko_0091,assets/targets/hh_hl_unlink_plinko_0240/nocol_basered.jpg,nocol_translate,0,6562,227516,hh_hl_unlink_plinko_0240,assets/targets/lh_ll_unlink_plinko_0217/nocol_basered.jpg,nocol_translate,8,8048,257056,lh_ll_unlink_plinko_0217,assets/targets/hh_hl_unlink_plinko_0246/maybecol_basered.jpg,maybecol_translate,46,8915,603701,hh_hl_unlink_plinko_0246,assets/targets/hh_hl_unlink_plinko_0269/maybecol_basered.jpg,maybecol_translate,29,4520,629153,hh_hl_unlink_plinko_0269,assets/targets/hh_hl_unlink_plinko_0393/col_early_basered.jpg,col_early_translate,100,6310,656097,hh_hl_unlink_plinko_0393,assets/targets/lh_ll_unlink_plinko_0060/col_early_basered.jpg,col_early_translate,88,4957,685497,lh_ll_unlink_plinko_0060,assets/targets/lh_hl_unlink_plinko_0110/nocol_basered.jpg,nocol_translate,0,6940,712886,lh_hl_unlink_plinko_0110,assets/targets/hh_hl_unlink_plinko_0105/maybecol_basered.jpg,maybecol_translate,30,5717,736600,hh_hl_unlink_plinko_0105,assets/targets/lh_hl_unlink_plinko_0049/col_late_basered.jpg,col_late_translate,53,9838,762994,lh_hl_unlink_plinko_0049,assets/targets/hh_hl_unlink_plinko_0252/col_early_basered.jpg,col_early_translate,100,5923,787479,hh_hl_unlink_plinko_0252,assets/targets/lh_ll_unlink_plinko_0155/col_late_basered.jpg,col_late_translate,87,4861,811636,lh_ll_unlink_plinko_0155,assets/targets/lh_hl_unlink_plinko_0111/col_early_basered.jpg,col_early_translate,100,4279,834787,lh_hl_unlink_plinko_0111,57fb972266e0d000010f7ef2
assets/targets/hh_hl_unlink_plinko_0315/col_early_basered.jpg,col_early_translate,100,33597,238619,hh_hl_unlink_plinko_0315,assets/targets/lh_hl_unlink_plinko_0049/nocol_basered.jpg,nocol_translate,35,15667,289057,lh_hl_unlink_plinko_0049,assets/targets/lh_ll_unlink_plinko_0091/col_early_basered.jpg,col_early_translate,100,10606,344213,lh_ll_unlink_plinko_0091,assets/targets/hh_hl_unlink_plinko_0240/maybecol_basered.jpg,maybecol_translate,72,19544,397681,hh_hl_unlink_plinko_0240,assets/targets/hh_hl_unlink_plinko_0202/nocol_basered.jpg,nocol_translate,0,11433,440219,hh_hl_unlink_plinko_0202,assets/targets/hh_hl_unlink_plinko_0393/col_early_basered.jpg,col_early_translate,100,6174,487961,hh_hl_unlink_plinko_0393,assets/targets/lh_hl_unlink_plinko_0110/col_late_basered.jpg,col_late_translate,94,14399,540833,lh_hl_unlink_plinko_0110,assets/targets/lh_ll_unlink_plinko_0060/nocol_basered.jpg,nocol_translate,0,11362,573317,lh_ll_unlink_plinko_0060,assets/targets/lh_hl_unlink_plinko_0111/col_late_basered.jpg,col_late_translate,100,19520,620184,lh_hl_unlink_plinko_0111,assets/targets/lh_ll_unlink_plinko_0217/col_late_basered.jpg,col_late_translate,100,11135,655481,lh_ll_unlink_plinko_0217,assets/targets/lh_hl_unlink_plinko_0036/col_early_basered.jpg,col_early_translate,100,6556,686776,lh_hl_unlink_plinko_0036,assets/targets/hh_hl_unlink_plinko_0269/maybecol_basered.jpg,maybecol_translate,100,11309,720362,hh_hl_unlink_plinko_0269,assets/targets/hh_hl_unlink_plinko_0252/maybecol_basered.jpg,maybecol_translate,57,17092,761994,hh_hl_unlink_plinko_0252,assets/targets/hh_hl_unlink_plinko_0246/nocol_basered.jpg,nocol_translate,0,8557,792634,hh_hl_unlink_plinko_0246,assets/targets/lh_ll_unlink_plinko_0155/col_late_basered.jpg,col_late_translate,100,6779,821783,lh_ll_unlink_plinko_0155,assets/targets/hh_hl_unlink_plinko_0105/maybecol_basered.jpg,maybecol_translate,100,9718,854976,hh_hl_unlink_plinko_0105,638f9c5080682fc265d5bf16
assets/targets/hh_hl_unlink_plinko_0246/maybecol_basered.jpg,maybecol_translate,50,15858,169020,hh_hl_unlink_plinko_0246,assets/targets/hh_hl_unlink_plinko_0393/maybecol_basered.jpg,maybecol_translate,15,13532,236306,hh_hl_unlink_plinko_0393,assets/targets/hh_hl_unlink_plinko_0315/nocol_basered.jpg,nocol_translate,4,6551,282450,hh_hl_unlink_plinko_0315,assets/targets/lh_ll_unlink_plinko_0091/col_late_basered.jpg,col_late_translate,89,12508,344074,lh_ll_unlink_plinko_0091,assets/targets/hh_hl_unlink_plinko_0269/nocol_basered.jpg,nocol_translate,0,6542,395730,hh_hl_unlink_plinko_0269,assets/targets/hh_hl_unlink_plinko_0240/col_early_basered.jpg,col_early_translate,100,6347,436770,hh_hl_unlink_plinko_0240,assets/targets/lh_ll_unlink_plinko_0217/nocol_basered.jpg,nocol_translate,0,5392,472618,lh_ll_unlink_plinko_0217,assets/targets/lh_ll_unlink_plinko_0060/col_late_basered.jpg,col_late_translate,95,6812,503787,lh_ll_unlink_plinko_0060,assets/targets/lh_hl_unlink_plinko_0111/col_early_basered.jpg,col_early_translate,100,5283,533763,lh_hl_unlink_plinko_0111,assets/targets/hh_hl_unlink_plinko_0252/maybecol_basered.jpg,maybecol_translate,0,5277,566386,hh_hl_unlink_plinko_0252,assets/targets/hh_hl_unlink_plinko_0105/col_early_basered.jpg,col_early_translate,100,4761,608299,hh_hl_unlink_plinko_0105,assets/targets/hh_hl_unlink_plinko_0202/maybecol_basered.jpg,maybecol_translate,0,5382,635019,hh_hl_unlink_plinko_0202,assets/targets/lh_ll_unlink_plinko_0155/col_late_basered.jpg,col_late_translate,100,4796,658546,lh_ll_unlink_plinko_0155,assets/targets/lh_hl_unlink_plinko_0110/col_late_basered.jpg,col_late_translate,99,4373,686354,lh_hl_unlink_plinko_0110,assets/targets/lh_hl_unlink_plinko_0049/col_early_basered.jpg,col_early_translate,100,5357,714594,lh_hl_unlink_plinko_0049,assets/targets/lh_hl_unlink_plinko_0036/nocol_basered.jpg,nocol_translate,0,5173,746123,lh_hl_unlink_plinko_0036,60ec8bdfb5696e50adacde9f
assets/targets/lh_ll_unlink_plinko_0155/col_early_basered.jpg,col_early_translate,87,13883,165295,lh_ll_unlink_plinko_0155,assets/targets/lh_ll_unlink_plinko_0091/col_late_basered.jpg,col_late_translate,63,15463,231932,lh_ll_unlink_plinko_0091,assets/targets/hh_hl_unlink_plinko_0315/nocol_basered.jpg,nocol_translate,13,7341,273593,hh_hl_unlink_plinko_0315,assets/targets/hh_hl_unlink_plinko_0252/nocol_basered.jpg,nocol_translate,4,9545,309872,hh_hl_unlink_plinko_0252,assets/targets/hh_hl_unlink_plinko_0269/maybecol_basered.jpg,maybecol_translate,72,12350,349833,hh_hl_unlink_plinko_0269,assets/targets/lh_hl_unlink_plinko_0111/col_late_basered.jpg,col_late_translate,67,13092,409460,lh_hl_unlink_plinko_0111,assets/targets/hh_hl_unlink_plinko_0393/maybecol_basered.jpg,maybecol_translate,62,9344,445325,hh_hl_unlink_plinko_0393,assets/targets/hh_hl_unlink_plinko_0240/maybecol_basered.jpg,maybecol_translate,10,9906,478514,hh_hl_unlink_plinko_0240,assets/targets/lh_hl_unlink_plinko_0049/nocol_basered.jpg,nocol_translate,50,22296,531044,lh_hl_unlink_plinko_0049,assets/targets/lh_ll_unlink_plinko_0217/nocol_basered.jpg,nocol_translate,16,27719,592282,lh_ll_unlink_plinko_0217,assets/targets/lh_hl_unlink_plinko_0036/col_late_basered.jpg,col_late_translate,76,14300,645522,lh_hl_unlink_plinko_0036,assets/targets/lh_ll_unlink_plinko_0060/col_late_basered.jpg,col_late_translate,72,10195,679870,lh_ll_unlink_plinko_0060,assets/targets/hh_hl_unlink_plinko_0202/col_early_basered.jpg,col_early_translate,96,8556,708776,hh_hl_unlink_plinko_0202,assets/targets/hh_hl_unlink_plinko_0246/col_early_basered.jpg,col_early_translate,95,5626,741569,hh_hl_unlink_plinko_0246,assets/targets/lh_hl_unlink_plinko_0110/col_early_basered.jpg,col_early_translate,100,10931,778408,lh_hl_unlink_plinko_0110,assets/targets/hh_hl_unlink_plinko_0105/maybecol_basered.jpg,maybecol_translate,41,13020,823686,hh_hl_unlink_plinko_0105,6029fbe69d62524074a994ac
assets/targets/hh_hl_unlink_plinko_0202/maybecol_basered.jpg,maybecol_translate,24,12843,125527,hh_hl_unlink_plinko_0202,assets/targets/hh_hl_unlink_plinko_0315/maybecol_basered.jpg,maybecol_translate,43,5027,171504,hh_hl_unlink_plinko_0315,assets/targets/hh_hl_unlink_plinko_0269/col_early_basered.jpg,col_early_translate,100,6189,201817,hh_hl_unlink_plinko_0269,assets/targets/lh_hl_unlink_plinko_0049/col_early_basered.jpg,col_early_translate,100,11145,234376,lh_hl_unlink_plinko_0049,assets/targets/hh_hl_unlink_plinko_0240/maybecol_basered.jpg,maybecol_translate,77,5243,434773,hh_hl_unlink_plinko_0240,assets/targets/lh_ll_unlink_plinko_0217/col_early_basered.jpg,col_early_translate,100,4301,456108,lh_ll_unlink_plinko_0217,assets/targets/lh_hl_unlink_plinko_0110/col_late_basered.jpg,col_late_translate,92,3261,475521,lh_hl_unlink_plinko_0110,assets/targets/hh_hl_unlink_plinko_0252/nocol_basered.jpg,nocol_translate,0,4717,499800,hh_hl_unlink_plinko_0252,assets/targets/lh_ll_unlink_plinko_0091/col_late_basered.jpg,col_late_translate,100,4524,520506,lh_ll_unlink_plinko_0091,assets/targets/lh_hl_unlink_plinko_0036/col_late_basered.jpg,col_late_translate,76,4251,542761,lh_hl_unlink_plinko_0036,assets/targets/lh_hl_unlink_plinko_0111/col_late_basered.jpg,col_late_translate,96,4346,563049,lh_hl_unlink_plinko_0111,assets/targets/hh_hl_unlink_plinko_0393/maybecol_basered.jpg,maybecol_translate,14,7258,589585,hh_hl_unlink_plinko_0393,assets/targets/lh_ll_unlink_plinko_0060/nocol_basered.jpg,nocol_translate,0,4632,610134,lh_ll_unlink_plinko_0060,assets/targets/lh_ll_unlink_plinko_0155/nocol_basered.jpg,nocol_translate,0,4069,627255,lh_ll_unlink_plinko_0155,assets/targets/hh_hl_unlink_plinko_0105/col_early_basered.jpg,col_early_translate,84,3854,645571,hh_hl_unlink_plinko_0105,assets/targets/hh_hl_unlink_plinko_0246/nocol_basered.jpg,nocol_translate,54,3797,665502,hh_hl_unlink_plinko_0246,5e30e028dea8d60e2ab7abd6
assets/targets/lh_hl_unlink_plinko_0036/col_late_basered.jpg,col_late_translate,78,24795,202567,lh_hl_unlink_plinko_0036,assets/targets/lh_ll_unlink_plinko_0091/col_early_basered.jpg,col_early_translate,100,8390,233900,lh_ll_unlink_plinko_0091,assets/targets/hh_hl_unlink_plinko_0202/maybecol_basered.jpg,maybecol_translate,23,9739,263809,hh_hl_unlink_plinko_0202,assets/targets/hh_hl_unlink_plinko_0246/maybecol_basered.jpg,maybecol_translate,78,8944,291260,hh_hl_unlink_plinko_0246,assets/targets/lh_hl_unlink_plinko_0049/nocol_basered.jpg,nocol_translate,21,6752,317249,lh_hl_unlink_plinko_0049,assets/targets/lh_ll_unlink_plinko_0217/col_late_basered.jpg,col_late_translate,86,6672,341268,lh_ll_unlink_plinko_0217,assets/targets/lh_ll_unlink_plinko_0155/col_late_basered.jpg,col_late_translate,100,5162,376954,lh_ll_unlink_plinko_0155,assets/targets/lh_ll_unlink_plinko_0060/nocol_basered.jpg,nocol_translate,0,6865,399182,lh_ll_unlink_plinko_0060,assets/targets/hh_hl_unlink_plinko_0105/nocol_basered.jpg,nocol_translate,19,7438,423672,hh_hl_unlink_plinko_0105,assets/targets/hh_hl_unlink_plinko_0315/maybecol_basered.jpg,maybecol_translate,100,5843,448580,hh_hl_unlink_plinko_0315,assets/targets/hh_hl_unlink_plinko_0269/maybecol_basered.jpg,maybecol_translate,100,8327,474424,hh_hl_unlink_plinko_0269,assets/targets/lh_hl_unlink_plinko_0110/col_early_basered.jpg,col_early_translate,100,6531,497379,lh_hl_unlink_plinko_0110,assets/targets/lh_hl_unlink_plinko_0111/col_late_basered.jpg,col_late_translate,84,8154,519775,lh_hl_unlink_plinko_0111,assets/targets/hh_hl_unlink_plinko_0393/col_early_basered.jpg,col_early_translate,100,5091,538946,hh_hl_unlink_plinko_0393,assets/targets/hh_hl_unlink_plinko_0240/nocol_basered.jpg,nocol_translate,8,5498,565229,hh_hl_unlink_plinko_0240,assets/targets/hh_hl_unlink_plinko_0252/col_early_basered.jpg,col_early_translate,100,5063,586386,hh_hl_unlink_plinko_0252,6116a9328aa24edfe840f20c
assets/targets/lh_ll_unlink_plinko_0060/nocol_basered.jpg,nocol_translate,15,14305,99069,lh_ll_unlink_plinko_0060,assets/targets/lh_ll_unlink_plinko_0217/col_late_basered.jpg,col_late_translate,57,5590,137569,lh_ll_unlink_plinko_0217,assets/targets/hh_hl_unlink_plinko_0315/maybecol_basered.jpg,maybecol_translate,15,10506,173470,hh_hl_unlink_plinko_0315,assets/targets/hh_hl_unlink_plinko_0246/col_early_basered.jpg,col_early_translate,100,5890,202186,hh_hl_unlink_plinko_0246,assets/targets/lh_hl_unlink_plinko_0036/nocol_basered.jpg,nocol_translate,0,5040,239852,lh_hl_unlink_plinko_0036,assets/targets/hh_hl_unlink_plinko_0269/nocol_basered.jpg,nocol_translate,0,6041,270035,hh_hl_unlink_plinko_0269,assets/targets/lh_hl_unlink_plinko_0111/col_early_basered.jpg,col_early_translate,100,4658,295035,lh_hl_unlink_plinko_0111,assets/targets/hh_hl_unlink_plinko_0105/maybecol_basered.jpg,maybecol_translate,0,5924,320885,hh_hl_unlink_plinko_0105,assets/targets/lh_hl_unlink_plinko_0110/col_late_basered.jpg,col_late_translate,100,4779,349685,lh_hl_unlink_plinko_0110,assets/targets/hh_hl_unlink_plinko_0393/maybecol_basered.jpg,maybecol_translate,0,4140,372966,hh_hl_unlink_plinko_0393,assets/targets/hh_hl_unlink_plinko_0240/nocol_basered.jpg,nocol_translate,49,7541,397235,hh_hl_unlink_plinko_0240,assets/targets/hh_hl_unlink_plinko_0252/col_early_basered.jpg,col_early_translate,100,3741,420917,hh_hl_unlink_plinko_0252,assets/targets/hh_hl_unlink_plinko_0202/maybecol_basered.jpg,maybecol_translate,0,6691,448650,hh_hl_unlink_plinko_0202,assets/targets/lh_ll_unlink_plinko_0155/col_late_basered.jpg,col_late_translate,100,4793,467083,lh_ll_unlink_plinko_0155,assets/targets/lh_hl_unlink_plinko_0049/col_late_basered.jpg,col_late_translate,100,4224,486884,lh_hl_unlink_plinko_0049,assets/targets/lh_ll_unlink_plinko_0091/col_early_basered.jpg,col_early_translate,100,5124,510817,lh_ll_unlink_plinko_0091,62fcd9d412c2f366e0df8de0
assets/targets/hh_hl_unlink_plinko_0252/maybecol_basered.jpg,maybecol_translate,45,16910,121129,hh_hl_unlink_plinko_0252,assets/targets/hh_hl_unlink_plinko_0240/maybecol_basered.jpg,maybecol_translate,57,7347,153585,hh_hl_unlink_plinko_0240,assets/targets/lh_ll_unlink_plinko_0091/col_late_basered.jpg,col_late_translate,100,5102,180261,lh_ll_unlink_plinko_0091,assets/targets/hh_hl_unlink_plinko_0246/nocol_basered.jpg,nocol_translate,0,4392,208541,hh_hl_unlink_plinko_0246,assets/targets/hh_hl_unlink_plinko_0315/nocol_basered.jpg,nocol_translate,0,3810,235692,hh_hl_unlink_plinko_0315,assets/targets/lh_ll_unlink_plinko_0060/col_late_basered.jpg,col_late_translate,100,4279,259184,lh_ll_unlink_plinko_0060,assets/targets/lh_ll_unlink_plinko_0217/col_early_basered.jpg,col_early_translate,100,3988,288972,lh_ll_unlink_plinko_0217,assets/targets/lh_hl_unlink_plinko_0111/col_late_basered.jpg,col_late_translate,43,8502,318640,lh_hl_unlink_plinko_0111,assets/targets/hh_hl_unlink_plinko_0202/col_early_basered.jpg,col_early_translate,100,6521,357576,hh_hl_unlink_plinko_0202,assets/targets/lh_ll_unlink_plinko_0155/nocol_basered.jpg,nocol_translate,0,4095,377908,lh_ll_unlink_plinko_0155,assets/targets/hh_hl_unlink_plinko_0269/maybecol_basered.jpg,maybecol_translate,90,3312,400035,hh_hl_unlink_plinko_0269,assets/targets/lh_hl_unlink_plinko_0036/col_late_basered.jpg,col_late_translate,100,4024,423696,lh_hl_unlink_plinko_0036,assets/targets/lh_hl_unlink_plinko_0049/col_early_basered.jpg,col_early_translate,100,3346,445543,lh_hl_unlink_plinko_0049,assets/targets/hh_hl_unlink_plinko_0393/maybecol_basered.jpg,maybecol_translate,62,5081,473627,hh_hl_unlink_plinko_0393,assets/targets/lh_hl_unlink_plinko_0110/nocol_basered.jpg,nocol_translate,0,3634,497759,lh_hl_unlink_plinko_0110,assets/targets/hh_hl_unlink_plinko_0105/col_early_basered.jpg,col_early_translate,100,4759,524729,hh_hl_unlink_plinko_0105,5b48f2d0ff7497000125165e
assets/targets/hh_hl_unlink_plinko_0240/maybecol_basered.jpg,maybecol_translate,97,12228,102535,hh_hl_unlink_plinko_0240,assets/targets/lh_hl_unlink_plinko_0049/nocol_basered.jpg,nocol_translate,98,7228,143497,lh_hl_unlink_plinko_0049,assets/targets/lh_ll_unlink_plinko_0060/col_early_basered.jpg,col_early_translate,99,6326,176539,lh_ll_unlink_plinko_0060,assets/targets/hh_hl_unlink_plinko_0105/nocol_basered.jpg,nocol_translate,32,10479,212688,hh_hl_unlink_plinko_0105,assets/targets/lh_ll_unlink_plinko_0155/nocol_basered.jpg,nocol_translate,5,4844,237718,lh_ll_unlink_plinko_0155,assets/targets/lh_hl_unlink_plinko_0111/col_early_basered.jpg,col_early_translate,96,4152,260286,lh_hl_unlink_plinko_0111,assets/targets/lh_ll_unlink_plinko_0091/col_late_basered.jpg,col_late_translate,55,3680,286903,lh_ll_unlink_plinko_0091,assets/targets/hh_hl_unlink_plinko_0202/col_early_basered.jpg,col_early_translate,97,3060,316065,hh_hl_unlink_plinko_0202,assets/targets/hh_hl_unlink_plinko_0246/maybecol_basered.jpg,maybecol_translate,49,3481,343754,hh_hl_unlink_plinko_0246,assets/targets/lh_ll_unlink_plinko_0217/col_late_basered.jpg,col_late_translate,66,4752,369340,lh_ll_unlink_plinko_0217,assets/targets/lh_hl_unlink_plinko_0036/col_late_basered.jpg,col_late_translate,77,3582,393308,lh_hl_unlink_plinko_0036,assets/targets/hh_hl_unlink_plinko_0315/col_early_basered.jpg,col_early_translate,95,3123,424478,hh_hl_unlink_plinko_0315,assets/targets/lh_hl_unlink_plinko_0110/col_late_basered.jpg,col_late_translate,95,3915,446180,lh_hl_unlink_plinko_0110,assets/targets/hh_hl_unlink_plinko_0393/nocol_basered.jpg,nocol_translate,5,4656,475052,hh_hl_unlink_plinko_0393,assets/targets/hh_hl_unlink_plinko_0252/maybecol_basered.jpg,maybecol_translate,73,2785,500230,hh_hl_unlink_plinko_0252,assets/targets/hh_hl_unlink_plinko_0269/maybecol_basered.jpg,maybecol_translate,54,2312,521533,hh_hl_unlink_plinko_0269,5aaf13dbfb22320001bab178
assets/targets/lh_hl_unlink_plinko_0111/col_late_basered.jpg,col_late_translate,68,14812,106582,lh_hl_unlink_plinko_0111,assets/targets/hh_hl_unlink_plinko_0202/maybecol_basered.jpg,maybecol_translate,64,4622,157949,hh_hl_unlink_plinko_0202,assets/targets/hh_hl_unlink_plinko_0269/col_early_basered.jpg,col_early_translate,100,4133,194788,hh_hl_unlink_plinko_0269,assets/targets/lh_hl_unlink_plinko_0049/col_early_basered.jpg,col_early_translate,100,3559,219953,lh_hl_unlink_plinko_0049,assets/targets/lh_ll_unlink_plinko_0155/col_late_basered.jpg,col_late_translate,86,3971,243942,lh_ll_unlink_plinko_0155,assets/targets/lh_ll_unlink_plinko_0091/nocol_basered.jpg,nocol_translate,0,3346,271726,lh_ll_unlink_plinko_0091,assets/targets/lh_hl_unlink_plinko_0110/col_early_basered.jpg,col_early_translate,100,4814,298879,lh_hl_unlink_plinko_0110,assets/targets/hh_hl_unlink_plinko_0246/maybecol_basered.jpg,maybecol_translate,14,3709,329229,hh_hl_unlink_plinko_0246,assets/targets/lh_ll_unlink_plinko_0217/col_late_basered.jpg,col_late_translate,95,3172,359046,lh_ll_unlink_plinko_0217,assets/targets/lh_ll_unlink_plinko_0060/col_late_basered.jpg,col_late_translate,99,2223,382399,lh_ll_unlink_plinko_0060,assets/targets/hh_hl_unlink_plinko_0240/nocol_basered.jpg,nocol_translate,3,3607,408454,hh_hl_unlink_plinko_0240,assets/targets/hh_hl_unlink_plinko_0315/col_early_basered.jpg,col_early_translate,100,2510,437872,hh_hl_unlink_plinko_0315,assets/targets/hh_hl_unlink_plinko_0252/nocol_basered.jpg,nocol_translate,0,2603,465517,hh_hl_unlink_plinko_0252,assets/targets/hh_hl_unlink_plinko_0393/maybecol_basered.jpg,maybecol_translate,13,3553,494782,hh_hl_unlink_plinko_0393,assets/targets/hh_hl_unlink_plinko_0105/maybecol_basered.jpg,maybecol_translate,20,2823,524910,hh_hl_unlink_plinko_0105,assets/targets/lh_hl_unlink_plinko_0036/nocol_basered.jpg,nocol_translate,0,2468,544814,lh_hl_unlink_plinko_0036,5c3517a567013e0001eff811
assets/targets/lh_ll_unlink_plinko_0091/col_late_basered.jpg,col_late_translate,37,21021,123643,lh_ll_unlink_plinko_0091,assets/targets/lh_hl_unlink_plinko_0036/col_late_basered.jpg,col_late_translate,78,8621,150106,lh_hl_unlink_plinko_0036,assets/targets/hh_hl_unlink_plinko_0269/col_early_basered.jpg,col_early_translate,100,8245,171845,hh_hl_unlink_plinko_0269,assets/targets/hh_hl_unlink_plinko_0240/maybecol_basered.jpg,maybecol_translate,78,7607,193821,hh_hl_unlink_plinko_0240,assets/targets/lh_ll_unlink_plinko_0060/col_early_basered.jpg,col_early_translate,100,19284,227649,lh_ll_unlink_plinko_0060,assets/targets/hh_hl_unlink_plinko_0393/nocol_basered.jpg,nocol_translate,0,6844,254026,hh_hl_unlink_plinko_0393,assets/targets/hh_hl_unlink_plinko_0105/col_early_basered.jpg,col_early_translate,100,5553,275703,hh_hl_unlink_plinko_0105,assets/targets/lh_hl_unlink_plinko_0049/nocol_basered.jpg,nocol_translate,100,9027,303074,lh_hl_unlink_plinko_0049,assets/targets/hh_hl_unlink_plinko_0252/nocol_basered.jpg,nocol_translate,0,13795,333514,hh_hl_unlink_plinko_0252,assets/targets/lh_ll_unlink_plinko_0155/nocol_basered.jpg,nocol_translate,0,17074,364623,lh_ll_unlink_plinko_0155,assets/targets/hh_hl_unlink_plinko_0202/maybecol_basered.jpg,maybecol_translate,0,7435,385704,hh_hl_unlink_plinko_0202,assets/targets/hh_hl_unlink_plinko_0246/maybecol_basered.jpg,maybecol_translate,12,9863,406252,hh_hl_unlink_plinko_0246,assets/targets/lh_hl_unlink_plinko_0111/col_late_basered.jpg,col_late_translate,100,6297,429414,lh_hl_unlink_plinko_0111,assets/targets/hh_hl_unlink_plinko_0315/maybecol_basered.jpg,maybecol_translate,97,32208,474677,hh_hl_unlink_plinko_0315,assets/targets/lh_hl_unlink_plinko_0110/col_early_basered.jpg,col_early_translate,100,8808,495601,lh_hl_unlink_plinko_0110,assets/targets/lh_ll_unlink_plinko_0217/col_late_basered.jpg,col_late_translate,97,4396,514233,lh_ll_unlink_plinko_0217,62dccf664ff0895a60cfdda2
assets/targets/lh_hl_unlink_plinko_0036/col_late_basered.jpg,col_late_translate,86,26340,762395,lh_hl_unlink_plinko_0036,assets/targets/lh_hl_unlink_plinko_0049/col_early_basered.jpg,col_early_translate,100,29855,855045,lh_hl_unlink_plinko_0049,assets/targets/hh_hl_unlink_plinko_0246/maybecol_basered.jpg,maybecol_translate,4,9793,943039,hh_hl_unlink_plinko_0246,assets/targets/hh_hl_unlink_plinko_0269/nocol_basered.jpg,nocol_translate,0,5393,973440,hh_hl_unlink_plinko_0269,assets/targets/hh_hl_unlink_plinko_0393/nocol_basered.jpg,nocol_translate,0,7483,1018544,hh_hl_unlink_plinko_0393,assets/targets/hh_hl_unlink_plinko_0202/col_early_basered.jpg,col_early_translate,100,5678,1048620,hh_hl_unlink_plinko_0202,assets/targets/lh_ll_unlink_plinko_0155/col_late_basered.jpg,col_late_translate,93,9898,1079087,lh_ll_unlink_plinko_0155,assets/targets/hh_hl_unlink_plinko_0252/maybecol_basered.jpg,maybecol_translate,51,11817,1122303,hh_hl_unlink_plinko_0252,assets/targets/hh_hl_unlink_plinko_0240/maybecol_basered.jpg,maybecol_translate,14,7923,1160201,hh_hl_unlink_plinko_0240,assets/targets/lh_ll_unlink_plinko_0060/col_late_basered.jpg,col_late_translate,99,6905,1183455,lh_ll_unlink_plinko_0060,assets/targets/lh_ll_unlink_plinko_0091/col_early_basered.jpg,col_early_translate,100,6749,1214482,lh_ll_unlink_plinko_0091,assets/targets/lh_ll_unlink_plinko_0217/nocol_basered.jpg,nocol_translate,0,9117,1249890,lh_ll_unlink_plinko_0217,assets/targets/lh_hl_unlink_plinko_0111/col_late_basered.jpg,col_late_translate,86,6927,1279437,lh_hl_unlink_plinko_0111,assets/targets/lh_hl_unlink_plinko_0110/nocol_basered.jpg,nocol_translate,0,4724,1313282,lh_hl_unlink_plinko_0110,assets/targets/hh_hl_unlink_plinko_0315/col_early_basered.jpg,col_early_translate,100,5650,1355223,hh_hl_unlink_plinko_0315,assets/targets/hh_hl_unlink_plinko_0105/maybecol_basered.jpg,maybecol_translate,0,9252,1387553,hh_hl_unlink_plinko_0105,5a8b61fcf1408d000176b02f
assets/targets/hh_hl_unlink_plinko_0105/maybecol_basered.jpg,maybecol_translate,53,43228,129283,hh_hl_unlink_plinko_0105,assets/targets/hh_hl_unlink_plinko_0315/maybecol_basered.jpg,maybecol_translate,37,4288,155711,hh_hl_unlink_plinko_0315,assets/targets/lh_ll_unlink_plinko_0091/col_early_basered.jpg,col_early_translate,100,3805,196913,lh_ll_unlink_plinko_0091,assets/targets/lh_ll_unlink_plinko_0217/col_late_basered.jpg,col_late_translate,64,3563,223789,lh_ll_unlink_plinko_0217,assets/targets/lh_hl_unlink_plinko_0049/col_late_basered.jpg,col_late_translate,85,3460,245218,lh_hl_unlink_plinko_0049,assets/targets/hh_hl_unlink_plinko_0246/nocol_basered.jpg,nocol_translate,24,3028,265372,hh_hl_unlink_plinko_0246,assets/targets/lh_ll_unlink_plinko_0155/col_early_basered.jpg,col_early_translate,100,3338,285105,lh_ll_unlink_plinko_0155,assets/targets/lh_hl_unlink_plinko_0036/col_late_basered.jpg,col_late_translate,100,4186,304919,lh_hl_unlink_plinko_0036,assets/targets/lh_hl_unlink_plinko_0110/nocol_basered.jpg,nocol_translate,0,2915,328882,lh_hl_unlink_plinko_0110,assets/targets/lh_hl_unlink_plinko_0111/nocol_basered.jpg,nocol_translate,0,8802,355912,lh_hl_unlink_plinko_0111,assets/targets/hh_hl_unlink_plinko_0393/col_early_basered.jpg,col_early_translate,100,5232,376150,hh_hl_unlink_plinko_0393,assets/targets/hh_hl_unlink_plinko_0240/maybecol_basered.jpg,maybecol_translate,71,2748,395147,hh_hl_unlink_plinko_0240,assets/targets/hh_hl_unlink_plinko_0269/maybecol_basered.jpg,maybecol_translate,50,2598,415428,hh_hl_unlink_plinko_0269,assets/targets/hh_hl_unlink_plinko_0252/col_early_basered.jpg,col_early_translate,100,4612,439643,hh_hl_unlink_plinko_0252,assets/targets/lh_ll_unlink_plinko_0060/col_late_basered.jpg,col_late_translate,100,3199,457558,lh_ll_unlink_plinko_0060,assets/targets/hh_hl_unlink_plinko_0202/nocol_basered.jpg,nocol_translate,0,3873,477327,hh_hl_unlink_plinko_0202,62f13dc95cf68f5d1182f495
assets/targets/lh_hl_unlink_plinko_0111/nocol_basered.jpg,nocol_translate,9,16790,132097,lh_hl_unlink_plinko_0111,assets/targets/lh_hl_unlink_plinko_0049/col_late_basered.jpg,col_late_translate,78,7331,189797,lh_hl_unlink_plinko_0049,assets/targets/hh_hl_unlink_plinko_0202/nocol_basered.jpg,nocol_translate,0,4642,230606,hh_hl_unlink_plinko_0202,assets/targets/lh_hl_unlink_plinko_0110/col_early_basered.jpg,col_early_translate,100,4657,273205,lh_hl_unlink_plinko_0110,assets/targets/hh_hl_unlink_plinko_0240/col_early_basered.jpg,col_early_translate,100,4140,311297,hh_hl_unlink_plinko_0240,assets/targets/lh_hl_unlink_plinko_0036/col_late_basered.jpg,col_late_translate,81,6012,371865,lh_hl_unlink_plinko_0036,assets/targets/hh_hl_unlink_plinko_0393/maybecol_basered.jpg,maybecol_translate,63,6977,418637,hh_hl_unlink_plinko_0393,assets/targets/lh_ll_unlink_plinko_0060/col_early_basered.jpg,col_early_translate,100,4281,445492,lh_ll_unlink_plinko_0060,assets/targets/lh_ll_unlink_plinko_0091/col_late_basered.jpg,col_late_translate,82,4765,476673,lh_ll_unlink_plinko_0091,assets/targets/hh_hl_unlink_plinko_0105/maybecol_basered.jpg,maybecol_translate,64,4717,515585,hh_hl_unlink_plinko_0105,assets/targets/hh_hl_unlink_plinko_0246/maybecol_basered.jpg,maybecol_translate,26,3363,553729,hh_hl_unlink_plinko_0246,assets/targets/hh_hl_unlink_plinko_0252/col_early_basered.jpg,col_early_translate,100,4357,587769,hh_hl_unlink_plinko_0252,assets/targets/hh_hl_unlink_plinko_0269/nocol_basered.jpg,nocol_translate,0,4201,617437,hh_hl_unlink_plinko_0269,assets/targets/lh_ll_unlink_plinko_0217/nocol_basered.jpg,nocol_translate,0,2929,644821,lh_ll_unlink_plinko_0217,assets/targets/lh_ll_unlink_plinko_0155/col_late_basered.jpg,col_late_translate,96,4048,674628,lh_ll_unlink_plinko_0155,assets/targets/hh_hl_unlink_plinko_0315/maybecol_basered.jpg,maybecol_translate,65,3672,702757,hh_hl_unlink_plinko_0315,611439703342f19d283f90c0
assets/targets/lh_hl_unlink_plinko_0110/col_late_basered.jpg,col_late_translate,24,20743,180608,lh_hl_unlink_plinko_0110,assets/targets/lh_ll_unlink_plinko_0091/nocol_basered.jpg,nocol_translate,66,7389,224284,lh_ll_unlink_plinko_0091,assets/targets/hh_hl_unlink_plinko_0252/nocol_basered.jpg,nocol_translate,29,8939,264494,hh_hl_unlink_plinko_0252,assets/targets/lh_ll_unlink_plinko_0060/col_late_basered.jpg,col_late_translate,84,13690,308222,lh_ll_unlink_plinko_0060,assets/targets/hh_hl_unlink_plinko_0240/maybecol_basered.jpg,maybecol_translate,65,16164,348384,hh_hl_unlink_plinko_0240,assets/targets/hh_hl_unlink_plinko_0393/col_early_basered.jpg,col_early_translate,100,11577,392465,hh_hl_unlink_plinko_0393,assets/targets/hh_hl_unlink_plinko_0246/col_early_basered.jpg,col_early_translate,97,6143,435116,hh_hl_unlink_plinko_0246,assets/targets/hh_hl_unlink_plinko_0315/maybecol_basered.jpg,maybecol_translate,50,8582,470712,hh_hl_unlink_plinko_0315,assets/targets/lh_hl_unlink_plinko_0111/col_late_basered.jpg,col_late_translate,14,9274,507105,lh_hl_unlink_plinko_0111,assets/targets/lh_ll_unlink_plinko_0217/nocol_basered.jpg,nocol_translate,81,10539,542666,lh_ll_unlink_plinko_0217,assets/targets/hh_hl_unlink_plinko_0202/maybecol_basered.jpg,maybecol_translate,6,7862,575942,hh_hl_unlink_plinko_0202,assets/targets/lh_ll_unlink_plinko_0155/col_early_basered.jpg,col_early_translate,100,7593,609112,lh_ll_unlink_plinko_0155,assets/targets/lh_hl_unlink_plinko_0049/col_late_basered.jpg,col_late_translate,50,11078,643770,lh_hl_unlink_plinko_0049,assets/targets/hh_hl_unlink_plinko_0269/maybecol_basered.jpg,maybecol_translate,51,22758,694394,hh_hl_unlink_plinko_0269,assets/targets/lh_hl_unlink_plinko_0036/col_early_basered.jpg,col_early_translate,100,5819,727927,lh_hl_unlink_plinko_0036,assets/targets/hh_hl_unlink_plinko_0105/nocol_basered.jpg,nocol_translate,19,8020,766423,hh_hl_unlink_plinko_0105,622e97262adc38e0cb0d670a
assets/targets/hh_hl_unlink_plinko_0240/nocol_basered.jpg,nocol_translate,38,86119,708064,hh_hl_unlink_plinko_0240,assets/targets/lh_hl_unlink_plinko_0036/nocol_basered.jpg,nocol_translate,81,23748,788488,lh_hl_unlink_plinko_0036,assets/targets/hh_hl_unlink_plinko_0105/maybecol_basered.jpg,maybecol_translate,61,17568,856008,hh_hl_unlink_plinko_0105,assets/targets/hh_hl_unlink_plinko_0393/col_early_basered.jpg,col_early_translate,92,16948,911426,hh_hl_unlink_plinko_0393,assets/targets/hh_hl_unlink_plinko_0269/nocol_basered.jpg,nocol_translate,11,17188,979031,hh_hl_unlink_plinko_0269,assets/targets/hh_hl_unlink_plinko_0252/col_early_basered.jpg,col_early_translate,95,21357,1032939,hh_hl_unlink_plinko_0252,assets/targets/lh_hl_unlink_plinko_0111/nocol_basered.jpg,nocol_translate,28,22763,1087380,lh_hl_unlink_plinko_0111,assets/targets/hh_hl_unlink_plinko_0246/maybecol_basered.jpg,maybecol_translate,52,28514,1151040,hh_hl_unlink_plinko_0246,assets/targets/hh_hl_unlink_plinko_0202/maybecol_basered.jpg,maybecol_translate,30,19621,1196975,hh_hl_unlink_plinko_0202,assets/targets/lh_ll_unlink_plinko_0155/col_late_basered.jpg,col_late_translate,33,18549,1247511,lh_ll_unlink_plinko_0155,assets/targets/lh_ll_unlink_plinko_0217/col_late_basered.jpg,col_late_translate,34,19184,1318404,lh_ll_unlink_plinko_0217,assets/targets/lh_hl_unlink_plinko_0110/col_late_basered.jpg,col_late_translate,76,15391,1427966,lh_hl_unlink_plinko_0110,assets/targets/lh_ll_unlink_plinko_0091/col_early_basered.jpg,col_early_translate,97,53042,1512791,lh_ll_unlink_plinko_0091,assets/targets/lh_hl_unlink_plinko_0049/col_late_basered.jpg,col_late_translate,66,90962,1644737,lh_hl_unlink_plinko_0049,assets/targets/lh_ll_unlink_plinko_0060/col_early_basered.jpg,col_early_translate,100,130011,1807848,lh_ll_unlink_plinko_0060,assets/targets/hh_hl_unlink_plinko_0315/maybecol_basered.jpg,maybecol_translate,61,10213,1871646,hh_hl_unlink_plinko_0315,5d3356323e1190001909339b
assets/targets/hh_hl_unlink_plinko_0393/nocol_basered.jpg,nocol_translate,11,23693,251417,hh_hl_unlink_plinko_0393,assets/targets/hh_hl_unlink_plinko_0202/nocol_basered.jpg,nocol_translate,40,13171,301297,hh_hl_unlink_plinko_0202,assets/targets/hh_hl_unlink_plinko_0269/col_early_basered.jpg,col_early_translate,68,13704,346425,hh_hl_unlink_plinko_0269,assets/targets/lh_hl_unlink_plinko_0036/col_early_basered.jpg,col_early_translate,99,8037,385041,lh_hl_unlink_plinko_0036,assets/targets/hh_hl_unlink_plinko_0252/maybecol_basered.jpg,maybecol_translate,19,9723,429152,hh_hl_unlink_plinko_0252,assets/targets/lh_ll_unlink_plinko_0155/nocol_basered.jpg,nocol_translate,7,11773,472519,lh_ll_unlink_plinko_0155,assets/targets/lh_ll_unlink_plinko_0091/col_early_basered.jpg,col_early_translate,32,12354,517888,lh_ll_unlink_plinko_0091,assets/targets/hh_hl_unlink_plinko_0246/col_early_basered.jpg,col_early_translate,92,14521,570999,hh_hl_unlink_plinko_0246,assets/targets/lh_hl_unlink_plinko_0110/col_late_basered.jpg,col_late_translate,43,14033,614759,lh_hl_unlink_plinko_0110,assets/targets/hh_hl_unlink_plinko_0240/maybecol_basered.jpg,maybecol_translate,77,9065,651647,hh_hl_unlink_plinko_0240,assets/targets/hh_hl_unlink_plinko_0105/maybecol_basered.jpg,maybecol_translate,100,11008,695495,hh_hl_unlink_plinko_0105,assets/targets/lh_ll_unlink_plinko_0060/nocol_basered.jpg,nocol_translate,15,12384,739150,lh_ll_unlink_plinko_0060,assets/targets/lh_hl_unlink_plinko_0111/col_late_basered.jpg,col_late_translate,91,8615,775805,lh_hl_unlink_plinko_0111,assets/targets/lh_hl_unlink_plinko_0049/col_late_basered.jpg,col_late_translate,71,9735,809862,lh_hl_unlink_plinko_0049,assets/targets/hh_hl_unlink_plinko_0315/maybecol_basered.jpg,maybecol_translate,100,9768,848493,hh_hl_unlink_plinko_0315,assets/targets/lh_ll_unlink_plinko_0217/col_late_basered.jpg,col_late_translate,61,6239,922316,lh_ll_unlink_plinko_0217,5c68af707d17f800013f6ad9
assets/targets/lh_hl_unlink_plinko_0049/nocol_basered.jpg,nocol_translate,15,13758,129561,lh_hl_unlink_plinko_0049,assets/targets/lh_ll_unlink_plinko_0060/col_late_basered.jpg,col_late_translate,58,12462,173731,lh_ll_unlink_plinko_0060,assets/targets/hh_hl_unlink_plinko_0105/nocol_basered.jpg,nocol_translate,9,7496,222590,hh_hl_unlink_plinko_0105,assets/targets/lh_hl_unlink_plinko_0111/col_late_basered.jpg,col_late_translate,72,7290,259839,lh_hl_unlink_plinko_0111,assets/targets/lh_ll_unlink_plinko_0217/col_early_basered.jpg,col_early_translate,100,7752,290384,lh_ll_unlink_plinko_0217,assets/targets/lh_ll_unlink_plinko_0091/col_late_basered.jpg,col_late_translate,100,6301,317572,lh_ll_unlink_plinko_0091,assets/targets/hh_hl_unlink_plinko_0315/maybecol_basered.jpg,maybecol_translate,9,5084,343419,hh_hl_unlink_plinko_0315,assets/targets/hh_hl_unlink_plinko_0202/maybecol_basered.jpg,maybecol_translate,81,6380,372420,hh_hl_unlink_plinko_0202,assets/targets/hh_hl_unlink_plinko_0393/col_early_basered.jpg,col_early_translate,100,5692,401295,hh_hl_unlink_plinko_0393,assets/targets/lh_ll_unlink_plinko_0155/col_early_basered.jpg,col_early_translate,100,5339,429344,lh_ll_unlink_plinko_0155,assets/targets/hh_hl_unlink_plinko_0240/nocol_basered.jpg,nocol_translate,10,5166,465461,hh_hl_unlink_plinko_0240,assets/targets/hh_hl_unlink_plinko_0269/maybecol_basered.jpg,maybecol_translate,81,6060,495205,hh_hl_unlink_plinko_0269,assets/targets/lh_hl_unlink_plinko_0110/col_late_basered.jpg,col_late_translate,88,5309,519054,lh_hl_unlink_plinko_0110,assets/targets/hh_hl_unlink_plinko_0246/col_early_basered.jpg,col_early_translate,100,5105,549396,hh_hl_unlink_plinko_0246,assets/targets/lh_hl_unlink_plinko_0036/nocol_basered.jpg,nocol_translate,15,20540,593378,lh_hl_unlink_plinko_0036,assets/targets/hh_hl_unlink_plinko_0252/maybecol_basered.jpg,maybecol_translate,94,6044,618584,hh_hl_unlink_plinko_0252,60c3aa01f9f6e994d8d7a273
assets/targets/hh_hl_unlink_plinko_0252/maybecol_basered.jpg,maybecol_translate,8,11032,190026,hh_hl_unlink_plinko_0252,assets/targets/lh_hl_unlink_plinko_0036/nocol_basered.jpg,nocol_translate,3,5277,225850,lh_hl_unlink_plinko_0036,assets/targets/lh_ll_unlink_plinko_0091/col_early_basered.jpg,col_early_translate,100,4672,254298,lh_ll_unlink_plinko_0091,assets/targets/hh_hl_unlink_plinko_0269/maybecol_basered.jpg,maybecol_translate,79,8848,291002,hh_hl_unlink_plinko_0269,assets/targets/hh_hl_unlink_plinko_0202/col_early_basered.jpg,col_early_translate,100,4824,322722,hh_hl_unlink_plinko_0202,assets/targets/lh_hl_unlink_plinko_0049/col_late_basered.jpg,col_late_translate,90,7105,354946,lh_hl_unlink_plinko_0049,assets/targets/hh_hl_unlink_plinko_0393/nocol_basered.jpg,nocol_translate,0,4614,385819,hh_hl_unlink_plinko_0393,assets/targets/lh_ll_unlink_plinko_0155/col_late_basered.jpg,col_late_translate,95,4409,414554,lh_ll_unlink_plinko_0155,assets/targets/hh_hl_unlink_plinko_0240/col_early_basered.jpg,col_early_translate,100,6108,445361,hh_hl_unlink_plinko_0240,assets/targets/lh_ll_unlink_plinko_0060/col_late_basered.jpg,col_late_translate,19,6073,474666,lh_ll_unlink_plinko_0060,assets/targets/hh_hl_unlink_plinko_0315/nocol_basered.jpg,nocol_translate,7,5092,508161,hh_hl_unlink_plinko_0315,assets/targets/hh_hl_unlink_plinko_0105/maybecol_basered.jpg,maybecol_translate,81,4060,549938,hh_hl_unlink_plinko_0105,assets/targets/lh_hl_unlink_plinko_0111/col_early_basered.jpg,col_early_translate,100,3839,578961,lh_hl_unlink_plinko_0111,assets/targets/hh_hl_unlink_plinko_0246/maybecol_basered.jpg,maybecol_translate,36,2702,602354,hh_hl_unlink_plinko_0246,assets/targets/lh_hl_unlink_plinko_0110/nocol_basered.jpg,nocol_translate,7,3650,629195,lh_hl_unlink_plinko_0110,assets/targets/lh_ll_unlink_plinko_0217/col_late_basered.jpg,col_late_translate,69,2993,658913,lh_ll_unlink_plinko_0217,5ebedc3f1255ce0db7a5123d
assets/targets/hh_hl_unlink_plinko_0315/maybecol_basered.jpg,maybecol_translate,0,21164,135143,hh_hl_unlink_plinko_0315,assets/targets/hh_hl_unlink_plinko_0105/maybecol_basered.jpg,maybecol_translate,0,13603,179100,hh_hl_unlink_plinko_0105,assets/targets/lh_ll_unlink_plinko_0217/nocol_basered.jpg,nocol_translate,0,11067,211750,lh_ll_unlink_plinko_0217,assets/targets/lh_ll_unlink_plinko_0060/col_late_basered.jpg,col_late_translate,100,45159,277514,lh_ll_unlink_plinko_0060,assets/targets/hh_hl_unlink_plinko_0393/nocol_basered.jpg,nocol_translate,0,9997,304946,hh_hl_unlink_plinko_0393,assets/targets/hh_hl_unlink_plinko_0252/col_early_basered.jpg,col_early_translate,100,10800,337171,hh_hl_unlink_plinko_0252,assets/targets/hh_hl_unlink_plinko_0269/maybecol_basered.jpg,maybecol_translate,89,17085,376489,hh_hl_unlink_plinko_0269,assets/targets/lh_ll_unlink_plinko_0091/col_late_basered.jpg,col_late_translate,100,10652,411071,lh_ll_unlink_plinko_0091,assets/targets/hh_hl_unlink_plinko_0202/maybecol_basered.jpg,maybecol_translate,0,10742,447774,hh_hl_unlink_plinko_0202,assets/targets/lh_hl_unlink_plinko_0036/nocol_basered.jpg,nocol_translate,0,13615,485814,lh_hl_unlink_plinko_0036,assets/targets/hh_hl_unlink_plinko_0246/col_early_basered.jpg,col_early_translate,100,8349,517134,hh_hl_unlink_plinko_0246,assets/targets/hh_hl_unlink_plinko_0240/nocol_basered.jpg,nocol_translate,0,11534,551051,hh_hl_unlink_plinko_0240,assets/targets/lh_hl_unlink_plinko_0110/col_late_basered.jpg,col_late_translate,89,11810,586963,lh_hl_unlink_plinko_0110,assets/targets/lh_hl_unlink_plinko_0049/col_early_basered.jpg,col_early_translate,100,8135,618320,lh_hl_unlink_plinko_0049,assets/targets/lh_hl_unlink_plinko_0111/col_early_basered.jpg,col_early_translate,100,10193,656906,lh_hl_unlink_plinko_0111,assets/targets/lh_ll_unlink_plinko_0155/col_late_basered.jpg,col_late_translate,100,5636,680366,lh_ll_unlink_plinko_0155,5d305152b2cfe00019231a2a
assets/targets/hh_hl_unlink_plinko_0269/nocol_basered.jpg,nocol_translate,28,32408,228411,hh_hl_unlink_plinko_0269,assets/targets/lh_ll_unlink_plinko_0217/nocol_basered.jpg,nocol_translate,16,10652,286800,lh_ll_unlink_plinko_0217,assets/targets/hh_hl_unlink_plinko_0252/maybecol_basered.jpg,maybecol_translate,63,8766,330072,hh_hl_unlink_plinko_0252,assets/targets/lh_ll_unlink_plinko_0155/col_late_basered.jpg,col_late_translate,82,8314,370748,lh_ll_unlink_plinko_0155,assets/targets/hh_hl_unlink_plinko_0105/maybecol_basered.jpg,maybecol_translate,22,5720,408532,hh_hl_unlink_plinko_0105,assets/targets/lh_hl_unlink_plinko_0049/col_late_basered.jpg,col_late_translate,84,6497,440712,lh_hl_unlink_plinko_0049,assets/targets/lh_hl_unlink_plinko_0111/col_late_basered.jpg,col_late_translate,69,7935,482241,lh_hl_unlink_plinko_0111,assets/targets/hh_hl_unlink_plinko_0240/col_early_basered.jpg,col_early_translate,100,6160,515377,hh_hl_unlink_plinko_0240,assets/targets/lh_ll_unlink_plinko_0060/col_early_basered.jpg,col_early_translate,100,7647,558058,lh_ll_unlink_plinko_0060,assets/targets/lh_hl_unlink_plinko_0036/col_late_basered.jpg,col_late_translate,72,6394,598288,lh_hl_unlink_plinko_0036,assets/targets/lh_hl_unlink_plinko_0110/col_early_basered.jpg,col_early_translate,100,8091,640552,lh_hl_unlink_plinko_0110,assets/targets/hh_hl_unlink_plinko_0315/maybecol_basered.jpg,maybecol_translate,67,9620,686588,hh_hl_unlink_plinko_0315,assets/targets/hh_hl_unlink_plinko_0202/col_early_basered.jpg,col_early_translate,100,9905,732650,hh_hl_unlink_plinko_0202,assets/targets/lh_ll_unlink_plinko_0091/nocol_basered.jpg,nocol_translate,10,8303,766112,lh_ll_unlink_plinko_0091,assets/targets/hh_hl_unlink_plinko_0393/maybecol_basered.jpg,maybecol_translate,81,7017,798436,hh_hl_unlink_plinko_0393,assets/targets/hh_hl_unlink_plinko_0246/nocol_basered.jpg,nocol_translate,0,6170,830729,hh_hl_unlink_plinko_0246,5bad6504f588f200012bab65
assets/targets/hh_hl_unlink_plinko_0315/nocol_basered.jpg,nocol_translate,0,24356,206339,hh_hl_unlink_plinko_0315,assets/targets/lh_ll_unlink_plinko_0217/col_late_basered.jpg,col_late_translate,100,12856,265572,lh_ll_unlink_plinko_0217,assets/targets/lh_hl_unlink_plinko_0110/col_late_basered.jpg,col_late_translate,100,13062,316165,lh_hl_unlink_plinko_0110,assets/targets/lh_ll_unlink_plinko_0091/nocol_basered.jpg,nocol_translate,0,7957,384835,lh_ll_unlink_plinko_0091,assets/targets/hh_hl_unlink_plinko_0393/col_early_basered.jpg,col_early_translate,100,8518,449177,hh_hl_unlink_plinko_0393,assets/targets/hh_hl_unlink_plinko_0252/maybecol_basered.jpg,maybecol_translate,97,11365,492954,hh_hl_unlink_plinko_0252,assets/targets/lh_hl_unlink_plinko_0036/col_early_basered.jpg,col_early_translate,100,239560,778557,lh_hl_unlink_plinko_0036,assets/targets/lh_hl_unlink_plinko_0111/col_late_basered.jpg,col_late_translate,100,12418,828302,lh_hl_unlink_plinko_0111,assets/targets/lh_ll_unlink_plinko_0060/col_late_basered.jpg,col_late_translate,100,7259,861578,lh_ll_unlink_plinko_0060,assets/targets/hh_hl_unlink_plinko_0240/maybecol_basered.jpg,maybecol_translate,100,4584,890958,hh_hl_unlink_plinko_0240,assets/targets/hh_hl_unlink_plinko_0246/nocol_basered.jpg,nocol_translate,0,9921,936693,hh_hl_unlink_plinko_0246,assets/targets/hh_hl_unlink_plinko_0105/maybecol_basered.jpg,maybecol_translate,0,7881,1035689,hh_hl_unlink_plinko_0105,assets/targets/lh_ll_unlink_plinko_0155/col_early_basered.jpg,col_early_translate,100,5481,1058332,lh_ll_unlink_plinko_0155,assets/targets/lh_hl_unlink_plinko_0049/nocol_basered.jpg,nocol_translate,0,7352,1095205,lh_hl_unlink_plinko_0049,assets/targets/hh_hl_unlink_plinko_0269/col_early_basered.jpg,col_early_translate,100,6864,1123741,hh_hl_unlink_plinko_0269,assets/targets/hh_hl_unlink_plinko_0202/maybecol_basered.jpg,maybecol_translate,100,7487,1157212,hh_hl_unlink_plinko_0202,63972c71f83340241c366b6a
assets/targets/hh_hl_unlink_plinko_0269/col_early_basered.jpg,col_early_translate,92,30054,195580,hh_hl_unlink_plinko_0269,assets/targets/lh_ll_unlink_plinko_0091/col_late_basered.jpg,col_late_translate,100,10760,250647,lh_ll_unlink_plinko_0091,assets/targets/hh_hl_unlink_plinko_0246/maybecol_basered.jpg,maybecol_translate,100,4814,352741,hh_hl_unlink_plinko_0246,assets/targets/lh_hl_unlink_plinko_0036/col_early_basered.jpg,col_early_translate,100,4622,415809,lh_hl_unlink_plinko_0036,assets/targets/hh_hl_unlink_plinko_0252/maybecol_basered.jpg,maybecol_translate,26,5342,457931,hh_hl_unlink_plinko_0252,assets/targets/hh_hl_unlink_plinko_0393/col_early_basered.jpg,col_early_translate,74,4656,505459,hh_hl_unlink_plinko_0393,assets/targets/lh_hl_unlink_plinko_0110/col_late_basered.jpg,col_late_translate,100,4764,547936,lh_hl_unlink_plinko_0110,assets/targets/lh_ll_unlink_plinko_0155/nocol_basered.jpg,nocol_translate,68,7038,595081,lh_ll_unlink_plinko_0155,assets/targets/hh_hl_unlink_plinko_0202/nocol_basered.jpg,nocol_translate,15,8409,627887,hh_hl_unlink_plinko_0202,assets/targets/hh_hl_unlink_plinko_0105/nocol_basered.jpg,nocol_translate,0,6974,656703,hh_hl_unlink_plinko_0105,assets/targets/lh_ll_unlink_plinko_0217/col_early_basered.jpg,col_early_translate,100,4641,686825,lh_ll_unlink_plinko_0217,assets/targets/lh_hl_unlink_plinko_0049/col_late_basered.jpg,col_late_translate,75,8337,721347,lh_hl_unlink_plinko_0049,assets/targets/lh_ll_unlink_plinko_0060/nocol_basered.jpg,nocol_translate,0,5381,750676,lh_ll_unlink_plinko_0060,assets/targets/hh_hl_unlink_plinko_0240/maybecol_basered.jpg,maybecol_translate,62,5146,784190,hh_hl_unlink_plinko_0240,assets/targets/hh_hl_unlink_plinko_0315/maybecol_basered.jpg,maybecol_translate,100,4534,810669,hh_hl_unlink_plinko_0315,assets/targets/lh_hl_unlink_plinko_0111/col_late_basered.jpg,col_late_translate,74,7613,842448,lh_hl_unlink_plinko_0111,5dd06ed53c870a1526a78264
assets/targets/lh_ll_unlink_plinko_0091/col_late_basered.jpg,col_late_translate,74,17487,394805,lh_ll_unlink_plinko_0091,assets/targets/hh_hl_unlink_plinko_0240/nocol_basered.jpg,nocol_translate,24,142060,570431,hh_hl_unlink_plinko_0240,assets/targets/hh_hl_unlink_plinko_0202/nocol_basered.jpg,nocol_translate,5,5367,652199,hh_hl_unlink_plinko_0202,assets/targets/hh_hl_unlink_plinko_0315/col_early_basered.jpg,col_early_translate,97,27427,697840,hh_hl_unlink_plinko_0315,assets/targets/hh_hl_unlink_plinko_0252/maybecol_basered.jpg,maybecol_translate,66,5679,726628,hh_hl_unlink_plinko_0252,assets/targets/hh_hl_unlink_plinko_0393/col_early_basered.jpg,col_early_translate,99,5329,845120,hh_hl_unlink_plinko_0393,assets/targets/hh_hl_unlink_plinko_0246/maybecol_basered.jpg,maybecol_translate,65,7190,1113092,hh_hl_unlink_plinko_0246,assets/targets/lh_ll_unlink_plinko_0060/col_early_basered.jpg,col_early_translate,100,41773,1203340,lh_ll_unlink_plinko_0060,assets/targets/hh_hl_unlink_plinko_0105/maybecol_basered.jpg,maybecol_translate,75,6021,1234667,hh_hl_unlink_plinko_0105,assets/targets/lh_hl_unlink_plinko_0110/nocol_basered.jpg,nocol_translate,0,4039,1253700,lh_hl_unlink_plinko_0110,assets/targets/lh_ll_unlink_plinko_0155/col_late_basered.jpg,col_late_translate,86,7172,1279036,lh_ll_unlink_plinko_0155,assets/targets/lh_hl_unlink_plinko_0036/col_early_basered.jpg,col_early_translate,87,3721,1300255,lh_hl_unlink_plinko_0036,assets/targets/lh_hl_unlink_plinko_0049/col_late_basered.jpg,col_late_translate,74,5396,1346928,lh_hl_unlink_plinko_0049,assets/targets/hh_hl_unlink_plinko_0269/maybecol_basered.jpg,maybecol_translate,64,5012,1371629,hh_hl_unlink_plinko_0269,assets/targets/lh_ll_unlink_plinko_0217/col_late_basered.jpg,col_late_translate,57,14076,1404085,lh_ll_unlink_plinko_0217,assets/targets/lh_hl_unlink_plinko_0111/nocol_basered.jpg,nocol_translate,35,3580,1458729,lh_hl_unlink_plinko_0111,60c837327440575481e333ce
assets/targets/hh_hl_unlink_plinko_0246/maybecol_basered.jpg,maybecol_translate,0,49883,370321,hh_hl_unlink_plinko_0246,assets/targets/hh_hl_unlink_plinko_0202/nocol_basered.jpg,nocol_translate,0,31746,493573,hh_hl_unlink_plinko_0202,assets/targets/hh_hl_unlink_plinko_0269/col_early_basered.jpg,col_early_translate,100,14950,552383,hh_hl_unlink_plinko_0269,assets/targets/hh_hl_unlink_plinko_0105/maybecol_basered.jpg,maybecol_translate,0,20217,602397,hh_hl_unlink_plinko_0105,assets/targets/lh_hl_unlink_plinko_0110/col_late_basered.jpg,col_late_translate,100,11531,643302,lh_hl_unlink_plinko_0110,assets/targets/lh_hl_unlink_plinko_0111/nocol_basered.jpg,nocol_translate,0,12636,699581,lh_hl_unlink_plinko_0111,assets/targets/lh_hl_unlink_plinko_0049/col_early_basered.jpg,col_early_translate,100,18239,748954,lh_hl_unlink_plinko_0049,assets/targets/lh_ll_unlink_plinko_0060/col_late_basered.jpg,col_late_translate,100,13337,802297,lh_ll_unlink_plinko_0060,assets/targets/lh_ll_unlink_plinko_0091/col_late_basered.jpg,col_late_translate,100,11277,863366,lh_ll_unlink_plinko_0091,assets/targets/hh_hl_unlink_plinko_0393/maybecol_basered.jpg,maybecol_translate,1,16385,919666,hh_hl_unlink_plinko_0393,assets/targets/hh_hl_unlink_plinko_0252/nocol_basered.jpg,nocol_translate,0,15230,968760,hh_hl_unlink_plinko_0252,assets/targets/hh_hl_unlink_plinko_0315/col_early_basered.jpg,col_early_translate,100,14243,1018030,hh_hl_unlink_plinko_0315,assets/targets/lh_ll_unlink_plinko_0155/col_late_basered.jpg,col_late_translate,3,19911,1066224,lh_ll_unlink_plinko_0155,assets/targets/lh_ll_unlink_plinko_0217/nocol_basered.jpg,nocol_translate,0,12676,1110402,lh_ll_unlink_plinko_0217,assets/targets/lh_hl_unlink_plinko_0036/col_early_basered.jpg,col_early_translate,100,9651,1168823,lh_hl_unlink_plinko_0036,assets/targets/hh_hl_unlink_plinko_0240/maybecol_basered.jpg,maybecol_translate,100,22194,1233711,hh_hl_unlink_plinko_0240,5e567cd58e4500024e8d096c
assets/targets/lh_ll_unlink_plinko_0060/col_early_basered.jpg,col_early_translate,100,14556,144269,lh_ll_unlink_plinko_0060,assets/targets/hh_hl_unlink_plinko_0269/col_early_basered.jpg,col_early_translate,100,20442,188667,hh_hl_unlink_plinko_0269,assets/targets/lh_hl_unlink_plinko_0036/col_late_basered.jpg,col_late_translate,24,60201,470377,lh_hl_unlink_plinko_0036,assets/targets/hh_hl_unlink_plinko_0315/nocol_basered.jpg,nocol_translate,2,8817,496873,hh_hl_unlink_plinko_0315,assets/targets/hh_hl_unlink_plinko_0240/maybecol_basered.jpg,maybecol_translate,96,5275,572396,hh_hl_unlink_plinko_0240,assets/targets/hh_hl_unlink_plinko_0252/nocol_basered.jpg,nocol_translate,34,5455,593839,hh_hl_unlink_plinko_0252,assets/targets/hh_hl_unlink_plinko_0105/maybecol_basered.jpg,maybecol_translate,2,4434,616046,hh_hl_unlink_plinko_0105,assets/targets/lh_hl_unlink_plinko_0110/col_late_basered.jpg,col_late_translate,89,3507,631890,lh_hl_unlink_plinko_0110,assets/targets/hh_hl_unlink_plinko_0246/maybecol_basered.jpg,maybecol_translate,22,3712,651110,hh_hl_unlink_plinko_0246,assets/targets/lh_hl_unlink_plinko_0111/nocol_basered.jpg,nocol_translate,1,3967,672521,lh_hl_unlink_plinko_0111,assets/targets/lh_ll_unlink_plinko_0217/nocol_basered.jpg,nocol_translate,19,5147,693325,lh_ll_unlink_plinko_0217,assets/targets/lh_ll_unlink_plinko_0091/col_late_basered.jpg,col_late_translate,100,4317,713230,lh_ll_unlink_plinko_0091,assets/targets/lh_ll_unlink_plinko_0155/col_late_basered.jpg,col_late_translate,100,4470,730448,lh_ll_unlink_plinko_0155,assets/targets/lh_hl_unlink_plinko_0049/col_early_basered.jpg,col_early_translate,100,3630,769993,lh_hl_unlink_plinko_0049,assets/targets/hh_hl_unlink_plinko_0393/maybecol_basered.jpg,maybecol_translate,56,3786,792537,hh_hl_unlink_plinko_0393,assets/targets/hh_hl_unlink_plinko_0202/col_early_basered.jpg,col_early_translate,100,4470,812279,hh_hl_unlink_plinko_0202,61084c1b17317cb726b6cd29
assets/targets/lh_ll_unlink_plinko_0060/col_late_basered.jpg,col_late_translate,100,48472,292413,lh_ll_unlink_plinko_0060,assets/targets/lh_hl_unlink_plinko_0049/col_early_basered.jpg,col_early_translate,100,17645,357750,lh_hl_unlink_plinko_0049,assets/targets/lh_hl_unlink_plinko_0036/nocol_basered.jpg,nocol_translate,0,19045,405165,lh_hl_unlink_plinko_0036,assets/targets/hh_hl_unlink_plinko_0393/nocol_basered.jpg,nocol_translate,0,14751,470988,hh_hl_unlink_plinko_0393,assets/targets/lh_ll_unlink_plinko_0091/col_late_basered.jpg,col_late_translate,100,43207,545405,lh_ll_unlink_plinko_0091,assets/targets/hh_hl_unlink_plinko_0252/maybecol_basered.jpg,maybecol_translate,100,68845,665246,hh_hl_unlink_plinko_0252,assets/targets/hh_hl_unlink_plinko_0246/maybecol_basered.jpg,maybecol_translate,100,186742,1111078,hh_hl_unlink_plinko_0246,assets/targets/hh_hl_unlink_plinko_0105/nocol_basered.jpg,nocol_translate,0,12565,1233094,hh_hl_unlink_plinko_0105,assets/targets/lh_ll_unlink_plinko_0155/nocol_basered.jpg,nocol_translate,0,296734,1694696,lh_ll_unlink_plinko_0155,assets/targets/hh_hl_unlink_plinko_0269/col_early_basered.jpg,col_early_translate,100,41849,1781447,hh_hl_unlink_plinko_0269,assets/targets/lh_hl_unlink_plinko_0110/col_late_basered.jpg,col_late_translate,100,196127,2140679,lh_hl_unlink_plinko_0110,assets/targets/lh_hl_unlink_plinko_0111/col_late_basered.jpg,col_late_translate,100,39015,2223023,lh_hl_unlink_plinko_0111,assets/targets/hh_hl_unlink_plinko_0202/maybecol_basered.jpg,maybecol_translate,100,36702,2327480,hh_hl_unlink_plinko_0202,assets/targets/lh_ll_unlink_plinko_0217/col_early_basered.jpg,col_early_translate,100,19768,2376192,lh_ll_unlink_plinko_0217,assets/targets/hh_hl_unlink_plinko_0315/col_early_basered.jpg,col_early_translate,100,12384,2415927,hh_hl_unlink_plinko_0315,assets/targets/hh_hl_unlink_plinko_0240/maybecol_basered.jpg,maybecol_translate,100,10912,2448271,hh_hl_unlink_plinko_0240,5facc4201f33582f15dcf9bf
assets/targets/lh_ll_unlink_plinko_0217/col_late_basered.jpg,col_late_translate,78,56768,346832,lh_ll_unlink_plinko_0217,assets/targets/hh_hl_unlink_plinko_0246/maybecol_basered.jpg,maybecol_translate,0,52129,536630,hh_hl_unlink_plinko_0246,assets/targets/lh_hl_unlink_plinko_0110/col_late_basered.jpg,col_late_translate,100,30723,730908,lh_hl_unlink_plinko_0110,assets/targets/hh_hl_unlink_plinko_0202/maybecol_basered.jpg,maybecol_translate,50,44375,895496,hh_hl_unlink_plinko_0202,assets/targets/hh_hl_unlink_plinko_0252/col_early_basered.jpg,col_early_translate,100,15197,1034472,hh_hl_unlink_plinko_0252,assets/targets/lh_ll_unlink_plinko_0060/nocol_basered.jpg,nocol_translate,10,26457,1160159,lh_ll_unlink_plinko_0060,assets/targets/lh_hl_unlink_plinko_0111/col_early_basered.jpg,col_early_translate,100,15770,1309494,lh_hl_unlink_plinko_0111,assets/targets/lh_hl_unlink_plinko_0036/col_early_basered.jpg,col_early_translate,100,17066,1434182,lh_hl_unlink_plinko_0036,assets/targets/lh_ll_unlink_plinko_0091/col_late_basered.jpg,col_late_translate,93,27360,1535395,lh_ll_unlink_plinko_0091,assets/targets/hh_hl_unlink_plinko_0105/col_early_basered.jpg,col_early_translate,100,15324,1649294,hh_hl_unlink_plinko_0105,assets/targets/lh_ll_unlink_plinko_0155/nocol_basered.jpg,nocol_translate,0,15847,1750282,lh_ll_unlink_plinko_0155,assets/targets/hh_hl_unlink_plinko_0240/maybecol_basered.jpg,maybecol_translate,90,24847,1860601,hh_hl_unlink_plinko_0240,assets/targets/hh_hl_unlink_plinko_0393/nocol_basered.jpg,nocol_translate,0,17299,1966221,hh_hl_unlink_plinko_0393,assets/targets/hh_hl_unlink_plinko_0269/nocol_basered.jpg,nocol_translate,0,19985,2082355,hh_hl_unlink_plinko_0269,assets/targets/lh_hl_unlink_plinko_0049/col_late_basered.jpg,col_late_translate,100,14326,2181747,lh_hl_unlink_plinko_0049,assets/targets/hh_hl_unlink_plinko_0315/maybecol_basered.jpg,maybecol_translate,100,153787,2425898,hh_hl_unlink_plinko_0315,63851c4704abc2c8d096c2f4
assets/targets/lh_hl_unlink_plinko_0110/nocol_basered.jpg,nocol_translate,44,7892,141091,lh_hl_unlink_plinko_0110,assets/targets/hh_hl_unlink_plinko_0269/nocol_basered.jpg,nocol_translate,18,25551,205331,hh_hl_unlink_plinko_0269,assets/targets/lh_ll_unlink_plinko_0217/col_late_basered.jpg,col_late_translate,12,21036,272653,lh_ll_unlink_plinko_0217,assets/targets/hh_hl_unlink_plinko_0105/col_early_basered.jpg,col_early_translate,20,24719,332313,hh_hl_unlink_plinko_0105,assets/targets/lh_ll_unlink_plinko_0155/col_early_basered.jpg,col_early_translate,62,19181,388797,lh_ll_unlink_plinko_0155,assets/targets/lh_hl_unlink_plinko_0111/col_late_basered.jpg,col_late_translate,64,14435,439744,lh_hl_unlink_plinko_0111,assets/targets/hh_hl_unlink_plinko_0315/maybecol_basered.jpg,maybecol_translate,71,13452,493203,hh_hl_unlink_plinko_0315,assets/targets/lh_ll_unlink_plinko_0091/nocol_basered.jpg,nocol_translate,80,19529,557395,lh_ll_unlink_plinko_0091,assets/targets/hh_hl_unlink_plinko_0393/maybecol_basered.jpg,maybecol_translate,72,13934,611107,hh_hl_unlink_plinko_0393,assets/targets/hh_hl_unlink_plinko_0252/maybecol_basered.jpg,maybecol_translate,74,10644,660920,hh_hl_unlink_plinko_0252,assets/targets/lh_hl_unlink_plinko_0049/col_late_basered.jpg,col_late_translate,77,20313,717901,lh_hl_unlink_plinko_0049,assets/targets/lh_hl_unlink_plinko_0036/col_late_basered.jpg,col_late_translate,70,16969,770999,lh_hl_unlink_plinko_0036,assets/targets/hh_hl_unlink_plinko_0246/maybecol_basered.jpg,maybecol_translate,83,11864,829297,hh_hl_unlink_plinko_0246,assets/targets/hh_hl_unlink_plinko_0240/col_early_basered.jpg,col_early_translate,83,24792,897492,hh_hl_unlink_plinko_0240,assets/targets/lh_ll_unlink_plinko_0060/col_early_basered.jpg,col_early_translate,71,8270,942867,lh_ll_unlink_plinko_0060,assets/targets/hh_hl_unlink_plinko_0202/nocol_basered.jpg,nocol_translate,68,15630,999039,hh_hl_unlink_plinko_0202,5c510b41e459660001e38861
