alpha_d,alpha_h,decay,r2
0.0,-1.0,0.0,0.641853947537048
0.0,-0.736842105263158,0.0,0.6927397759788448
0.0,-0.4736842105263158,0.0,0.7186501903104788
0.0,-0.21052631578947367,0.0,0.7391768893413933
0.0,0.05263157894736836,0.0,0.610826876816088
0.0,0.3157894736842104,0.0,0.5203738697382627
0.0,0.5789473684210527,0.0,0.46090973496094706
0.0,0.8421052631578947,0.0,0.4051459824109798
0.0,1.1052631578947367,0.0,0.37164882670276206
0.0,1.3684210526315788,0.0,0.35086837891591305
0.0,1.6315789473684208,0.0,0.33801182753527925
0.0,1.8947368421052628,0.0,0.3336519853759841
0.0,2.1578947368421053,0.0,0.3364367313360583
0.0,2.4210526315789473,0.0,0.31910347809769063
0.0,2.6842105263157894,0.0,0.309519817904838
0.0,2.9473684210526314,0.0,0.31394399940178713
0.0,3.2105263157894735,0.0,0.315319919672106
0.0,3.473684210526316,0.0,0.3040346751275157
0.0,3.7368421052631575,0.0,0.3091899163134422
0.0,4.0,0.0,0.3022248452416988
0.21052631578947367,-1.0,0.0,0.7345747857995643
0.21052631578947367,-0.736842105263158,0.0,0.7651584470507216
0.21052631578947367,-0.4736842105263158,0.0,0.7679552626625871
0.21052631578947367,-0.21052631578947367,0.0,0.7217229353078914
0.21052631578947367,0.05263157894736836,0.0,0.605748862998848
0.21052631578947367,0.3157894736842104,0.0,0.5501003050495616
0.21052631578947367,0.5789473684210527,0.0,0.47903186984316065
0.21052631578947367,0.8421052631578947,0.0,0.44109432975631535
0.21052631578947367,1.1052631578947367,0.0,0.39971905701987387
0.21052631578947367,1.3684210526315788,0.0,0.3892161573402067
0.21052631578947367,1.6315789473684208,0.0,0.36682088411765573
0.21052631578947367,1.8947368421052628,0.0,0.3533120101497201
0.21052631578947367,2.1578947368421053,0.0,0.3382671113852098
0.21052631578947367,2.4210526315789473,0.0,0.3369663500429097
0.21052631578947367,2.6842105263157894,0.0,0.33942039633244675
0.21052631578947367,2.9473684210526314,0.0,0.32108532881089485
0.21052631578947367,3.2105263157894735,0.0,0.32154954181058765
0.21052631578947367,3.473684210526316,0.0,0.31831499478836334
0.21052631578947367,3.7368421052631575,0.0,0.30846391153418806
0.21052631578947367,4.0,0.0,0.30729253675353907
0.42105263157894735,-1.0,0.0,0.7612628704192917
0.42105263157894735,-0.736842105263158,0.0,0.7467449753641581
0.42105263157894735,-0.4736842105263158,0.0,0.7273987429943383
0.42105263157894735,-0.21052631578947367,0.0,0.6499893386839182
0.42105263157894735,0.05263157894736836,0.0,0.6254226700435601
0.42105263157894735,0.3157894736842104,0.0,0.5777940172089825
0.42105263157894735,0.5789473684210527,0.0,0.5064169764026628
0.42105263157894735,0.8421052631578947,0.0,0.4601788341574526
0.42105263157894735,1.1052631578947367,0.0,0.4301574757937213
0.42105263157894735,1.3684210526315788,0.0,0.4024041161138855
0.42105263157894735,1.6315789473684208,0.0,0.38308231371411133
0.42105263157894735,1.8947368421052628,0.0,0.3643097095943065
0.42105263157894735,2.1578947368421053,0.0,0.3625340697899963
0.42105263157894735,2.4210526315789473,0.0,0.36176197913897606
0.42105263157894735,2.6842105263157894,0.0,0.3536168151375
0.42105263157894735,2.9473684210526314,0.0,0.3418567436520396
0.42105263157894735,3.2105263157894735,0.0,0.34253094345294777
0.42105263157894735,3.473684210526316,0.0,0.33332511376888546
0.42105263157894735,3.7368421052631575,0.0,0.325431890186975
0.42105263157894735,4.0,0.0,0.3233915405071351
0.631578947368421,-1.0,0.0,0.7211444108421171
0.631578947368421,-0.736842105263158,0.0,0.7170912214651524
0.631578947368421,-0.4736842105263158,0.0,0.6629497123553498
0.631578947368421,-0.21052631578947367,0.0,0.6413935269003498
0.631578947368421,0.05263157894736836,0.0,0.6115979317695073
0.631578947368421,0.3157894736842104,0.0,0.5688506906546078
0.631578947368421,0.5789473684210527,0.0,0.5417805927160071
0.631578947368421,0.8421052631578947,0.0,0.5000761712089546
0.631578947368421,1.1052631578947367,0.0,0.45727875007575874
0.631578947368421,1.3684210526315788,0.0,0.42147606079110445
0.631578947368421,1.6315789473684208,0.0,0.40875794748809413
0.631578947368421,1.8947368421052628,0.0,0.3960844102857877
0.631578947368421,2.1578947368421053,0.0,0.3830646104104939
0.631578947368421,2.4210526315789473,0.0,0.3738980152772086
0.631578947368421,2.6842105263157894,0.0,0.3555890813015905
0.631578947368421,2.9473684210526314,0.0,0.3572793874049882
0.631578947368421,3.2105263157894735,0.0,0.3501093264085825
0.631578947368421,3.473684210526316,0.0,0.34517754472880535
0.631578947368421,3.7368421052631575,0.0,0.3399417083992603
0.631578947368421,4.0,0.0,0.3432915583197525
0.8421052631578947,-1.0,0.0,0.6865232490830067
0.8421052631578947,-0.736842105263158,0.0,0.6648671879358788
0.8421052631578947,-0.4736842105263158,0.0,0.634505887172402
0.8421052631578947,-0.21052631578947367,0.0,0.6007673548144884
0.8421052631578947,0.05263157894736836,0.0,0.5962894402412109
0.8421052631578947,0.3157894736842104,0.0,0.5602706362840063
0.8421052631578947,0.5789473684210527,0.0,0.549741559945281
0.8421052631578947,0.8421052631578947,0.0,0.5119395093425207
0.8421052631578947,1.1052631578947367,0.0,0.48159591361666076
0.8421052631578947,1.3684210526315788,0.0,0.44044150359633044
0.8421052631578947,1.6315789473684208,0.0,0.4128984216345961
0.8421052631578947,1.8947368421052628,0.0,0.4032472777768456
0.8421052631578947,2.1578947368421053,0.0,0.3846019226502393
0.8421052631578947,2.4210526315789473,0.0,0.38100335972694876
0.8421052631578947,2.6842105263157894,0.0,0.37238028454201044
0.8421052631578947,2.9473684210526314,0.0,0.36155286319854113
0.8421052631578947,3.2105263157894735,0.0,0.35032907370541944
0.8421052631578947,3.473684210526316,0.0,0.3541931242746276
0.8421052631578947,3.7368421052631575,0.0,0.3463824300126812
0.8421052631578947,4.0,0.0,0.36214378794542595
1.0526315789473684,-1.0,0.0,0.6352109039684898
1.0526315789473684,-0.736842105263158,0.0,0.6110616475944336
1.0526315789473684,-0.4736842105263158,0.0,0.5965905279034487
1.0526315789473684,-0.21052631578947367,0.0,0.5834465954928266
1.0526315789473684,0.05263157894736836,0.0,0.5610941896952069
1.0526315789473684,0.3157894736842104,0.0,0.549281704853268
1.0526315789473684,0.5789473684210527,0.0,0.5466569576818634
1.0526315789473684,0.8421052631578947,0.0,0.5385117370200773
1.0526315789473684,1.1052631578947367,0.0,0.5077436643068352
1.0526315789473684,1.3684210526315788,0.0,0.47190548916276004
1.0526315789473684,1.6315789473684208,0.0,0.4382027893534552
1.0526315789473684,1.8947368421052628,0.0,0.4237438052854668
1.0526315789473684,2.1578947368421053,0.0,0.38855924047027435
1.0526315789473684,2.4210526315789473,0.0,0.3855081034681094
1.0526315789473684,2.6842105263157894,0.0,0.37455264141465805
1.0526315789473684,2.9473684210526314,0.0,0.36441485012935587
1.0526315789473684,3.2105263157894735,0.0,0.3575639814035439
1.0526315789473684,3.473684210526316,0.0,0.3587876961900426
1.0526315789473684,3.7368421052631575,0.0,0.35300218553236884
1.0526315789473684,4.0,0.0,0.35692908859411243
1.263157894736842,-1.0,0.0,0.6057781074584653
1.263157894736842,-0.736842105263158,0.0,0.5942046094078287
1.263157894736842,-0.4736842105263158,0.0,0.580675864931439
1.263157894736842,-0.21052631578947367,0.0,0.5652001214264366
1.263157894736842,0.05263157894736836,0.0,0.5636414284199267
1.263157894736842,0.3157894736842104,0.0,0.5471480339692316
1.263157894736842,0.5789473684210527,0.0,0.543861074108839
1.263157894736842,0.8421052631578947,0.0,0.5570052099568725
1.263157894736842,1.1052631578947367,0.0,0.5442729089903794
1.263157894736842,1.3684210526315788,0.0,0.5027964242472495
1.263157894736842,1.6315789473684208,0.0,0.47063913850717337
1.263157894736842,1.8947368421052628,0.0,0.4303010176903569
1.263157894736842,2.1578947368421053,0.0,0.40949027292986895
1.263157894736842,2.4210526315789473,0.0,0.39248808680293584
1.263157894736842,2.6842105263157894,0.0,0.3846235000572038
1.263157894736842,2.9473684210526314,0.0,0.3737380286584126
1.263157894736842,3.2105263157894735,0.0,0.374708225346748
1.263157894736842,3.473684210526316,0.0,0.35844268557450454
1.263157894736842,3.7368421052631575,0.0,0.36215469736142053
1.263157894736842,4.0,0.0,0.35141023559555734
1.4736842105263157,-1.0,0.0,0.5656109752101699
1.4736842105263157,-0.736842105263158,0.0,0.5650648315480301
1.4736842105263157,-0.4736842105263158,0.0,0.5438860981550397
1.4736842105263157,-0.21052631578947367,0.0,0.5450668956772339
1.4736842105263157,0.05263157894736836,0.0,0.5391387238394171
1.4736842105263157,0.3157894736842104,0.0,0.5389867130269926
1.4736842105263157,0.5789473684210527,0.0,0.5479042032371855
1.4736842105263157,0.8421052631578947,0.0,0.5504600934889338
1.4736842105263157,1.1052631578947367,0.0,0.5570999277263208
1.4736842105263157,1.3684210526315788,0.0,0.5303048063537273
1.4736842105263157,1.6315789473684208,0.0,0.4965953488266458
1.4736842105263157,1.8947368421052628,0.0,0.452007608744028
1.4736842105263157,2.1578947368421053,0.0,0.42374995688148165
1.4736842105263157,2.4210526315789473,0.0,0.40141847709064404
1.4736842105263157,2.6842105263157894,0.0,0.3896041833153213
1.4736842105263157,2.9473684210526314,0.0,0.38077885554242763
1.4736842105263157,3.2105263157894735,0.0,0.3746635708457947
1.4736842105263157,3.473684210526316,0.0,0.3599722698951197
1.4736842105263157,3.7368421052631575,0.0,0.362179419475424
1.4736842105263157,4.0,0.0,0.3668314263187232
1.6842105263157894,-1.0,0.0,0.5478544366401894
1.6842105263157894,-0.736842105263158,0.0,0.5425544204398582
1.6842105263157894,-0.4736842105263158,0.0,0.5354240875705093
1.6842105263157894,-0.21052631578947367,0.0,0.533878436071616
1.6842105263157894,0.05263157894736836,0.0,0.5242776635575216
1.6842105263157894,0.3157894736842104,0.0,0.528412098982076
1.6842105263157894,0.5789473684210527,0.0,0.5415534796215231
1.6842105263157894,0.8421052631578947,0.0,0.5428360924584849
1.6842105263157894,1.1052631578947367,0.0,0.5401231891733657
1.6842105263157894,1.3684210526315788,0.0,0.5390623406881313
1.6842105263157894,1.6315789473684208,0.0,0.5289475217860332
1.6842105263157894,1.8947368421052628,0.0,0.4686681570682684
1.6842105263157894,2.1578947368421053,0.0,0.44044013002468246
1.6842105263157894,2.4210526315789473,0.0,0.4163578356585597
1.6842105263157894,2.6842105263157894,0.0,0.3942015250567675
1.6842105263157894,2.9473684210526314,0.0,0.3944583454753849
1.6842105263157894,3.2105263157894735,0.0,0.37725705823666394
1.6842105263157894,3.473684210526316,0.0,0.369182840424591
1.6842105263157894,3.7368421052631575,0.0,0.36962541027521967
1.6842105263157894,4.0,0.0,0.364218186377507
1.894736842105263,-1.0,0.0,0.5411869701167524
1.894736842105263,-0.736842105263158,0.0,0.5331945819972782
1.894736842105263,-0.4736842105263158,0.0,0.5260167389347165
1.894736842105263,-0.21052631578947367,0.0,0.5275098976057413
1.894736842105263,0.05263157894736836,0.0,0.5269325176329472
1.894736842105263,0.3157894736842104,0.0,0.5195200256653613
1.894736842105263,0.5789473684210527,0.0,0.5227014210427076
1.894736842105263,0.8421052631578947,0.0,0.5383644137523237
1.894736842105263,1.1052631578947367,0.0,0.5411072756493087
1.894736842105263,1.3684210526315788,0.0,0.5381415213993332
1.894736842105263,1.6315789473684208,0.0,0.5516436546554105
1.894736842105263,1.8947368421052628,0.0,0.5132196817079895
1.894736842105263,2.1578947368421053,0.0,0.47148193785162584
1.894736842105263,2.4210526315789473,0.0,0.44351646426239416
1.894736842105263,2.6842105263157894,0.0,0.4268162208456607
1.894736842105263,2.9473684210526314,0.0,0.4006323126090894
1.894736842105263,3.2105263157894735,0.0,0.3870494717639626
1.894736842105263,3.473684210526316,0.0,0.3664347138524732
1.894736842105263,3.7368421052631575,0.0,0.3679226171601573
1.894736842105263,4.0,0.0,0.36960594818111353
2.1052631578947367,-1.0,0.0,0.5435834272794865
2.1052631578947367,-0.736842105263158,0.0,0.53544541622298
2.1052631578947367,-0.4736842105263158,0.0,0.5277084205518445
2.1052631578947367,-0.21052631578947367,0.0,0.5327974629952922
2.1052631578947367,0.05263157894736836,0.0,0.5288019566221547
2.1052631578947367,0.3157894736842104,0.0,0.5287764574316955
2.1052631578947367,0.5789473684210527,0.0,0.5280427674160448
2.1052631578947367,0.8421052631578947,0.0,0.5275527754755406
2.1052631578947367,1.1052631578947367,0.0,0.5365144117500922
2.1052631578947367,1.3684210526315788,0.0,0.5428160911209492
2.1052631578947367,1.6315789473684208,0.0,0.55777656548016
2.1052631578947367,1.8947368421052628,0.0,0.5307131628679995
2.1052631578947367,2.1578947368421053,0.0,0.501412515489684
2.1052631578947367,2.4210526315789473,0.0,0.4562094705495398
2.1052631578947367,2.6842105263157894,0.0,0.432888398420701
2.1052631578947367,2.9473684210526314,0.0,0.40503252581136506
2.1052631578947367,3.2105263157894735,0.0,0.3893953661357926
2.1052631578947367,3.473684210526316,0.0,0.36941833194381873
2.1052631578947367,3.7368421052631575,0.0,0.3836538634689952
2.1052631578947367,4.0,0.0,0.36598427472686285
2.3157894736842106,-1.0,0.0,0.5336308714542826
2.3157894736842106,-0.736842105263158,0.0,0.5305599720969145
2.3157894736842106,-0.4736842105263158,0.0,0.5360464506342573
2.3157894736842106,-0.21052631578947367,0.0,0.5238111932891663
2.3157894736842106,0.05263157894736836,0.0,0.5191600022021136
2.3157894736842106,0.3157894736842104,0.0,0.526528815097224
2.3157894736842106,0.5789473684210527,0.0,0.5294827821221206
2.3157894736842106,0.8421052631578947,0.0,0.5261944086516519
2.3157894736842106,1.1052631578947367,0.0,0.5296419928017829
2.3157894736842106,1.3684210526315788,0.0,0.5393466728300405
2.3157894736842106,1.6315789473684208,0.0,0.5351373709462958
2.3157894736842106,1.8947368421052628,0.0,0.5497215608106565
2.3157894736842106,2.1578947368421053,0.0,0.5422560929592181
2.3157894736842106,2.4210526315789473,0.0,0.49829714160992544
2.3157894736842106,2.6842105263157894,0.0,0.4685107950726816
2.3157894736842106,2.9473684210526314,0.0,0.43215273068331855
2.3157894736842106,3.2105263157894735,0.0,0.40881029934460067
2.3157894736842106,3.473684210526316,0.0,0.39162926353224453
2.3157894736842106,3.7368421052631575,0.0,0.3749365482690458
2.3157894736842106,4.0,0.0,0.379322960424506
2.526315789473684,-1.0,0.0,0.5321687946464209
2.526315789473684,-0.736842105263158,0.0,0.5326076265572552
2.526315789473684,-0.4736842105263158,0.0,0.5248546911486267
2.526315789473684,-0.21052631578947367,0.0,0.5302475991064629
2.526315789473684,0.05263157894736836,0.0,0.5375349513203939
2.526315789473684,0.3157894736842104,0.0,0.521921128786862
2.526315789473684,0.5789473684210527,0.0,0.52204375296185
2.526315789473684,0.8421052631578947,0.0,0.5306526709004569
2.526315789473684,1.1052631578947367,0.0,0.5323419673284747
2.526315789473684,1.3684210526315788,0.0,0.5321520136861906
2.526315789473684,1.6315789473684208,0.0,0.538035259621434
2.526315789473684,1.8947368421052628,0.0,0.54648996819803
2.526315789473684,2.1578947368421053,0.0,0.5396059295051275
2.526315789473684,2.4210526315789473,0.0,0.5337340219752457
2.526315789473684,2.6842105263157894,0.0,0.4910617420343808
2.526315789473684,2.9473684210526314,0.0,0.4531659977607649
2.526315789473684,3.2105263157894735,0.0,0.42420722069972766
2.526315789473684,3.473684210526316,0.0,0.4056970965648013
2.526315789473684,3.7368421052631575,0.0,0.3980778958331608
2.526315789473684,4.0,0.0,0.3819973499279801
2.7368421052631575,-1.0,0.0,0.5263767352838903
2.7368421052631575,-0.736842105263158,0.0,0.5278125623928461
2.7368421052631575,-0.4736842105263158,0.0,0.5230842223641786
2.7368421052631575,-0.21052631578947367,0.0,0.519012814446507
2.7368421052631575,0.05263157894736836,0.0,0.5243156279063489
2.7368421052631575,0.3157894736842104,0.0,0.5216766258839857
2.7368421052631575,0.5789473684210527,0.0,0.518613980698494
2.7368421052631575,0.8421052631578947,0.0,0.5121508334535178
2.7368421052631575,1.1052631578947367,0.0,0.5214067712284772
2.7368421052631575,1.3684210526315788,0.0,0.5331343079840056
2.7368421052631575,1.6315789473684208,0.0,0.5294688352992918
2.7368421052631575,1.8947368421052628,0.0,0.5316192973305688
2.7368421052631575,2.1578947368421053,0.0,0.5431657404726004
2.7368421052631575,2.4210526315789473,0.0,0.5412741194888849
2.7368421052631575,2.6842105263157894,0.0,0.5212387880853906
2.7368421052631575,2.9473684210526314,0.0,0.4812419637153135
2.7368421052631575,3.2105263157894735,0.0,0.4400392398582706
2.7368421052631575,3.473684210526316,0.0,0.42090402263228793
2.7368421052631575,3.7368421052631575,0.0,0.40266932907464364
2.7368421052631575,4.0,0.0,0.3840774124856953
2.9473684210526314,-1.0,0.0,0.5290526772293678
2.9473684210526314,-0.736842105263158,0.0,0.5317031275142097
2.9473684210526314,-0.4736842105263158,0.0,0.5192904089905512
2.9473684210526314,-0.21052631578947367,0.0,0.5257453662410191
2.9473684210526314,0.05263157894736836,0.0,0.515309284344862
2.9473684210526314,0.3157894736842104,0.0,0.5254805323005199
2.9473684210526314,0.5789473684210527,0.0,0.5225747552297787
2.9473684210526314,0.8421052631578947,0.0,0.5282993170007937
2.9473684210526314,1.1052631578947367,0.0,0.5284216268312597
2.9473684210526314,1.3684210526315788,0.0,0.5318157148947059
2.9473684210526314,1.6315789473684208,0.0,0.530796952585238
2.9473684210526314,1.8947368421052628,0.0,0.5403833323753926
2.9473684210526314,2.1578947368421053,0.0,0.5422784774743576
2.9473684210526314,2.4210526315789473,0.0,0.5505370899728564
2.9473684210526314,2.6842105263157894,0.0,0.5386782147246847
2.9473684210526314,2.9473684210526314,0.0,0.5080631076253965
2.9473684210526314,3.2105263157894735,0.0,0.4713468518948853
2.9473684210526314,3.473684210526316,0.0,0.4462409792213801
2.9473684210526314,3.7368421052631575,0.0,0.41670756216148863
2.9473684210526314,4.0,0.0,0.3965816009540874
3.1578947368421053,-1.0,0.0,0.5345952234916166
3.1578947368421053,-0.736842105263158,0.0,0.5227899164232925
3.1578947368421053,-0.4736842105263158,0.0,0.5316594821244784
3.1578947368421053,-0.21052631578947367,0.0,0.5332420544948531
3.1578947368421053,0.05263157894736836,0.0,0.5218307902094558
3.1578947368421053,0.3157894736842104,0.0,0.5255550826127635
3.1578947368421053,0.5789473684210527,0.0,0.5260966027219253
3.1578947368421053,0.8421052631578947,0.0,0.5255686357975156
3.1578947368421053,1.1052631578947367,0.0,0.5401984972900262
3.1578947368421053,1.3684210526315788,0.0,0.5279596453036839
3.1578947368421053,1.6315789473684208,0.0,0.5229975340812805
3.1578947368421053,1.8947368421052628,0.0,0.5262465684193947
3.1578947368421053,2.1578947368421053,0.0,0.5364850770364129
3.1578947368421053,2.4210526315789473,0.0,0.5469803235513884
3.1578947368421053,2.6842105263157894,0.0,0.5526994825378403
3.1578947368421053,2.9473684210526314,0.0,0.5466204026897236
3.1578947368421053,3.2105263157894735,0.0,0.5026817911172385
3.1578947368421053,3.473684210526316,0.0,0.47194196073986694
3.1578947368421053,3.7368421052631575,0.0,0.43137352945775315
3.1578947368421053,4.0,0.0,0.40579591299048356
3.3684210526315788,-1.0,0.0,0.5174145867891636
3.3684210526315788,-0.736842105263158,0.0,0.527498072970951
3.3684210526315788,-0.4736842105263158,0.0,0.5240649840503028
3.3684210526315788,-0.21052631578947367,0.0,0.5309202163081522
3.3684210526315788,0.05263157894736836,0.0,0.524241022248109
3.3684210526315788,0.3157894736842104,0.0,0.5304737962312439
3.3684210526315788,0.5789473684210527,0.0,0.5252908060437043
3.3684210526315788,0.8421052631578947,0.0,0.5260339776870914
3.3684210526315788,1.1052631578947367,0.0,0.521740486994273
3.3684210526315788,1.3684210526315788,0.0,0.5189296563162238
3.3684210526315788,1.6315789473684208,0.0,0.5239910307294708
3.3684210526315788,1.8947368421052628,0.0,0.5291115457246248
3.3684210526315788,2.1578947368421053,0.0,0.5417253173611878
3.3684210526315788,2.4210526315789473,0.0,0.5362569931045302
3.3684210526315788,2.6842105263157894,0.0,0.544184821719511
3.3684210526315788,2.9473684210526314,0.0,0.5539586990149868
3.3684210526315788,3.2105263157894735,0.0,0.5368078858142191
3.3684210526315788,3.473684210526316,0.0,0.4915466937964706
3.3684210526315788,3.7368421052631575,0.0,0.4629987365366698
3.3684210526315788,4.0,0.0,0.4376095804704521
3.578947368421052,-1.0,0.0,0.5227415579680086
3.578947368421052,-0.736842105263158,0.0,0.5239703023187547
3.578947368421052,-0.4736842105263158,0.0,0.5330732559819387
3.578947368421052,-0.21052631578947367,0.0,0.522846334525394
3.578947368421052,0.05263157894736836,0.0,0.5268458019144047
3.578947368421052,0.3157894736842104,0.0,0.5115997451296065
3.578947368421052,0.5789473684210527,0.0,0.5281451298563421
3.578947368421052,0.8421052631578947,0.0,0.5280988859074817
3.578947368421052,1.1052631578947367,0.0,0.5276615936299296
3.578947368421052,1.3684210526315788,0.0,0.5272034506064938
3.578947368421052,1.6315789473684208,0.0,0.5303672953097588
3.578947368421052,1.8947368421052628,0.0,0.5207055784585135
3.578947368421052,2.1578947368421053,0.0,0.5295836146670498
3.578947368421052,2.4210526315789473,0.0,0.5291233698083023
3.578947368421052,2.6842105263157894,0.0,0.5347589055777052
3.578947368421052,2.9473684210526314,0.0,0.5431902491618812
3.578947368421052,3.2105263157894735,0.0,0.5396186826268599
3.578947368421052,3.473684210526316,0.0,0.5253772056672031
3.578947368421052,3.7368421052631575,0.0,0.4862211345516057
3.578947368421052,4.0,0.0,0.4630959972122341
3.789473684210526,-1.0,0.0,0.5327606883981476
3.789473684210526,-0.736842105263158,0.0,0.5232704685845087
3.789473684210526,-0.4736842105263158,0.0,0.5223767012662662
3.789473684210526,-0.21052631578947367,0.0,0.5205868889453907
3.789473684210526,0.05263157894736836,0.0,0.5207487053034479
3.789473684210526,0.3157894736842104,0.0,0.5178792484378293
3.789473684210526,0.5789473684210527,0.0,0.517044666392517
3.789473684210526,0.8421052631578947,0.0,0.5219289508326317
3.789473684210526,1.1052631578947367,0.0,0.5327321021006447
3.789473684210526,1.3684210526315788,0.0,0.5232140793749738
3.789473684210526,1.6315789473684208,0.0,0.5254331790824504
3.789473684210526,1.8947368421052628,0.0,0.5138331636504875
3.789473684210526,2.1578947368421053,0.0,0.5249446946714161
3.789473684210526,2.4210526315789473,0.0,0.5380048717660652
3.789473684210526,2.6842105263157894,0.0,0.5268781737885572
3.789473684210526,2.9473684210526314,0.0,0.5393873275700889
3.789473684210526,3.2105263157894735,0.0,0.5486449007891444
3.789473684210526,3.473684210526316,0.0,0.5479840395301605
3.789473684210526,3.7368421052631575,0.0,0.5167594989741636
3.789473684210526,4.0,0.0,0.4779242047806042
4.0,-1.0,0.0,0.52646250591723
4.0,-0.736842105263158,0.0,0.5245737776225868
4.0,-0.4736842105263158,0.0,0.5321408901882256
4.0,-0.21052631578947367,0.0,0.5267512449719648
4.0,0.05263157894736836,0.0,0.5245185130350845
4.0,0.3157894736842104,0.0,0.523910740084657
4.0,0.5789473684210527,0.0,0.5259065449707121
4.0,0.8421052631578947,0.0,0.5264278126109667
4.0,1.1052631578947367,0.0,0.520958813374282
4.0,1.3684210526315788,0.0,0.5154561492555503
4.0,1.6315789473684208,0.0,0.5218585931847353
4.0,1.8947368421052628,0.0,0.5274230205586451
4.0,2.1578947368421053,0.0,0.5238815568299985
4.0,2.4210526315789473,0.0,0.5229489502735437
4.0,2.6842105263157894,0.0,0.5276785939703456
4.0,2.9473684210526314,0.0,0.5309696402825517
4.0,3.2105263157894735,0.0,0.5443143897319844
4.0,3.473684210526316,0.0,0.5549358517501772
4.0,3.7368421052631575,0.0,0.542082269833609
4.0,4.0,0.0,0.5125842073753151
