alpha,rmse,r
400.0,0.1627773248832271,-0.5675217680616023
397.3334,0.16280953812815288,-0.567635592335009
394.66679999999997,0.16284220287371778,-0.5677509499462216
392.00019999999995,0.16287532864533633,-0.5678678720049138
389.3336,0.16290892523739287,-0.5679863904657367
386.667,0.162943002722774,-0.5681065381571232
384.00039999999996,0.16297757146280828,-0.5682283488111934
381.3338,0.16301264211763403,-0.5683518570951037
378.6672,0.1630482256570156,-0.5684770986434593
376.00059999999996,0.16308433337163203,-0.5686041100922508
373.33399999999995,0.16312097688486157,-0.568732929114167
370.6674,0.16315816816508802,-0.5688635944553923
368.00079999999997,0.16319591953855556,-0.5689961459740134
365.33419999999995,0.1632342437028011,-0.5691306246800515
362.6676,0.16327315374069432,-0.5692670727772604
360.001,0.16331266313511775,-0.5694055337067158
357.33439999999996,0.16335278578432116,-0.5695460521923468
354.6678,0.1633935360179864,-0.5696886742884977
352.0012,0.16343492861404096,-0.5698334474295526
349.33459999999997,0.1634769788162625,-0.5699804204818846
346.66799999999995,0.16351970235271557,-0.5701296437980737
344.0014,0.1635631154550694,-0.5702811692736499
341.3348,0.16360723487884382,-0.5704350504064037
338.66819999999996,0.16365207792463732,-0.5705913423585424
336.0016,0.1636976624603916,-0.570750102021561
333.335,0.16374400694475325,-0.5709113880843772
330.66839999999996,0.16379113045159543,-0.5710752611045545
328.00179999999995,0.16383905269576676,-0.5712417835829581
325.3352,0.16388779406013995,-0.5714110200420488
322.66859999999997,0.16393737562403718,-0.5715830371079075
320.00199999999995,0.1639878191931136,-0.5717579035963221
317.3354,0.1640391473307878,-0.5719356906030839
314.6688,0.16409138339131277,-0.572116471598818
312.00219999999996,0.1641445515545864,-0.572300322528464
309.3356,0.1641986768628121,-0.5724873219159048
306.669,0.16425378525912113,-0.5726775509738544
304.00239999999997,0.1643099036282822,-0.5728710937193189
301.33579999999995,0.16436705983963046,-0.5730680370952171
298.6692,0.16442528279235638,-0.5732684710981334
296.0026,0.16448460246330862,-0.5734724889129588
293.33599999999996,0.16454504995747316,-0.5736801870545615
290.6694,0.16460665756130527,-0.5738916655171526
288.0028,0.16466945879910344,-0.5741070279316104
285.33619999999996,0.16473348849262817,-0.5743263817314251
282.6696,0.16479878282418575,-0.5745498383277649
280.003,0.16486537940341298,-0.5747775132942224
277.33639999999997,0.1649333173380175,-0.5750095265619352
274.66979999999995,0.16500263730874817,-0.5752460026256377
272.0032,0.16507338164889446,-0.5754870707615342
269.3366,0.16514559442863264,-0.5757328652576335
266.66999999999996,0.16521932154456903,-0.5759835256574541
264.0034,0.16529461081485405,-0.5762391970180185
261.3368,0.16537151208027417,-0.5765000301830195
258.67019999999997,0.1654500773117639,-0.5767661820723889
256.0036,0.16553036072481522,-0.5770378159891882
253.337,0.1656124189013049,-0.577315101945237
250.67039999999997,0.16569631091930356,-0.5775982170066302
248.00379999999998,0.16578209849148176,-0.5778873456608117
245.33719999999997,0.16586984611278022,-0.5781826802064761
242.67059999999998,0.1659596212180734,-0.5784844211681931
240.004,0.16605149435062033,-0.5787927777374903
237.33739999999997,0.1661455393421697,-0.5791079682423548
234.67079999999999,0.16624183350566554,-0.579430220647346
232.00419999999997,0.1663404578415906,-0.5797597730866303
229.33759999999998,0.16644149725907867,-0.5800968744323871
226.671,0.16654504081304033,-0.5804417849015086
224.00439999999998,0.16665118195866266,-0.5807947767033981
221.3378,0.16676001882477928,-0.5811561347322747
218.67119999999997,0.16687165450775526,-0.5815261573074805
216.00459999999998,0.16698619738769435,-0.5819051569656529
213.33799999999997,0.1671037614689628,-0.5822934613090632
210.67139999999998,0.1672244667472265,-0.5826914139147219
208.0048,0.16734843960542736,-0.5830993753093414
205.33819999999997,0.16747581324138186,-0.5835177240157
202.67159999999998,0.16760672812996935,-0.5839468576765029
200.00499999999997,0.16774133252319945,-0.58438719426244
197.33839999999998,0.16787978299180917,-0.5848391733717414
194.6718,0.168022245012444,-0.5853032576293801
192.00519999999997,0.16816889360493448,-0.5857799341946768
189.33859999999999,0.16831991402469426,-0.5862697163871958
186.67199999999997,0.16847550251584661,-0.586773145441631
184.00539999999998,0.16863586713134382,-0.5872907924036187
181.3388,0.16880122862708904,-0.5878232601795376
178.67219999999998,0.16897182143791586,-0.5883711857549225
176.0056,0.16914789474424097,-0.5889352425974158
173.33899999999997,0.16932971363930288,-0.5895161432621576
170.67239999999998,0.1695175604081458,-0.5901146422192598
168.0058,0.16971173593093858,-0.5907315389253124
165.33919999999998,0.16991256122485338,-0.591367681163194
162.6726,0.17012037914060613,-0.5920239686772267
160.00599999999997,0.1703355562319198,-0.5927013571338231
157.33939999999998,0.1705584848186591,-0.593400862441071
154.6728,0.17078958526725796,-0.5941235654647145
152.00619999999998,0.1710293085153852,-0.5948706171821775
149.3396,0.17127813887165128,-0.5956432443213316
146.67299999999997,0.17153659712564112,-0.5964427555359878
144.00639999999999,0.17180524400878544,-0.5972705481765038
141.3398,0.17208468405268432,-0.5981281157206437
138.67319999999998,0.17237556989865205,-0.5990170559378207
136.0066,0.1726786071206454,-0.599939079868581
133.33999999999997,0.17299455963362803,-0.600896021711069
130.6734,0.17332425577110003,-0.6018898497174113
128.0068,0.17366859512934732,-0.6029226782152939
125.3402,0.1740285562923912,-0.60399678088401
122.6736,0.1744052055711813,-0.6051146054297174
120.007,0.1747997069139613,-0.6062787898218638
117.3404,0.17521333317277127,-0.6074921802717093
114.6738,0.17564747894477964,-0.6087578511546781
112.0072,0.17610367524785467,-0.6100791271007832
109.3406,0.17658360633910947,-0.6114596075014563
106.67399999999999,0.17708912904513202,-0.6129031937063586
104.0074,0.17762229504581226,-0.6144141192094753
101.3408,0.1781853766433632,-0.6159969831488031
98.6742,0.17878089665846092,-0.6176567874665955
96.0076,0.17941166323169114,-0.6193989780945011
93.341,0.18008081047749802,-0.6212294905362863
90.6744,0.1807918461483422,-0.6231548002138076
88.0078,0.18154870773011067,-0.6251819779112643
85.3412,0.18235582872068237,-0.6273187505854162
82.6746,0.18321821726108098,-0.62957356768787
80.008,0.18414154981782702,-0.6319556729431564
77.34140000000001,0.18513228328868797,-0.6344751812068202
74.6748,0.18619778976494347,-0.6371431595382996
72.0082,0.18734651928789545,-0.6399717108904017
69.3416,0.1885881973595474,-0.6429740577367496
66.675,0.18993406580366556,-0.6461646213869693
64.0084,0.19139717794901295,-0.6495590904775247
61.34179999999999,0.19299276218173508,-0.6531744689056402
58.6752,0.19473867188950122,-0.6570290889372057
56.008599999999994,0.19665594493823216,-0.6611425689097667
53.34199999999999,0.19876950235505758,-0.6655356863118432
50.675399999999996,0.20110902410068826,-0.6702301254348775
48.008799999999994,0.20371004985351138,-0.675248043708169
45.3422,0.20661536442043443,-0.6806113820068836
42.675599999999996,0.20987673978089483,-0.6863408222434367
40.00899999999999,0.2135571162589141,-0.6924542725182843
37.3424,0.217733308093027,-0.6989647402340746
34.675799999999995,0.2224993021876703,-0.7058774418377556
32.0092,0.2279701625369223,-0.7131859903846528
29.3426,0.23428642567037478,-0.7208674492910516
26.676,0.24161864288224957,-0.728875730009169
24.0094,0.2501714094040379,-0.7371315380614454
21.3428,0.2601860221330706,-0.7455028063892064
18.6762,0.2719414324756,-0.7537571160758318
16.0096,0.28575498864113696,-0.761435523132416
13.342999999999998,0.3019826196776032,-0.7675256001795695
10.6764,0.32097323487167995,-0.7696910746256694
8.0098,0.3426752114376482,-0.7628412906078171
5.3431999999999995,0.3648833033053738,-0.7386657718523439
2.6765999999999996,0.3819197500161164,-0.6946689252100829
0.01,0.44009260987617177,-0.5318912420711897
