relevance_del,object,world
22.23483582913444,topbump_0,lh_ll_unlink_plinko_0091
29.68681693767297,topbump_1,lh_ll_unlink_plinko_0091
84.21381148142886,topbump_2,lh_ll_unlink_plinko_0091
8.53197406927191,topbump_3,lh_ll_unlink_plinko_0091
28.546460337396557,bottombump_0,lh_ll_unlink_plinko_0091
120.04582713774973,bottombump_1,lh_ll_unlink_plinko_0091
168.68702171635437,topbump_0,lh_hl_unlink_plinko_0036
24.92803964611508,topbump_1,lh_hl_unlink_plinko_0036
24.00432784277151,topbump_2,lh_hl_unlink_plinko_0036
14.397845643156254,bottombump_0,lh_hl_unlink_plinko_0036
12.031422481123482,bottombump_1,lh_hl_unlink_plinko_0036
98.79989497283026,bottombump_2,lh_hl_unlink_plinko_0036
13.652650575188764,bottombump_3,lh_hl_unlink_plinko_0036
52.507588294152356,bottombump_4,lh_hl_unlink_plinko_0036
11.557462706976104,topbump_1,hh_hl_unlink_plinko_0393
102.95633280116934,topbump_2,hh_hl_unlink_plinko_0393
16.367900457657328,topbump_3,hh_hl_unlink_plinko_0393
32.0684359594113,bottombump_0,hh_hl_unlink_plinko_0393
96.36939879791895,bottombump_1,hh_hl_unlink_plinko_0393
13.178658865516581,bottombump_2,hh_hl_unlink_plinko_0393
37.238344136757476,bottombump_3,hh_hl_unlink_plinko_0393
29.65530365949614,bottombump_4,hh_hl_unlink_plinko_0393
19.623039854739638,topbump_0,lh_ll_unlink_plinko_0217
21.4862637068175,topbump_1,lh_ll_unlink_plinko_0217
21.744982103281178,topbump_2,lh_ll_unlink_plinko_0217
17.423543872712603,topbump_3,lh_ll_unlink_plinko_0217
88.41926822261452,topbump_4,lh_ll_unlink_plinko_0217
19.90020007663014,bottombump_0,lh_ll_unlink_plinko_0217
132.13290012376814,bottombump_1,lh_ll_unlink_plinko_0217
21.17978337060288,topbump_0,lh_hl_unlink_plinko_0110
291.0188203085173,topbump_1,lh_hl_unlink_plinko_0110
22.7014205748554,topbump_2,lh_hl_unlink_plinko_0110
55.87959365292398,bottombump_0,lh_hl_unlink_plinko_0110
31.670032077717813,bottombump_1,lh_hl_unlink_plinko_0110
18.847340318104123,bottombump_2,lh_hl_unlink_plinko_0110
20.15931731801987,bottombump_3,lh_hl_unlink_plinko_0110
17.578859925611816,bottombump_4,lh_hl_unlink_plinko_0110
15.579690697926434,topbump_0,lh_ll_unlink_plinko_0060
26.845065682026654,topbump_1,lh_ll_unlink_plinko_0060
19.74386256483122,topbump_3,lh_ll_unlink_plinko_0060
83.29290905861004,topbump_4,lh_ll_unlink_plinko_0060
137.35901965618638,bottombump_1,lh_ll_unlink_plinko_0060
163.43961205260572,bottombump_2,lh_ll_unlink_plinko_0060
158.3903904043617,topbump_1,hh_hl_unlink_plinko_0315
17.769239799231585,topbump_2,hh_hl_unlink_plinko_0315
15.863420076388048,topbump_3,hh_hl_unlink_plinko_0315
38.812623185341955,bottombump_0,hh_hl_unlink_plinko_0315
91.29268913833755,bottombump_1,hh_hl_unlink_plinko_0315
30.264534679712252,bottombump_2,hh_hl_unlink_plinko_0315
22.842072290763966,bottombump_3,hh_hl_unlink_plinko_0315
33.96622613819377,bottombump_4,hh_hl_unlink_plinko_0315
49.54066792410186,topbump_0,hh_hl_unlink_plinko_0269
25.175319153979352,topbump_1,hh_hl_unlink_plinko_0269
87.8997316120107,topbump_2,hh_hl_unlink_plinko_0269
30.32520227099457,topbump_3,hh_hl_unlink_plinko_0269
11.928018387492445,topbump_4,hh_hl_unlink_plinko_0269
83.22845672983377,bottombump_0,hh_hl_unlink_plinko_0269
25.280727157401024,bottombump_1,hh_hl_unlink_plinko_0269
31.348886435841433,topbump_0,hh_hl_unlink_plinko_0240
178.14411559409652,topbump_1,hh_hl_unlink_plinko_0240
38.12821583552943,bottombump_0,hh_hl_unlink_plinko_0240
24.260068564668174,bottombump_1,hh_hl_unlink_plinko_0240
30.391909540384336,topbump_0,lh_hl_unlink_plinko_0049
106.5701196350753,topbump_1,lh_hl_unlink_plinko_0049
14.07460846343734,topbump_2,lh_hl_unlink_plinko_0049
29.327310761067285,topbump_3,lh_hl_unlink_plinko_0049
193.21867911217424,bottombump_0,lh_hl_unlink_plinko_0049
35.88056899543435,bottombump_1,lh_hl_unlink_plinko_0049
43.02280078709478,bottombump_2,lh_hl_unlink_plinko_0049
21.088151865911822,bottombump_3,lh_hl_unlink_plinko_0049
69.38653915732516,topbump_0,hh_hl_unlink_plinko_0202
242.84369885578408,topbump_2,hh_hl_unlink_plinko_0202
22.283727583508135,topbump_3,hh_hl_unlink_plinko_0202
11.55553184393495,bottombump_0,hh_hl_unlink_plinko_0202
57.313063432056616,bottombump_1,hh_hl_unlink_plinko_0202
82.25809399085885,bottombump_2,hh_hl_unlink_plinko_0202
23.105910875986527,topbump_0,lh_ll_unlink_plinko_0155
17.117943733954995,topbump_1,lh_ll_unlink_plinko_0155
119.11540729853988,topbump_2,lh_ll_unlink_plinko_0155
172.4807809178873,bottombump_0,lh_ll_unlink_plinko_0155
22.852933437314224,bottombump_1,lh_ll_unlink_plinko_0155
43.36790899659711,bottombump_2,lh_ll_unlink_plinko_0155
17.10435543823768,topbump_0,hh_hl_unlink_plinko_0246
26.233031459364156,topbump_1,hh_hl_unlink_plinko_0246
19.81543059376494,topbump_2,hh_hl_unlink_plinko_0246
125.91960853859767,topbump_3,hh_hl_unlink_plinko_0246
29.57780077482541,bottombump_0,hh_hl_unlink_plinko_0246
31.11603507371766,bottombump_1,hh_hl_unlink_plinko_0246
60.48517965910937,bottombump_2,hh_hl_unlink_plinko_0246
34.33315546961616,topbump_0,hh_hl_unlink_plinko_0105
150.8380775243622,topbump_1,hh_hl_unlink_plinko_0105
17.847439575231846,topbump_2,hh_hl_unlink_plinko_0105
36.02706197881902,topbump_3,hh_hl_unlink_plinko_0105
12.46551128286314,topbump_4,hh_hl_unlink_plinko_0105
58.3291827858328,bottombump_0,hh_hl_unlink_plinko_0105
35.36810463515432,bottombump_1,hh_hl_unlink_plinko_0105
50.73014065210228,bottombump_2,hh_hl_unlink_plinko_0105
155.9863665710085,topbump_0,hh_hl_unlink_plinko_0252
29.3563534598271,topbump_1,hh_hl_unlink_plinko_0252
39.22359551211497,topbump_2,hh_hl_unlink_plinko_0252
47.018622560121564,topbump_3,hh_hl_unlink_plinko_0252
23.292392017017267,topbump_4,hh_hl_unlink_plinko_0252
38.50789356112575,bottombump_0,hh_hl_unlink_plinko_0252
17.385368189621957,bottombump_1,hh_hl_unlink_plinko_0252
14.033783636118855,bottombump_2,hh_hl_unlink_plinko_0252
70.97510620072988,bottombump_3,hh_hl_unlink_plinko_0252
22.82413432333781,topbump_0,lh_hl_unlink_plinko_0111
157.17032762585512,topbump_1,lh_hl_unlink_plinko_0111
34.89273561101268,topbump_2,lh_hl_unlink_plinko_0111
64.06821933989583,topbump_3,lh_hl_unlink_plinko_0111
28.198904675807476,bottombump_0,lh_hl_unlink_plinko_0111
75.14530831141033,bottombump_1,lh_hl_unlink_plinko_0111
