relevance_translate,obj_name,world,object
32.29488285694254,topbump_2,lh_ll_unlink_plinko_0091,topbump_2
20.96458981138094,topbump_0,lh_ll_unlink_plinko_0091,topbump_0
123.6036251273247,bottombump_1,lh_ll_unlink_plinko_0091,bottombump_1
12.905836961983855,topbump_2#1,lh_ll_unlink_plinko_0091,topbump_2
30.429674654402824,topbump_0#1,lh_ll_unlink_plinko_0091,topbump_0
115.40640330432475,bottombump_1#1,lh_ll_unlink_plinko_0091,bottombump_1
48.31149818515734,topbump_0,lh_hl_unlink_plinko_0036,topbump_0
16.39298316248302,bottombump_0,lh_hl_unlink_plinko_0036,bottombump_0
81.34652492675204,bottombump_2,lh_hl_unlink_plinko_0036,bottombump_2
209.24335368200977,topbump_0#1,lh_hl_unlink_plinko_0036,topbump_0
9.165706331042388,bottombump_0#1,lh_hl_unlink_plinko_0036,bottombump_0
98.10120532136574,bottombump_2#1,lh_hl_unlink_plinko_0036,bottombump_2
200.0418310279125,topbump_2,hh_hl_unlink_plinko_0393,topbump_2
20.218906258158707,topbump_3,hh_hl_unlink_plinko_0393,topbump_3
29.323721487187814,bottombump_3,hh_hl_unlink_plinko_0393,bottombump_3
48.301955439812694,topbump_2#1,hh_hl_unlink_plinko_0393,topbump_2
18.290589190676044,topbump_3#1,hh_hl_unlink_plinko_0393,topbump_3
35.63011750521414,bottombump_3#1,hh_hl_unlink_plinko_0393,bottombump_3
81.56187963130715,topbump_4,lh_ll_unlink_plinko_0217,topbump_4
10.915495827964191,bottombump_0,lh_ll_unlink_plinko_0217,bottombump_0
156.4929804120278,bottombump_1,lh_ll_unlink_plinko_0217,bottombump_1
46.7941608380216,topbump_4#1,lh_ll_unlink_plinko_0217,topbump_4
12.664790951425266,bottombump_0#1,lh_ll_unlink_plinko_0217,bottombump_0
101.29343477225285,bottombump_1#1,lh_ll_unlink_plinko_0217,bottombump_1
82.81817487213785,topbump_1,lh_hl_unlink_plinko_0110,topbump_1
10.00187402597839,topbump_0,lh_hl_unlink_plinko_0110,topbump_0
28.677752699315878,bottombump_0,lh_hl_unlink_plinko_0110,bottombump_0
259.0235033100091,topbump_1#1,lh_hl_unlink_plinko_0110,topbump_1
16.844718971903248,topbump_0#1,lh_hl_unlink_plinko_0110,topbump_0
17.333661335933293,bottombump_0#1,lh_hl_unlink_plinko_0110,bottombump_0
60.352749690846494,topbump_4,lh_ll_unlink_plinko_0060,topbump_4
127.96640516068938,bottombump_2,lh_ll_unlink_plinko_0060,bottombump_2
111.4849660826439,bottombump_1,lh_ll_unlink_plinko_0060,bottombump_1
48.90028569480273,topbump_4#1,lh_ll_unlink_plinko_0060,topbump_4
24.249480811197845,bottombump_2#1,lh_ll_unlink_plinko_0060,bottombump_2
116.82269815062183,bottombump_1#1,lh_ll_unlink_plinko_0060,bottombump_1
198.3545392486408,topbump_1,hh_hl_unlink_plinko_0315,topbump_1
49.517647089954444,topbump_3,hh_hl_unlink_plinko_0315,topbump_3
26.07443676995339,bottombump_1,hh_hl_unlink_plinko_0315,bottombump_1
112.39076324424336,topbump_1#1,hh_hl_unlink_plinko_0315,topbump_1
31.78619000515331,topbump_3#1,hh_hl_unlink_plinko_0315,topbump_3
21.359078561579004,bottombump_1#1,hh_hl_unlink_plinko_0315,bottombump_1
50.466047810243765,topbump_0,hh_hl_unlink_plinko_0269,topbump_0
32.16400627794449,topbump_4,hh_hl_unlink_plinko_0269,topbump_4
56.33847719579492,bottombump_0,hh_hl_unlink_plinko_0269,bottombump_0
113.3960178458199,topbump_0#1,hh_hl_unlink_plinko_0269,topbump_0
32.49964830917784,topbump_4#1,hh_hl_unlink_plinko_0269,topbump_4
53.3002196739407,bottombump_0#1,hh_hl_unlink_plinko_0269,bottombump_0
151.3811907172204,topbump_1,hh_hl_unlink_plinko_0240,topbump_1
13.093648196051,topbump_0,hh_hl_unlink_plinko_0240,topbump_0
24.887159346786092,bottombump_1,hh_hl_unlink_plinko_0240,bottombump_1
198.19170505183334,topbump_1#1,hh_hl_unlink_plinko_0240,topbump_1
19.417741747972016,topbump_0#1,hh_hl_unlink_plinko_0240,topbump_0
26.253804629628224,bottombump_1#1,hh_hl_unlink_plinko_0240,bottombump_1
40.17414451578911,topbump_1,lh_hl_unlink_plinko_0049,topbump_1
92.33915595416076,topbump_3,lh_hl_unlink_plinko_0049,topbump_3
175.85861239890863,bottombump_0,lh_hl_unlink_plinko_0049,bottombump_0
42.49714092993071,topbump_1#1,lh_hl_unlink_plinko_0049,topbump_1
26.413418000460915,topbump_3#1,lh_hl_unlink_plinko_0049,topbump_3
261.61774560340666,bottombump_0#1,lh_hl_unlink_plinko_0049,bottombump_0
128.55530991946415,topbump_0,hh_hl_unlink_plinko_0202,topbump_0
12.796299833893835,topbump_2,hh_hl_unlink_plinko_0202,topbump_2
66.79762587873365,bottombump_2,hh_hl_unlink_plinko_0202,bottombump_2
84.29051047043737,topbump_0#1,hh_hl_unlink_plinko_0202,topbump_0
15.262801878470714,topbump_2#1,hh_hl_unlink_plinko_0202,topbump_2
42.94511592145818,bottombump_2#1,hh_hl_unlink_plinko_0202,bottombump_2
100.4389261442188,topbump_2,lh_ll_unlink_plinko_0155,topbump_2
16.036087952427803,bottombump_1,lh_ll_unlink_plinko_0155,bottombump_1
140.9558306221644,bottombump_0,lh_ll_unlink_plinko_0155,bottombump_0
79.7810699515889,topbump_2#1,lh_ll_unlink_plinko_0155,topbump_2
16.434399964203077,bottombump_1#1,lh_ll_unlink_plinko_0155,bottombump_1
116.06854453248872,bottombump_0#1,lh_ll_unlink_plinko_0155,bottombump_0
44.23985899275727,topbump_3,hh_hl_unlink_plinko_0246,topbump_3
23.727070519869635,topbump_2,hh_hl_unlink_plinko_0246,topbump_2
42.1456508110596,bottombump_1,hh_hl_unlink_plinko_0246,bottombump_1
118.13928369288082,topbump_3#1,hh_hl_unlink_plinko_0246,topbump_3
21.683373189861054,topbump_2#1,hh_hl_unlink_plinko_0246,topbump_2
16.297244546632555,bottombump_1#1,hh_hl_unlink_plinko_0246,bottombump_1
187.58249303786758,topbump_1,hh_hl_unlink_plinko_0105,topbump_1
13.552276746635624,topbump_4,hh_hl_unlink_plinko_0105,topbump_4
29.96254760065432,bottombump_0,hh_hl_unlink_plinko_0105,bottombump_0
117.95493580768868,topbump_1#1,hh_hl_unlink_plinko_0105,topbump_1
21.503495546315015,topbump_4#1,hh_hl_unlink_plinko_0105,topbump_4
40.02572318866757,bottombump_0#1,hh_hl_unlink_plinko_0105,bottombump_0
142.04878812447794,topbump_0,hh_hl_unlink_plinko_0252,topbump_0
16.96354213551811,bottombump_1,hh_hl_unlink_plinko_0252,bottombump_1
30.5843942994626,bottombump_3,hh_hl_unlink_plinko_0252,bottombump_3
86.9014754495134,topbump_0#1,hh_hl_unlink_plinko_0252,topbump_0
49.559629687799706,bottombump_1#1,hh_hl_unlink_plinko_0252,bottombump_1
27.486689886657143,bottombump_3#1,hh_hl_unlink_plinko_0252,bottombump_3
148.50969160740794,topbump_1,lh_hl_unlink_plinko_0111,topbump_1
47.422489418099076,topbump_2,lh_hl_unlink_plinko_0111,topbump_2
36.46411171069132,bottombump_1,lh_hl_unlink_plinko_0111,bottombump_1
120.94447182184673,topbump_1#1,lh_hl_unlink_plinko_0111,topbump_1
28.94122560509958,topbump_2#1,lh_hl_unlink_plinko_0111,topbump_2
77.88491976106675,bottombump_1#1,lh_hl_unlink_plinko_0111,bottombump_1
